"method","estimand","fragmentation","initiation","init_intercept","n_sites","n_per_site","total_n","tau","t_star","beta_trt","conf_mult","truncation","mean_est","median_est","truth","mean_bias","median_bias","emp_sd","rmse","coverage","mean_init_rate","mean_death_rate","mean_zero_initiation_sites","mean_empty_g1_at_tstar","mean_empty_g1_fraction","mean_fit_warning_count","n_reps"
"fed_ccw_tvipcw","OR","100_sites_x_50","moderate",-2.5,100,50,5000,4,25,-0.7,0,"0.001/0.999",0.566491913013868,0.564506601469819,0.563326588646669,0.00316532436719884,0.00118001282314983,0.0229669777915298,0.023146124376735,1,0.225412,0.823667333333333,0,1.58,0.0158,0,300
"fed_ccw_tvipcw","OR","100_sites_x_50","sparse",-4.5,100,50,5000,4,25,-0.7,0,"0.001/0.999",3.26885137362951,0.471921992619389,0.576098848203633,2.69275252542587,-0.104176855584244,21.3723868448107,21.505981475145,0.976666666666667,0.035266,0.848106666666667,18.0333333333333,57.85,0.5785,61.2866666666667,300
"fed_ccw_tvipcw","OR","10_sites_x_500","moderate",-2.5,10,500,5000,4,25,-0.7,0,"0.001/0.999",0.56796002195804,0.562645765251548,0.563326588646669,0.00463343331137084,-0.00068082339512171,0.0381566295173146,0.0383737408364815,0.97,0.228105333333333,0.819213333333333,0,0,0,0,300
"fed_ccw_tvipcw","OR","10_sites_x_500","sparse",-4.5,10,500,5000,4,25,-0.7,0,"0.001/0.999",0.613384949833096,0.592867373411577,0.576098848203633,0.0372861016294633,0.016768525207944,0.0979801360652262,0.104682186073873,0.956666666666667,0.03616,0.844415333333333,0,0.0333333333333333,0.00333333333333333,0,300
"fed_ccw_tvipcw","OR","20_sites_x_250","moderate",-2.5,20,250,5000,4,25,-0.7,0,"0.001/0.999",0.560930396608479,0.556939112922195,0.563326588646669,-0.00239619203819068,-0.00638747572447479,0.0331748164087393,0.0332060479213994,0.98,0.228116666666667,0.81962,0,0,0,0,300
"fed_ccw_tvipcw","OR","20_sites_x_250","sparse",-4.5,20,250,5000,4,25,-0.7,0,"0.001/0.999",0.583242521516425,0.582015276551436,0.576098848203633,0.00714367331279204,0.00591642834780309,0.12285419751155,0.122857134110259,0.91,0.0362633333333333,0.845374666666667,0,1.09666666666667,0.0548333333333333,0,300
"fed_ccw_tvipcw","OR","50_sites_x_100","moderate",-2.5,50,100,5000,4,25,-0.7,0,"0.001/0.999",0.576759099460523,0.579029807045153,0.563326588646669,0.0134325108138537,0.0157032183984841,0.0325431161506402,0.0351561740551458,1,0.228278,0.82203,0,0,0,0,300
"fed_ccw_tvipcw","OR","50_sites_x_100","sparse",-4.5,50,100,5000,4,25,-0.7,0,"0.001/0.999",0.683961260783308,0.691516134703863,0.576098848203633,0.107862412579675,0.115417286500229,0.15592360493284,0.189381704644815,0.876666666666667,0.0361506666666667,0.845652,1.32333333333333,16.3766666666667,0.327533333333333,4.06,300
"fed_ccw_tvipcw","RD","100_sites_x_50","moderate",-2.5,100,50,5000,4,25,-0.7,0,"0.001/0.999",-0.086787686517873,-0.0868697458878508,-0.0890061663840512,0.00221847986617826,0.00213642049620044,0.005357218033714,0.0057901443874213,1,0.225412,0.823667333333333,0,1.58,0.0158,0,300
"fed_ccw_tvipcw","RD","100_sites_x_50","sparse",-4.5,100,50,5000,4,25,-0.7,0,"0.001/0.999",-0.116575620688449,-0.120425163774355,-0.0848843156939778,-0.0316913049944709,-0.0355408480803769,0.0594942139290141,0.0673208865433339,0.98,0.035266,0.848106666666667,18.0333333333333,57.85,0.5785,61.2866666666667,300
"fed_ccw_tvipcw","RD","10_sites_x_500","moderate",-2.5,10,500,5000,4,25,-0.7,0,"0.001/0.999",-0.0884103669134871,-0.089197793927542,-0.0890061663840512,0.000595799470564123,-0.00019162754349078,0.0109636814649282,0.0109615972331889,0.966666666666667,0.228105333333333,0.819213333333333,0,0,0,0,300
"fed_ccw_tvipcw","RD","10_sites_x_500","sparse",-4.5,10,500,5000,4,25,-0.7,0,"0.001/0.999",-0.0768150965679117,-0.0799902549772657,-0.0848843156939778,0.00806921912606614,0.00489406071671211,0.0247682515242859,0.0260102613070853,0.946666666666667,0.03616,0.844415333333333,0,0.0333333333333333,0.00333333333333333,0,300
"fed_ccw_tvipcw","RD","20_sites_x_250","moderate",-2.5,20,250,5000,4,25,-0.7,0,"0.001/0.999",-0.0903756545085244,-0.0916342119353415,-0.0890061663840512,-0.00136948812447319,-0.00262804555129031,0.0100428273231202,0.0101191740652556,0.953333333333333,0.228116666666667,0.81962,0,0,0,0,300
"fed_ccw_tvipcw","RD","20_sites_x_250","sparse",-4.5,20,250,5000,4,25,-0.7,0,"0.001/0.999",-0.0887529022618233,-0.0826947907183219,-0.0848843156939778,-0.00386858656784552,0.00218952497565589,0.0414631086720675,0.0415743275533762,0.923333333333333,0.0362633333333333,0.845374666666667,0,1.09666666666667,0.0548333333333333,0,300
"fed_ccw_tvipcw","RD","50_sites_x_100","moderate",-2.5,50,100,5000,4,25,-0.7,0,"0.001/0.999",-0.0846021283885028,-0.0837969819997942,-0.0890061663840512,0.00440403799554842,0.00520918438425699,0.00985783710538044,0.0107818634700962,0.983333333333333,0.228278,0.82203,0,0,0,0,300
"fed_ccw_tvipcw","RD","50_sites_x_100","sparse",-4.5,50,100,5000,4,25,-0.7,0,"0.001/0.999",-0.0621881571804209,-0.0541008001830611,-0.0848843156939778,0.0226961585135569,0.0307835155109167,0.0403785344605477,0.0462612894650614,0.836666666666667,0.0361506666666667,0.845652,1.32333333333333,16.3766666666667,0.327533333333333,4.06,300
"fed_ccw_tvipcw","RMST0","100_sites_x_50","moderate",-2.5,100,50,5000,4,25,-0.7,0,"0.001/0.999",9.50081613842219,9.51115866556952,9.54552802446171,-0.0447118860395197,-0.0343693588921896,0.142222826528635,0.148859197558362,NA,0.225412,0.823667333333333,0,1.58,0.0158,0,300
"fed_ccw_tvipcw","RMST0","100_sites_x_50","sparse",-4.5,100,50,5000,4,25,-0.7,0,"0.001/0.999",9.46702851170304,9.48260500392313,9.54485486425234,-0.0778263525492956,-0.0622498603292039,0.171282650052075,0.187874678636122,NA,0.035266,0.848106666666667,18.0333333333333,57.85,0.5785,61.2866666666667,300
"fed_ccw_tvipcw","RMST0","10_sites_x_500","moderate",-2.5,10,500,5000,4,25,-0.7,0,"0.001/0.999",9.58915616175838,9.59716458481006,9.54552802446171,0.0436281372966705,0.0516365603483475,0.100405820398548,0.109321263735147,NA,0.228105333333333,0.819213333333333,0,0,0,0,300
"fed_ccw_tvipcw","RMST0","10_sites_x_500","sparse",-4.5,10,500,5000,4,25,-0.7,0,"0.001/0.999",9.54272360869363,9.53510065987108,9.54485486425234,-0.00213125555870478,-0.00975420438125862,0.127404413017264,0.127209749724654,NA,0.03616,0.844415333333333,0,0.0333333333333333,0.00333333333333333,0,300
"fed_ccw_tvipcw","RMST0","20_sites_x_250","moderate",-2.5,20,250,5000,4,25,-0.7,0,"0.001/0.999",9.53682977703667,9.54524721044922,9.54552802446171,-0.00869824742504281,-0.000280814012485919,0.111632096989615,0.111784817855431,NA,0.228116666666667,0.81962,0,0,0,0,300
"fed_ccw_tvipcw","RMST0","20_sites_x_250","sparse",-4.5,20,250,5000,4,25,-0.7,0,"0.001/0.999",9.52022911946244,9.53602988454948,9.54485486425234,-0.0246257447898959,-0.00882497970285812,0.122275719003373,0.124530883422773,NA,0.0362633333333333,0.845374666666667,0,1.09666666666667,0.0548333333333333,0,300
"fed_ccw_tvipcw","RMST0","50_sites_x_100","moderate",-2.5,50,100,5000,4,25,-0.7,0,"0.001/0.999",9.48888156590105,9.53841171540198,9.54552802446171,-0.0566464585606627,-0.00711630905973415,0.15149624449166,0.161503652143096,NA,0.228278,0.82203,0,0,0,0,300
"fed_ccw_tvipcw","RMST0","50_sites_x_100","sparse",-4.5,50,100,5000,4,25,-0.7,0,"0.001/0.999",9.49402614876139,9.49251238006345,9.54485486425234,-0.0508287154909482,-0.0523424841888875,0.0854898792624899,0.0993363782471145,NA,0.0361506666666667,0.845652,1.32333333333333,16.3766666666667,0.327533333333333,4.06,300
"fed_ccw_tvipcw","RMST1","100_sites_x_50","moderate",-2.5,100,50,5000,4,25,-0.7,0,"0.001/0.999",11.1968629272471,11.197158895579,11.473097503041,-0.276234575793858,-0.275938607461975,0.13102095023225,0.305638362501244,NA,0.225412,0.823667333333333,0,1.58,0.0158,0,300
"fed_ccw_tvipcw","RMST1","100_sites_x_50","sparse",-4.5,100,50,5000,4,25,-0.7,0,"0.001/0.999",11.7000497490637,11.7366084209496,11.2866192035682,0.413430545495569,0.449989217381471,1.0404519143708,1.11796982731179,NA,0.035266,0.848106666666667,18.0333333333333,57.85,0.5785,61.2866666666667,300
"fed_ccw_tvipcw","RMST1","10_sites_x_500","moderate",-2.5,10,500,5000,4,25,-0.7,0,"0.001/0.999",11.4862845365668,11.4853463918036,11.473097503041,0.013187033525772,0.0122488887625742,0.18327561100736,0.183444490090864,NA,0.228105333333333,0.819213333333333,0,0,0,0,300
"fed_ccw_tvipcw","RMST1","10_sites_x_500","sparse",-4.5,10,500,5000,4,25,-0.7,0,"0.001/0.999",11.1868776782598,11.2056227507663,11.2866192035682,-0.0997415253083754,-0.0809964528018536,0.488941813853978,0.498212393343652,NA,0.03616,0.844415333333333,0,0.0333333333333333,0.00333333333333333,0,300
"fed_ccw_tvipcw","RMST1","20_sites_x_250","moderate",-2.5,20,250,5000,4,25,-0.7,0,"0.001/0.999",11.4521600165238,11.4617785942391,11.473097503041,-0.0209374865171777,-0.0113189088018366,0.208103150085607,0.208808388274094,NA,0.228116666666667,0.81962,0,0,0,0,300
"fed_ccw_tvipcw","RMST1","20_sites_x_250","sparse",-4.5,20,250,5000,4,25,-0.7,0,"0.001/0.999",11.2140011830475,11.023626674008,11.2866192035682,-0.0726180205206187,-0.262992529560213,0.721738582545169,0.72418478523569,NA,0.0362633333333333,0.845374666666667,0,1.09666666666667,0.0548333333333333,0,300
"fed_ccw_tvipcw","RMST1","50_sites_x_100","moderate",-2.5,50,100,5000,4,25,-0.7,0,"0.001/0.999",11.4201816845924,11.3974409273373,11.473097503041,-0.0529158184486047,-0.0756565757036691,0.175738294252824,0.18325142677595,NA,0.228278,0.82203,0,0,0,0,300
"fed_ccw_tvipcw","RMST1","50_sites_x_100","sparse",-4.5,50,100,5000,4,25,-0.7,0,"0.001/0.999",10.8099774116583,10.7703377957189,11.2866192035682,-0.47664179190985,-0.516281407849307,0.623910489103966,0.784317632434464,NA,0.0361506666666667,0.845652,1.32333333333333,16.3766666666667,0.327533333333333,4.06,300
"fed_ccw_tvipcw","RMST_diff","100_sites_x_50","moderate",-2.5,100,50,5000,4,25,-0.7,0,"0.001/0.999",1.69604678882494,1.68528683839866,1.92756947857927,-0.231522689754339,-0.242282640180609,0.104313569850767,0.253865723674107,1,0.225412,0.823667333333333,0,1.58,0.0158,0,300
"fed_ccw_tvipcw","RMST_diff","100_sites_x_50","sparse",-4.5,100,50,5000,4,25,-0.7,0,"0.001/0.999",2.23302123736069,2.38004398732892,1.74176433931583,0.491256898044864,0.638279648013098,1.10952025695367,1.21171988916522,0.95,0.035266,0.848106666666667,18.0333333333333,57.85,0.5785,61.2866666666667,300
"fed_ccw_tvipcw","RMST_diff","10_sites_x_500","moderate",-2.5,10,500,5000,4,25,-0.7,0,"0.001/0.999",1.89712837480838,1.89008088854983,1.92756947857927,-0.0304411037708985,-0.0374885900294428,0.199313230497335,0.201295815746966,0.96,0.228105333333333,0.819213333333333,0,0,0,0,300
"fed_ccw_tvipcw","RMST_diff","10_sites_x_500","sparse",-4.5,10,500,5000,4,25,-0.7,0,"0.001/0.999",1.64415406956615,1.63505676080015,1.74176433931583,-0.0976102697496706,-0.106707578515675,0.478940507502197,0.488003238843054,0.946666666666667,0.03616,0.844415333333333,0,0.0333333333333333,0.00333333333333333,0,300
"fed_ccw_tvipcw","RMST_diff","20_sites_x_250","moderate",-2.5,20,250,5000,4,25,-0.7,0,"0.001/0.999",1.91533023948714,1.9500397356428,1.92756947857927,-0.0122392390921349,0.0224702570635307,0.208125077050579,0.20813807879676,0.973333333333333,0.228116666666667,0.81962,0,0,0,0,300
"fed_ccw_tvipcw","RMST_diff","20_sites_x_250","sparse",-4.5,20,250,5000,4,25,-0.7,0,"0.001/0.999",1.6937720635851,1.50862076320273,1.74176433931583,-0.0479922757307228,-0.2331435761131,0.6936052802842,0.694109440759748,0.903333333333333,0.0362633333333333,0.845374666666667,0,1.09666666666667,0.0548333333333333,0,300
"fed_ccw_tvipcw","RMST_diff","50_sites_x_100","moderate",-2.5,50,100,5000,4,25,-0.7,0,"0.001/0.999",1.93130011869133,1.94645149520607,1.92756947857927,0.00373064011205795,0.0188820166267947,0.209357192963379,0.209041265002071,0.973333333333333,0.228278,0.82203,0,0,0,0,300
"fed_ccw_tvipcw","RMST_diff","50_sites_x_100","sparse",-4.5,50,100,5000,4,25,-0.7,0,"0.001/0.999",1.31595126289692,1.23011516120287,1.74176433931583,-0.425813076418902,-0.511649178112959,0.626913137538859,0.756985330853962,0.986666666666667,0.0361506666666667,0.845652,1.32333333333333,16.3766666666667,0.327533333333333,4.06,300
"fed_ccw_tvipcw","RR","100_sites_x_50","moderate",-2.5,100,50,5000,4,25,-0.7,0,"0.001/0.999",0.898110445080738,0.897580838818713,0.895150843144278,0.00295960193645954,0.00242999567443469,0.00603246225585439,0.00671033102668628,1,0.225412,0.823667333333333,0,1.58,0.0158,0,300
"fed_ccw_tvipcw","RR","100_sites_x_50","sparse",-4.5,100,50,5000,4,25,-0.7,0,"0.001/0.999",0.863356872776369,0.858983239212733,0.900022361565731,-0.0366654887893623,-0.0410391223529988,0.0696506120202135,0.0786091287983603,0.976666666666667,0.035266,0.848106666666667,18.0333333333333,57.85,0.5785,61.2866666666667,300
"fed_ccw_tvipcw","RR","10_sites_x_500","moderate",-2.5,10,500,5000,4,25,-0.7,0,"0.001/0.999",0.895748079649369,0.89507478347211,0.895150843144278,0.000597236505090415,-7.60596721683382e-05,0.0126823691234106,0.0126752923596858,0.966666666666667,0.228105333333333,0.819213333333333,0,0,0,0,300
"fed_ccw_tvipcw","RR","10_sites_x_500","sparse",-4.5,10,500,5000,4,25,-0.7,0,"0.001/0.999",0.909501577538439,0.90602361415581,0.900022361565731,0.00947921597270796,0.00600125259007855,0.0291572538206865,0.0306131861728455,0.936666666666667,0.03616,0.844415333333333,0,0.0333333333333333,0.00333333333333333,0,300
"fed_ccw_tvipcw","RR","20_sites_x_250","moderate",-2.5,20,250,5000,4,25,-0.7,0,"0.001/0.999",0.893479619619493,0.892129735058985,0.895150843144278,-0.00167122352478558,-0.00302110808529332,0.0117645635667598,0.0118632455143217,0.953333333333333,0.228116666666667,0.81962,0,0,0,0,300
"fed_ccw_tvipcw","RR","20_sites_x_250","sparse",-4.5,20,250,5000,4,25,-0.7,0,"0.001/0.999",0.895605739386335,0.902736375472898,0.900022361565731,-0.00441662217939594,0.00271401390716608,0.0487292796731421,0.0488480716775387,0.916666666666667,0.0362633333333333,0.845374666666667,0,1.09666666666667,0.0548333333333333,0,300
"fed_ccw_tvipcw","RR","50_sites_x_100","moderate",-2.5,50,100,5000,4,25,-0.7,0,"0.001/0.999",0.900474032720052,0.901141176899998,0.895150843144278,0.00532318957577405,0.00599033375571989,0.0116092179220871,0.0127538637891789,0.98,0.228278,0.82203,0,0,0,0,300
"fed_ccw_tvipcw","RR","50_sites_x_100","sparse",-4.5,50,100,5000,4,25,-0.7,0,"0.001/0.999",0.92687206117755,0.93634793235235,0.900022361565731,0.026849699611819,0.0363255707866189,0.0472702347144505,0.0542948727681012,0.836666666666667,0.0361506666666667,0.845652,1.32333333333333,16.3766666666667,0.327533333333333,4.06,300
"fed_ccw_tvipcw","psi0","100_sites_x_50","moderate",-2.5,100,50,5000,4,25,-0.7,0,"0.001/0.999",0.851692631856162,0.853424253231564,0.848897302116875,0.00279532973928686,0.00452695111468893,0.00827255051166331,0.00871899325301584,NA,0.225412,0.823667333333333,0,1.58,0.0158,0,300
"fed_ccw_tvipcw","psi0","100_sites_x_50","sparse",-4.5,100,50,5000,4,25,-0.7,0,"0.001/0.999",0.852084821940507,0.851396207421285,0.849033014015289,0.00305180792521783,0.00236319340599611,0.00624891825572367,0.00694495123917967,NA,0.035266,0.848106666666667,18.0333333333333,57.85,0.5785,61.2866666666667,300
"fed_ccw_tvipcw","psi0","10_sites_x_500","moderate",-2.5,10,500,5000,4,25,-0.7,0,"0.001/0.999",0.847785524400241,0.848099011997365,0.848897302116875,-0.00111177771663422,-0.000798290119509659,0.00526261890174169,0.00537018530442139,NA,0.228105333333333,0.819213333333333,0,0,0,0,300
"fed_ccw_tvipcw","psi0","10_sites_x_500","sparse",-4.5,10,500,5000,4,25,-0.7,0,"0.001/0.999",0.848707072826185,0.848850375698963,0.849033014015289,-0.000325941189104219,-0.000182638316325923,0.00502587831411131,0.0050280704361529,NA,0.03616,0.844415333333333,0,0.0333333333333333,0.00333333333333333,0,300
"fed_ccw_tvipcw","psi0","20_sites_x_250","moderate",-2.5,20,250,5000,4,25,-0.7,0,"0.001/0.999",0.848368259782023,0.848156710609856,0.848897302116875,-0.000529042334851667,-0.000740591507018995,0.00502156971792724,0.00504103107997717,NA,0.228116666666667,0.81962,0,0,0,0,300
"fed_ccw_tvipcw","psi0","20_sites_x_250","sparse",-4.5,20,250,5000,4,25,-0.7,0,"0.001/0.999",0.850083740802698,0.850348385234058,0.849033014015289,0.00105072678740924,0.00131537121876907,0.00534506374552977,0.00543861203532147,NA,0.0362633333333333,0.845374666666667,0,1.09666666666667,0.0548333333333333,0,300
"fed_ccw_tvipcw","psi0","50_sites_x_100","moderate",-2.5,50,100,5000,4,25,-0.7,0,"0.001/0.999",0.850094153901618,0.849371573221287,0.848897302116875,0.00119685178474341,0.000474271104412283,0.00564147840612964,0.00575783337776585,NA,0.228278,0.82203,0,0,0,0,300
"fed_ccw_tvipcw","psi0","50_sites_x_100","sparse",-4.5,50,100,5000,4,25,-0.7,0,"0.001/0.999",0.849232466434544,0.850102328142212,0.849033014015289,0.000199452419255164,0.00106931412692324,0.00495949882931698,0.00495524178455669,NA,0.0361506666666667,0.845652,1.32333333333333,16.3766666666667,0.327533333333333,4.06,300
"fed_ccw_tvipcw","psi1","100_sites_x_50","moderate",-2.5,100,50,5000,4,25,-0.7,0,"0.001/0.999",0.764904945338289,0.766432643940036,0.759891135732824,0.00501380960546513,0.00654150820721283,0.00822457807840043,0.00962062848149747,NA,0.225412,0.823667333333333,0,1.58,0.0158,0,300
"fed_ccw_tvipcw","psi1","100_sites_x_50","sparse",-4.5,100,50,5000,4,25,-0.7,0,"0.001/0.999",0.735509201252058,0.733756436367247,0.764148698321311,-0.0286394970692531,-0.0303922619540641,0.0576398900162611,0.0642767702237453,NA,0.035266,0.848106666666667,18.0333333333333,57.85,0.5785,61.2866666666667,300
"fed_ccw_tvipcw","psi1","10_sites_x_500","moderate",-2.5,10,500,5000,4,25,-0.7,0,"0.001/0.999",0.759375157486754,0.760234677461529,0.759891135732824,-0.000515978246070097,0.000343541728705266,0.00981034605558211,0.00980756410370377,NA,0.228105333333333,0.819213333333333,0,0,0,0,300
"fed_ccw_tvipcw","psi1","10_sites_x_500","sparse",-4.5,10,500,5000,4,25,-0.7,0,"0.001/0.999",0.771891976258273,0.770159466953711,0.764148698321311,0.00774327793696192,0.0060107686323993,0.0248947186775293,0.0260315106716634,NA,0.03616,0.844415333333333,0,0.0333333333333333,0.00333333333333333,0,300
"fed_ccw_tvipcw","psi1","20_sites_x_250","moderate",-2.5,20,250,5000,4,25,-0.7,0,"0.001/0.999",0.757992605273499,0.757778710388621,0.759891135732824,-0.00189853045932485,-0.00211242534420264,0.0104132799546374,0.0105678456959744,NA,0.228116666666667,0.81962,0,0,0,0,300
"fed_ccw_tvipcw","psi1","20_sites_x_250","sparse",-4.5,20,250,5000,4,25,-0.7,0,"0.001/0.999",0.761330838540875,0.76914763182228,0.764148698321311,-0.00281785978043627,0.00499893350096858,0.0415539729356876,0.0415802504192346,NA,0.0362633333333333,0.845374666666667,0,1.09666666666667,0.0548333333333333,0,300
"fed_ccw_tvipcw","psi1","50_sites_x_100","moderate",-2.5,50,100,5000,4,25,-0.7,0,"0.001/0.999",0.765492025513115,0.765322425893066,0.759891135732824,0.00560088978029183,0.00543129016024246,0.0114058312514992,0.0126897324471478,NA,0.228278,0.82203,0,0,0,0,300
"fed_ccw_tvipcw","psi1","50_sites_x_100","sparse",-4.5,50,100,5000,4,25,-0.7,0,"0.001/0.999",0.787044309254123,0.792596051105319,0.764148698321311,0.022895610932812,0.028447352784008,0.0387980584632328,0.0449942297341345,NA,0.0361506666666667,0.845652,1.32333333333333,16.3766666666667,0.327533333333333,4.06,300
"local_ccw_meta","OR","100_sites_x_50","moderate",-2.5,100,50,5000,4,25,-0.7,0,"0.001/0.999",0.560792894423813,0.550541469372838,0.563326588646669,-0.00253369422285607,-0.0127851192738316,0.041895573889913,0.041902361758516,NA,0.225412,0.823667333333333,0,1.58,0.0158,0,300
"local_ccw_meta","OR","100_sites_x_50","sparse",-4.5,100,50,5000,4,25,-0.7,0,"0.001/0.999",0.359481632341932,0.36633165796902,0.576098848203633,-0.216617215861701,-0.209767190234613,0.0423672782747847,0.220707999829019,NA,0.035266,0.848106666666667,18.0333333333333,57.85,0.5785,61.2866666666667,300
"local_ccw_meta","OR","10_sites_x_500","moderate",-2.5,10,500,5000,4,25,-0.7,0,"0.001/0.999",0.568090054106968,0.563441864579344,0.563326588646669,0.00476346546029913,0.000115275932674852,0.038145181650155,0.0383783181415111,NA,0.228105333333333,0.819213333333333,0,0,0,0,300
"local_ccw_meta","OR","10_sites_x_500","sparse",-4.5,10,500,5000,4,25,-0.7,0,"0.001/0.999",0.61063208022449,0.588673091975966,0.576098848203633,0.034533232020857,0.0125742437723331,0.0986995493196987,0.104411077698992,NA,0.03616,0.844415333333333,0,0.0333333333333333,0.00333333333333333,0,300
"local_ccw_meta","OR","20_sites_x_250","moderate",-2.5,20,250,5000,4,25,-0.7,0,"0.001/0.999",0.560406951139828,0.556893852486724,0.563326588646669,-0.00291963750684153,-0.00643273615994544,0.0334672234834388,0.0335387211150956,NA,0.228116666666667,0.81962,0,0,0,0,300
"local_ccw_meta","OR","20_sites_x_250","sparse",-4.5,20,250,5000,4,25,-0.7,0,"0.001/0.999",0.58522807051267,0.576216401285503,0.576098848203633,0.00912922230903727,0.00011755308187017,0.127219559596489,0.127335029179246,NA,0.0362633333333333,0.845374666666667,0,1.09666666666667,0.0548333333333333,0,300
"local_ccw_meta","OR","50_sites_x_100","moderate",-2.5,50,100,5000,4,25,-0.7,0,"0.001/0.999",0.576395037884409,0.57728878351932,0.563326588646669,0.0130684492377394,0.0139621948726505,0.0338154713293061,0.0362002603079741,NA,0.228278,0.82203,0,0,0,0,300
"local_ccw_meta","OR","50_sites_x_100","sparse",-4.5,50,100,5000,4,25,-0.7,0,"0.001/0.999",0.605367961227771,0.581645406289302,0.576098848203633,0.0292691130241382,0.00554655808566906,0.131064653562179,0.134079694880381,NA,0.0361506666666667,0.845652,1.32333333333333,16.3766666666667,0.327533333333333,4.06,300
"local_ccw_meta","RD","100_sites_x_50","moderate",-2.5,100,50,5000,4,25,-0.7,0,"0.001/0.999",-0.0888706349141548,-0.091032803315273,-0.0890061663840512,0.000135531469896441,-0.00202663693122174,0.0102804784672415,0.0102642248694043,NA,0.225412,0.823667333333333,0,1.58,0.0158,0,300
"local_ccw_meta","RD","100_sites_x_50","sparse",-4.5,100,50,5000,4,25,-0.7,0,"0.001/0.999",-0.179247991110291,-0.175268861380056,-0.0848843156939778,-0.0943636754163134,-0.0903845456860783,0.0217993867894977,0.0968407582490907,NA,0.035266,0.848106666666667,18.0333333333333,57.85,0.5785,61.2866666666667,300
"local_ccw_meta","RD","10_sites_x_500","moderate",-2.5,10,500,5000,4,25,-0.7,0,"0.001/0.999",-0.088370189840027,-0.0887986847375423,-0.0890061663840512,0.000635976544024227,0.000207481646508967,0.0109794799929615,0.0109796000448106,NA,0.228105333333333,0.819213333333333,0,0,0,0,300
"local_ccw_meta","RD","10_sites_x_500","sparse",-4.5,10,500,5000,4,25,-0.7,0,"0.001/0.999",-0.0777010636532466,-0.080841671615632,-0.0848843156939778,0.00718325204073118,0.00404264407834581,0.0251875416369151,0.0261514178598337,NA,0.03616,0.844415333333333,0,0.0333333333333333,0.00333333333333333,0,300
"local_ccw_meta","RD","20_sites_x_250","moderate",-2.5,20,250,5000,4,25,-0.7,0,"0.001/0.999",-0.0905544538571604,-0.0917782187139273,-0.0890061663840512,-0.0015482874731092,-0.00277205232987604,0.0101267508334255,0.0102277289561366,NA,0.228116666666667,0.81962,0,0,0,0,300
"local_ccw_meta","RD","20_sites_x_250","sparse",-4.5,20,250,5000,4,25,-0.7,0,"0.001/0.999",-0.0882124142750276,-0.0844012501020956,-0.0848843156939778,-0.00332809858104976,0.000483065591882159,0.0405912315904747,0.0406599577216123,NA,0.0362633333333333,0.845374666666667,0,1.09666666666667,0.0548333333333333,0,300
"local_ccw_meta","RD","50_sites_x_100","moderate",-2.5,50,100,5000,4,25,-0.7,0,"0.001/0.999",-0.0847546039829502,-0.0837023886339349,-0.0890061663840512,0.004251562401101,0.00530377775011631,0.0102363132433603,0.0110683611239693,NA,0.228278,0.82203,0,0,0,0,300
"local_ccw_meta","RD","50_sites_x_100","sparse",-4.5,50,100,5000,4,25,-0.7,0,"0.001/0.999",-0.0818298066030171,-0.0824888895193534,-0.0848843156939778,0.00305450909096072,0.0023954261746244,0.0375734236824809,0.0376349082517712,NA,0.0361506666666667,0.845652,1.32333333333333,16.3766666666667,0.327533333333333,4.06,300
"local_ccw_meta","RMST0","100_sites_x_50","moderate",-2.5,100,50,5000,4,25,-0.7,0,"0.001/0.999",9.50012243187558,9.51003197573138,9.54552802446171,-0.045405592586126,-0.0354960487303337,0.141065327597676,0.147968790851887,NA,0.225412,0.823667333333333,0,1.58,0.0158,0,300
"local_ccw_meta","RMST0","100_sites_x_50","sparse",-4.5,100,50,5000,4,25,-0.7,0,"0.001/0.999",9.46538835606911,9.48091201274928,9.54485486425234,-0.0794665081832272,-0.0639428515030573,0.17101090893996,0.188314031507792,NA,0.035266,0.848106666666667,18.0333333333333,57.85,0.5785,61.2866666666667,300
"local_ccw_meta","RMST0","10_sites_x_500","moderate",-2.5,10,500,5000,4,25,-0.7,0,"0.001/0.999",9.58915454439966,9.59712534246077,9.54552802446171,0.0436265199379486,0.0515973179990583,0.100390091974791,0.109306220805196,NA,0.228105333333333,0.819213333333333,0,0,0,0,300
"local_ccw_meta","RMST0","10_sites_x_500","sparse",-4.5,10,500,5000,4,25,-0.7,0,"0.001/0.999",9.54272532808033,9.53510860151743,9.54485486425234,-0.00212953617200988,-0.00974626273491275,0.127403859927106,0.127209168839694,NA,0.03616,0.844415333333333,0,0.0333333333333333,0.00333333333333333,0,300
"local_ccw_meta","RMST0","20_sites_x_250","moderate",-2.5,20,250,5000,4,25,-0.7,0,"0.001/0.999",9.53683910010465,9.54521630580133,9.54552802446171,-0.00868892435705739,-0.000311718660381821,0.11157192256718,0.11172420059594,NA,0.228116666666667,0.81962,0,0,0,0,300
"local_ccw_meta","RMST0","20_sites_x_250","sparse",-4.5,20,250,5000,4,25,-0.7,0,"0.001/0.999",9.52023278492079,9.53600868937221,9.54485486425234,-0.0246220793315495,-0.00884617488013273,0.122278109329281,0.124532497867085,NA,0.0362633333333333,0.845374666666667,0,1.09666666666667,0.0548333333333333,0,300
"local_ccw_meta","RMST0","50_sites_x_100","moderate",-2.5,50,100,5000,4,25,-0.7,0,"0.001/0.999",9.48897912316649,9.53849550751531,9.54552802446171,-0.0565489012952162,-0.00703251694639739,0.151229793623446,0.16122032713698,NA,0.228278,0.82203,0,0,0,0,300
"local_ccw_meta","RMST0","50_sites_x_100","sparse",-4.5,50,100,5000,4,25,-0.7,0,"0.001/0.999",9.49410321155761,9.49252054301006,9.54485486425234,-0.0507516526947243,-0.0523343212422818,0.0855389613954772,0.0993390882523464,NA,0.0361506666666667,0.845652,1.32333333333333,16.3766666666667,0.327533333333333,4.06,300
"local_ccw_meta","RMST1","100_sites_x_50","moderate",-2.5,100,50,5000,4,25,-0.7,0,"0.001/0.999",11.2786485233027,11.2694020831585,11.473097503041,-0.194448979738323,-0.203695419882443,0.115130069780708,0.225878630195716,NA,0.225412,0.823667333333333,0,1.58,0.0158,0,300
"local_ccw_meta","RMST1","100_sites_x_50","sparse",-4.5,100,50,5000,4,25,-0.7,0,"0.001/0.999",12.6344704758894,12.6722391103923,11.2866192035682,1.3478512723212,1.38561990682413,0.245379248479287,1.36993186860887,NA,0.035266,0.848106666666667,18.0333333333333,57.85,0.5785,61.2866666666667,300
"local_ccw_meta","RMST1","10_sites_x_500","moderate",-2.5,10,500,5000,4,25,-0.7,0,"0.001/0.999",11.4859367625256,11.488345755374,11.473097503041,0.0128392594845974,0.0152482523330173,0.183533187116815,0.183676334679942,NA,0.228105333333333,0.819213333333333,0,0,0,0,300
"local_ccw_meta","RMST1","10_sites_x_500","sparse",-4.5,10,500,5000,4,25,-0.7,0,"0.001/0.999",11.2056223050227,11.2334797994436,11.2866192035682,-0.0809968985454827,-0.0531394041245257,0.488738922730552,0.494600862363281,NA,0.03616,0.844415333333333,0,0.0333333333333333,0.00333333333333333,0,300
"local_ccw_meta","RMST1","20_sites_x_250","moderate",-2.5,20,250,5000,4,25,-0.7,0,"0.001/0.999",11.4559999730009,11.4665058425242,11.473097503041,-0.0170975300401325,-0.00659166051677129,0.209629354949764,0.209976928340406,NA,0.228116666666667,0.81962,0,0,0,0,300
"local_ccw_meta","RMST1","20_sites_x_250","sparse",-4.5,20,250,5000,4,25,-0.7,0,"0.001/0.999",11.2649503926745,11.1509907514942,11.2866192035682,-0.0216688108936207,-0.135628452074002,0.680176172872706,0.679387247026435,NA,0.0362633333333333,0.845374666666667,0,1.09666666666667,0.0548333333333333,0,300
"local_ccw_meta","RMST1","50_sites_x_100","moderate",-2.5,50,100,5000,4,25,-0.7,0,"0.001/0.999",11.4289842009089,11.4066610007558,11.473097503041,-0.0441133021320942,-0.066436502285212,0.180695975934167,0.185709941462672,NA,0.228278,0.82203,0,0,0,0,300
"local_ccw_meta","RMST1","50_sites_x_100","sparse",-4.5,50,100,5000,4,25,-0.7,0,"0.001/0.999",11.2571119424166,11.1811558803724,11.2866192035682,-0.0295072611515586,-0.105463323195747,0.562717719919236,0.562553470048907,NA,0.0361506666666667,0.845652,1.32333333333333,16.3766666666667,0.327533333333333,4.06,300
"local_ccw_meta","RMST_diff","100_sites_x_50","moderate",-2.5,100,50,5000,4,25,-0.7,0,"0.001/0.999",1.77852609142708,1.8290684607291,1.92756947857927,-0.149043387152197,-0.098501017850178,0.1877469717386,0.239468912873517,NA,0.225412,0.823667333333333,0,1.58,0.0158,0,300
"local_ccw_meta","RMST_diff","100_sites_x_50","sparse",-4.5,100,50,5000,4,25,-0.7,0,"0.001/0.999",3.16908211982025,3.16173652804406,1.74176433931583,1.42731778050442,1.41997218872824,0.362184786778328,1.47240504173223,NA,0.035266,0.848106666666667,18.0333333333333,57.85,0.5785,61.2866666666667,300
"local_ccw_meta","RMST_diff","10_sites_x_500","moderate",-2.5,10,500,5000,4,25,-0.7,0,"0.001/0.999",1.89678221812592,1.88790320928871,1.92756947857927,-0.0307872604533512,-0.0396662692905609,0.19967547369916,0.201705848255696,NA,0.228105333333333,0.819213333333333,0,0,0,0,300
"local_ccw_meta","RMST_diff","10_sites_x_500","sparse",-4.5,10,500,5000,4,25,-0.7,0,"0.001/0.999",1.66289697694235,1.681451240405,1.74176433931583,-0.0788673623734728,-0.0603130989108269,0.46975280324724,0.475554621488629,NA,0.03616,0.844415333333333,0,0.0333333333333333,0.00333333333333333,0,300
"local_ccw_meta","RMST_diff","20_sites_x_250","moderate",-2.5,20,250,5000,4,25,-0.7,0,"0.001/0.999",1.9191608728962,1.95648374935675,1.92756947857927,-0.00840860568307511,0.0289142707774808,0.209210859793645,0.209031077176603,NA,0.228116666666667,0.81962,0,0,0,0,300
"local_ccw_meta","RMST_diff","20_sites_x_250","sparse",-4.5,20,250,5000,4,25,-0.7,0,"0.001/0.999",1.74471760775375,1.61108307625392,1.74176433931583,0.00295326843792877,-0.130681263061906,0.654453978981151,0.653368986380116,NA,0.0362633333333333,0.845374666666667,0,1.09666666666667,0.0548333333333333,0,300
"local_ccw_meta","RMST_diff","50_sites_x_100","moderate",-2.5,50,100,5000,4,25,-0.7,0,"0.001/0.999",1.9400050777424,1.94534078516378,1.92756947857927,0.012435599163122,0.0177713065845015,0.214765942368845,0.214768028567535,NA,0.228278,0.82203,0,0,0,0,300
"local_ccw_meta","RMST_diff","50_sites_x_100","sparse",-4.5,50,100,5000,4,25,-0.7,0,"0.001/0.999",1.76300873085899,1.719450062604,1.74176433931583,0.0212443915431657,-0.0223142767118238,0.59173707918192,0.59113189657458,NA,0.0361506666666667,0.845652,1.32333333333333,16.3766666666667,0.327533333333333,4.06,300
"local_ccw_meta","RR","100_sites_x_50","moderate",-2.5,100,50,5000,4,25,-0.7,0,"0.001/0.999",0.895751249828266,0.893487586818567,0.895150843144278,0.000600406683987716,-0.0016632563257109,0.0113079990212569,0.0113050915038922,NA,0.225412,0.823667333333333,0,1.58,0.0158,0,300
"local_ccw_meta","RR","100_sites_x_50","sparse",-4.5,100,50,5000,4,25,-0.7,0,"0.001/0.999",0.789794598234525,0.793126178246447,0.900022361565731,-0.110227763331206,-0.106896183319285,0.0242775773955987,0.112860958280469,NA,0.035266,0.848106666666667,18.0333333333333,57.85,0.5785,61.2866666666667,300
"local_ccw_meta","RR","10_sites_x_500","moderate",-2.5,10,500,5000,4,25,-0.7,0,"0.001/0.999",0.89579506407551,0.895269157283315,0.895150843144278,0.000644220931231308,0.000118314139036957,0.0127022851375548,0.0126974501967231,NA,0.228105333333333,0.819213333333333,0,0,0,0,300
"local_ccw_meta","RR","10_sites_x_500","sparse",-4.5,10,500,5000,4,25,-0.7,0,"0.001/0.999",0.908448736060328,0.905183507920534,0.900022361565731,0.00842637449459677,0.0051611463548023,0.0296823158035479,0.0308075779478557,NA,0.03616,0.844415333333333,0,0.0333333333333333,0.00333333333333333,0,300
"local_ccw_meta","RR","20_sites_x_250","moderate",-2.5,20,250,5000,4,25,-0.7,0,"0.001/0.999",0.893269289977718,0.891664410334304,0.895150843144278,-0.00188155316655991,-0.00348643280997424,0.0118589353338345,0.0119877357500553,NA,0.228116666666667,0.81962,0,0,0,0,300
"local_ccw_meta","RR","20_sites_x_250","sparse",-4.5,20,250,5000,4,25,-0.7,0,"0.001/0.999",0.89626154991188,0.900687172727572,0.900022361565731,-0.00376081165385164,0.000664811161840639,0.0476293341366409,0.0476983786904181,NA,0.0362633333333333,0.845374666666667,0,1.09666666666667,0.0548333333333333,0,300
"local_ccw_meta","RR","50_sites_x_100","moderate",-2.5,50,100,5000,4,25,-0.7,0,"0.001/0.999",0.90029376327935,0.901020335604955,0.895150843144278,0.00514292013507186,0.00586949246067708,0.0120412270608562,0.0130750706620036,NA,0.228278,0.82203,0,0,0,0,300
"local_ccw_meta","RR","50_sites_x_100","sparse",-4.5,50,100,5000,4,25,-0.7,0,"0.001/0.999",0.903818248183383,0.90268176458931,0.900022361565731,0.00379588661765131,0.00265940302357881,0.0438599412235165,0.0439510055007917,NA,0.0361506666666667,0.845652,1.32333333333333,16.3766666666667,0.327533333333333,4.06,300
"local_ccw_meta","psi0","100_sites_x_50","moderate",-2.5,100,50,5000,4,25,-0.7,0,"0.001/0.999",0.85177060173594,0.853515455137874,0.848897302116875,0.00287329961906497,0.00461815302099883,0.0081875723493977,0.00866422167350413,NA,0.225412,0.823667333333333,0,1.58,0.0158,0,300
"local_ccw_meta","psi0","100_sites_x_50","sparse",-4.5,100,50,5000,4,25,-0.7,0,"0.001/0.999",0.852138146670049,0.851470138101483,0.849033014015289,0.00310513265475991,0.00243712408619334,0.00622679231918487,0.00694878034247463,NA,0.035266,0.848106666666667,18.0333333333333,57.85,0.5785,61.2866666666667,300
"local_ccw_meta","psi0","10_sites_x_500","moderate",-2.5,10,500,5000,4,25,-0.7,0,"0.001/0.999",0.847784311547173,0.848092691344941,0.848897302116875,-0.00111299056970161,-0.000804610771933834,0.00526255471773605,0.00537037384405283,NA,0.228105333333333,0.819213333333333,0,0,0,0,300
"local_ccw_meta","psi0","10_sites_x_500","sparse",-4.5,10,500,5000,4,25,-0.7,0,"0.001/0.999",0.848707011381434,0.848850687956374,0.849033014015289,-0.000326002633854704,-0.00018232605891505,0.00502581529561211,0.0050280116386371,NA,0.03616,0.844415333333333,0,0.0333333333333333,0.00333333333333333,0,300
"local_ccw_meta","psi0","20_sites_x_250","moderate",-2.5,20,250,5000,4,25,-0.7,0,"0.001/0.999",0.848367909525455,0.848161304964552,0.848897302116875,-0.000529392591420241,-0.000735997152323087,0.00501848432357947,0.005038004645245,NA,0.228116666666667,0.81962,0,0,0,0,300
"local_ccw_meta","psi0","20_sites_x_250","sparse",-4.5,20,250,5000,4,25,-0.7,0,"0.001/0.999",0.850083815213527,0.850347990542704,0.849033014015289,0.00105080119823761,0.00131497652741436,0.00534514266012913,0.00543870371030568,NA,0.0362633333333333,0.845374666666667,0,1.09666666666667,0.0548333333333333,0,300
"local_ccw_meta","psi0","50_sites_x_100","moderate",-2.5,50,100,5000,4,25,-0.7,0,"0.001/0.999",0.850068444942384,0.849302695835655,0.848897302116875,0.00117114282550929,0.000405393718779956,0.0056533540078497,0.00576415235318127,NA,0.228278,0.82203,0,0,0,0,300
"local_ccw_meta","psi0","50_sites_x_100","sparse",-4.5,50,100,5000,4,25,-0.7,0,"0.001/0.999",0.849233085904293,0.850104376351195,0.849033014015289,0.00020007188900339,0.00107136233590549,0.00496069980495806,0.00495646475227024,NA,0.0361506666666667,0.845652,1.32333333333333,16.3766666666667,0.327533333333333,4.06,300
"local_ccw_meta","psi1","100_sites_x_50","moderate",-2.5,100,50,5000,4,25,-0.7,0,"0.001/0.999",0.762899966821785,0.763624281474303,0.759891135732824,0.00300883108896141,0.00373314574147954,0.00566103368925881,0.00640261998024149,NA,0.225412,0.823667333333333,0,1.58,0.0158,0,300
"local_ccw_meta","psi1","100_sites_x_50","sparse",-4.5,100,50,5000,4,25,-0.7,0,"0.001/0.999",0.672890155559758,0.673619739610139,0.764148698321311,-0.0912585427615535,-0.0905289587111726,0.0168900081167656,0.0928032493678576,NA,0.035266,0.848106666666667,18.0333333333333,57.85,0.5785,61.2866666666667,300
"local_ccw_meta","psi1","10_sites_x_500","moderate",-2.5,10,500,5000,4,25,-0.7,0,"0.001/0.999",0.759414121707146,0.760376854303802,0.759891135732824,-0.000477014025677386,0.000485718570978289,0.00984659544339221,0.00984173762099148,NA,0.228105333333333,0.819213333333333,0,0,0,0,300
"local_ccw_meta","psi1","10_sites_x_500","sparse",-4.5,10,500,5000,4,25,-0.7,0,"0.001/0.999",0.771005947728188,0.768812888441766,0.764148698321311,0.00685724940687647,0.00466419012045449,0.025564561870938,0.0264270733088049,NA,0.03616,0.844415333333333,0,0.0333333333333333,0.00333333333333333,0,300
"local_ccw_meta","psi1","20_sites_x_250","moderate",-2.5,20,250,5000,4,25,-0.7,0,"0.001/0.999",0.757813455668294,0.757280033885879,0.759891135732824,-0.00207768006452944,-0.00261110184694419,0.010459955584904,0.0106471932006788,NA,0.228116666666667,0.81962,0,0,0,0,300
"local_ccw_meta","psi1","20_sites_x_250","sparse",-4.5,20,250,5000,4,25,-0.7,0,"0.001/0.999",0.761871400938499,0.764783013756837,0.764148698321311,-0.00227729738281215,0.000634315435525223,0.0403242828657633,0.0403213803423493,NA,0.0362633333333333,0.845374666666667,0,1.09666666666667,0.0548333333333333,0,300
"local_ccw_meta","psi1","50_sites_x_100","moderate",-2.5,50,100,5000,4,25,-0.7,0,"0.001/0.999",0.765313840959434,0.765744953519667,0.759891135732824,0.00542270522661029,0.00585381778684307,0.0116072514414924,0.0127939408984871,NA,0.228278,0.82203,0,0,0,0,300
"local_ccw_meta","psi1","50_sites_x_100","sparse",-4.5,50,100,5000,4,25,-0.7,0,"0.001/0.999",0.767403279301275,0.765349332759597,0.764148698321311,0.00325458097996411,0.00120063443828589,0.0343245972989076,0.0344215487326599,NA,0.0361506666666667,0.845652,1.32333333333333,16.3766666666667,0.327533333333333,4.06,300
"pooled_ccw_tvipcw","OR","100_sites_x_50","moderate",-2.5,100,50,5000,4,25,-0.7,0,"0.001/0.999",0.547119108365002,0.530006674263635,0.563326588646669,-0.0162074802816676,-0.0333199143830346,0.0537508586779693,0.0560553896576497,0.903333333333333,0.225412,0.823667333333333,0,1.58,0.0158,0,300
"pooled_ccw_tvipcw","OR","100_sites_x_50","sparse",-4.5,100,50,5000,4,25,-0.7,0,"0.001/0.999",0.566605509964199,0.555756427451934,0.576098848203633,-0.00949333823943395,-0.0203424207516995,0.0971043927462815,0.0974061378178174,0.983333333333333,0.035266,0.848106666666667,18.0333333333333,57.85,0.5785,61.2866666666667,300
"pooled_ccw_tvipcw","OR","10_sites_x_500","moderate",-2.5,10,500,5000,4,25,-0.7,0,"0.001/0.999",0.566816445538698,0.560039415741704,0.563326588646669,0.00348985689202826,-0.00328717290496561,0.038348148668339,0.0384429144628097,0.97,0.228105333333333,0.819213333333333,0,0,0,0,300
"pooled_ccw_tvipcw","OR","10_sites_x_500","sparse",-4.5,10,500,5000,4,25,-0.7,0,"0.001/0.999",0.599512622088261,0.583575817312284,0.576098848203633,0.0234137738846281,0.00747696910865125,0.0755602949723645,0.0789843768723295,0.98,0.03616,0.844415333333333,0,0.0333333333333333,0.00333333333333333,0,300
"pooled_ccw_tvipcw","OR","20_sites_x_250","moderate",-2.5,20,250,5000,4,25,-0.7,0,"0.001/0.999",0.564558521811528,0.562922709775805,0.563326588646669,0.001231933164859,-0.000403878870864238,0.0338829586313327,0.0338488654952654,0.983333333333333,0.228116666666667,0.81962,0,0,0,0,300
"pooled_ccw_tvipcw","OR","20_sites_x_250","sparse",-4.5,20,250,5000,4,25,-0.7,0,"0.001/0.999",0.563947898992896,0.563050626659734,0.576098848203633,-0.0121509492107368,-0.0130482215438986,0.0896352261161269,0.0903069086416323,0.896666666666667,0.0362633333333333,0.845374666666667,0,1.09666666666667,0.0548333333333333,0,300
"pooled_ccw_tvipcw","OR","50_sites_x_100","moderate",-2.5,50,100,5000,4,25,-0.7,0,"0.001/0.999",0.563751225284314,0.56302185611792,0.563326588646669,0.000424636637644758,-0.000304732528748852,0.0201669086751741,0.0201377466738908,1,0.228278,0.82203,0,0,0,0,300
"pooled_ccw_tvipcw","OR","50_sites_x_100","sparse",-4.5,50,100,5000,4,25,-0.7,0,"0.001/0.999",0.624966571466014,0.628916044333657,0.576098848203633,0.0488677232623808,0.0528171961300242,0.0973259825298282,0.108760409904801,0.976666666666667,0.0361506666666667,0.845652,1.32333333333333,16.3766666666667,0.327533333333333,4.06,300
"pooled_ccw_tvipcw","RD","100_sites_x_50","moderate",-2.5,100,50,5000,4,25,-0.7,0,"0.001/0.999",-0.0933747265910874,-0.0977700997815718,-0.0890061663840512,-0.00436856020703615,-0.00876393339752052,0.0144109691684455,0.0150355610874733,0.956666666666667,0.225412,0.823667333333333,0,1.58,0.0158,0,300
"pooled_ccw_tvipcw","RD","100_sites_x_50","sparse",-4.5,100,50,5000,4,25,-0.7,0,"0.001/0.999",-0.089650634315585,-0.0906505210232,-0.0848843156939778,-0.00476631862160716,-0.00576620532922217,0.027783603319971,0.0281437970300037,0.98,0.035266,0.848106666666667,18.0333333333333,57.85,0.5785,61.2866666666667,300
"pooled_ccw_tvipcw","RD","10_sites_x_500","moderate",-2.5,10,500,5000,4,25,-0.7,0,"0.001/0.999",-0.088743880042513,-0.0897268937793648,-0.0890061663840512,0.000262286341538237,-0.000720727395313536,0.0110123831796282,0.010997142150377,0.966666666666667,0.228105333333333,0.819213333333333,0,0,0,0,300
"pooled_ccw_tvipcw","RD","10_sites_x_500","sparse",-4.5,10,500,5000,4,25,-0.7,0,"0.001/0.999",-0.0798182049595346,-0.082255140780896,-0.0848843156939778,0.00506611073444322,0.00262917491308184,0.0208263076140953,0.021399878111361,0.976666666666667,0.03616,0.844415333333333,0,0.0333333333333333,0.00333333333333333,0,300
"pooled_ccw_tvipcw","RD","20_sites_x_250","moderate",-2.5,20,250,5000,4,25,-0.7,0,"0.001/0.999",-0.0891828697935407,-0.0898804874574063,-0.0890061663840512,-0.00017670340948951,-0.000874321073355111,0.0103203239000021,0.0103046241664221,0.963333333333333,0.228116666666667,0.81962,0,0,0,0,300
"pooled_ccw_tvipcw","RD","20_sites_x_250","sparse",-4.5,20,250,5000,4,25,-0.7,0,"0.001/0.999",-0.091650500502308,-0.0888555181824657,-0.0848843156939778,-0.00676618480833022,-0.00397120248848792,0.0296109099623552,0.0303259716914373,0.913333333333333,0.0362633333333333,0.845374666666667,0,1.09666666666667,0.0548333333333333,0,300
"pooled_ccw_tvipcw","RD","50_sites_x_100","moderate",-2.5,50,100,5000,4,25,-0.7,0,"0.001/0.999",-0.0883211762554591,-0.0879800890100405,-0.0890061663840512,0.000684990128592113,0.00102607737401073,0.00583635251367042,0.00586674345537763,1,0.228278,0.82203,0,0,0,0,300
"pooled_ccw_tvipcw","RD","50_sites_x_100","sparse",-4.5,50,100,5000,4,25,-0.7,0,"0.001/0.999",-0.0733948231894305,-0.069461679851415,-0.0848843156939778,0.0114894925045473,0.0154226358425628,0.0274937873891058,0.0297556228052124,0.976666666666667,0.0361506666666667,0.845652,1.32333333333333,16.3766666666667,0.327533333333333,4.06,300
"pooled_ccw_tvipcw","RMST0","100_sites_x_50","moderate",-2.5,100,50,5000,4,25,-0.7,0,"0.001/0.999",9.4933596377798,9.50778668731305,9.54552802446171,-0.0521683866819094,-0.0377413371486623,0.118073965244273,0.128905121309967,NA,0.225412,0.823667333333333,0,1.58,0.0158,0,300
"pooled_ccw_tvipcw","RMST0","100_sites_x_50","sparse",-4.5,100,50,5000,4,25,-0.7,0,"0.001/0.999",9.4652308900908,9.47154857657285,9.54485486425234,-0.0796239741615385,-0.073306287679487,0.171535142450918,0.188854974358497,NA,0.035266,0.848106666666667,18.0333333333333,57.85,0.5785,61.2866666666667,300
"pooled_ccw_tvipcw","RMST0","10_sites_x_500","moderate",-2.5,10,500,5000,4,25,-0.7,0,"0.001/0.999",9.58852321053013,9.5956776370131,9.54552802446171,0.0429951860684188,0.0501496125513947,0.0995943658233404,0.108326175367724,NA,0.228105333333333,0.819213333333333,0,0,0,0,300
"pooled_ccw_tvipcw","RMST0","10_sites_x_500","sparse",-4.5,10,500,5000,4,25,-0.7,0,"0.001/0.999",9.54236036901992,9.53443201177277,9.54485486425234,-0.00249449523242175,-0.0104228524795715,0.127429331949221,0.127241226411434,NA,0.03616,0.844415333333333,0,0.0333333333333333,0.00333333333333333,0,300
"pooled_ccw_tvipcw","RMST0","20_sites_x_250","moderate",-2.5,20,250,5000,4,25,-0.7,0,"0.001/0.999",9.53681086068062,9.55068679366335,9.54552802446171,-0.00871716378108922,0.00515876920164438,0.115555820952921,0.115691945302901,NA,0.228116666666667,0.81962,0,0,0,0,300
"pooled_ccw_tvipcw","RMST0","20_sites_x_250","sparse",-4.5,20,250,5000,4,25,-0.7,0,"0.001/0.999",9.51809167398764,9.53358065873305,9.54485486425234,-0.0267631902647,-0.0112742055192916,0.1220529828632,0.12475392796834,NA,0.0362633333333333,0.845374666666667,0,1.09666666666667,0.0548333333333333,0,300
"pooled_ccw_tvipcw","RMST0","50_sites_x_100","moderate",-2.5,50,100,5000,4,25,-0.7,0,"0.001/0.999",9.48925207314291,9.53095020771794,9.54552802446171,-0.0562759513188,-0.0145778167437678,0.151967897764875,0.16181546230632,NA,0.228278,0.82203,0,0,0,0,300
"pooled_ccw_tvipcw","RMST0","50_sites_x_100","sparse",-4.5,50,100,5000,4,25,-0.7,0,"0.001/0.999",9.49212815891755,9.48930090862417,9.54485486425234,-0.0527267053347937,-0.0555539556281728,0.0858386604494038,0.100617196166714,NA,0.0361506666666667,0.845652,1.32333333333333,16.3766666666667,0.327533333333333,4.06,300
"pooled_ccw_tvipcw","RMST1","100_sites_x_50","moderate",-2.5,100,50,5000,4,25,-0.7,0,"0.001/0.999",11.3819145528514,11.4269227994846,11.473097503041,-0.091182950189568,-0.0461747035563782,0.138918739610111,0.16597716278478,NA,0.225412,0.823667333333333,0,1.58,0.0158,0,300
"pooled_ccw_tvipcw","RMST1","100_sites_x_50","sparse",-4.5,100,50,5000,4,25,-0.7,0,"0.001/0.999",11.4374933431499,11.513880455108,11.2866192035682,0.150874139581753,0.227261251539879,0.321213269721743,0.354396732619038,NA,0.035266,0.848106666666667,18.0333333333333,57.85,0.5785,61.2866666666667,300
"pooled_ccw_tvipcw","RMST1","10_sites_x_500","moderate",-2.5,10,500,5000,4,25,-0.7,0,"0.001/0.999",11.4904563225658,11.4888155589889,11.473097503041,0.0173588195248387,0.0157180559478771,0.188019670837774,0.188506995224318,NA,0.228105333333333,0.819213333333333,0,0,0,0,300
"pooled_ccw_tvipcw","RMST1","10_sites_x_500","sparse",-4.5,10,500,5000,4,25,-0.7,0,"0.001/0.999",11.2231481155676,11.2769206139556,11.2866192035682,-0.0634710880005884,-0.00969858961258474,0.386326815677535,0.390870173879364,NA,0.03616,0.844415333333333,0,0.0333333333333333,0.00333333333333333,0,300
"pooled_ccw_tvipcw","RMST1","20_sites_x_250","moderate",-2.5,20,250,5000,4,25,-0.7,0,"0.001/0.999",11.4284455608338,11.4580748584335,11.473097503041,-0.0446519422072255,-0.0150226446075248,0.223919376435787,0.227961729527402,NA,0.228116666666667,0.81962,0,0,0,0,300
"pooled_ccw_tvipcw","RMST1","20_sites_x_250","sparse",-4.5,20,250,5000,4,25,-0.7,0,"0.001/0.999",11.2761658037086,11.2467785637356,11.2866192035682,-0.0104533998595528,-0.0398406398325806,0.532660826411102,0.531875052095514,NA,0.0362633333333333,0.845374666666667,0,1.09666666666667,0.0548333333333333,0,300
"pooled_ccw_tvipcw","RMST1","50_sites_x_100","moderate",-2.5,50,100,5000,4,25,-0.7,0,"0.001/0.999",11.4278628341116,11.4408140343884,11.473097503041,-0.0452346689293742,-0.0322834686525839,0.12230816850967,0.130213666962135,NA,0.228278,0.82203,0,0,0,0,300
"pooled_ccw_tvipcw","RMST1","50_sites_x_100","sparse",-4.5,50,100,5000,4,25,-0.7,0,"0.001/0.999",11.1430651870762,11.0933479146711,11.2866192035682,-0.143554016491994,-0.193271288897075,0.35471750820234,0.382116279738044,NA,0.0361506666666667,0.845652,1.32333333333333,16.3766666666667,0.327533333333333,4.06,300
"pooled_ccw_tvipcw","RMST_diff","100_sites_x_50","moderate",-2.5,100,50,5000,4,25,-0.7,0,"0.001/0.999",1.88855491507162,1.90739756378975,1.92756947857927,-0.0390145635076586,-0.0201719147895227,0.232418626704902,0.235288105971426,0.926666666666667,0.225412,0.823667333333333,0,1.58,0.0158,0,300
"pooled_ccw_tvipcw","RMST_diff","100_sites_x_50","sparse",-4.5,100,50,5000,4,25,-0.7,0,"0.001/0.999",1.97226245305912,2.02123220236006,1.74176433931583,0.230498113743292,0.27946786304423,0.473866296021936,0.526241531418555,0.973333333333333,0.035266,0.848106666666667,18.0333333333333,57.85,0.5785,61.2866666666667,300
"pooled_ccw_tvipcw","RMST_diff","10_sites_x_500","moderate",-2.5,10,500,5000,4,25,-0.7,0,"0.001/0.999",1.90193311203569,1.89265670671571,1.92756947857927,-0.0256363665435801,-0.0349127718635636,0.204342865122877,0.20560652501261,0.956666666666667,0.228105333333333,0.819213333333333,0,0,0,0,300
"pooled_ccw_tvipcw","RMST_diff","10_sites_x_500","sparse",-4.5,10,500,5000,4,25,-0.7,0,"0.001/0.999",1.68078774654766,1.71386539785862,1.74176433931583,-0.0609765927681667,-0.0278989414572068,0.35975104625039,0.364290484951598,0.98,0.03616,0.844415333333333,0,0.0333333333333333,0.00333333333333333,0,300
"pooled_ccw_tvipcw","RMST_diff","20_sites_x_250","moderate",-2.5,20,250,5000,4,25,-0.7,0,"0.001/0.999",1.89163470015314,1.91874751735698,1.92756947857927,-0.0359347784261362,-0.00882196122229839,0.214229001143399,0.216869529936775,0.966666666666667,0.228116666666667,0.81962,0,0,0,0,300
"pooled_ccw_tvipcw","RMST_diff","20_sites_x_250","sparse",-4.5,20,250,5000,4,25,-0.7,0,"0.001/0.999",1.75807412972097,1.68609228045153,1.74176433931583,0.0163097904051472,-0.0556720588642978,0.510342021110613,0.509751728307635,0.906666666666667,0.0362633333333333,0.845374666666667,0,1.09666666666667,0.0548333333333333,0,300
"pooled_ccw_tvipcw","RMST_diff","50_sites_x_100","moderate",-2.5,50,100,5000,4,25,-0.7,0,"0.001/0.999",1.9386107609687,1.97006496347428,1.92756947857927,0.0110412823894257,0.0424954848950083,0.180929624183375,0.180964970075012,1,0.228278,0.82203,0,0,0,0,300
"pooled_ccw_tvipcw","RMST_diff","50_sites_x_100","sparse",-4.5,50,100,5000,4,25,-0.7,0,"0.001/0.999",1.65093702815862,1.63552539137605,1.74176433931583,-0.0908273111572006,-0.106238947939779,0.384706501132163,0.394658538687163,0.98,0.0361506666666667,0.845652,1.32333333333333,16.3766666666667,0.327533333333333,4.06,300
"pooled_ccw_tvipcw","RR","100_sites_x_50","moderate",-2.5,100,50,5000,4,25,-0.7,0,"0.001/0.999",0.890632060422448,0.88565006335746,0.895150843144278,-0.00451878272182982,-0.00950077978681835,0.0160814920189692,0.0166784811925854,0.963333333333333,0.225412,0.823667333333333,0,1.58,0.0158,0,300
"pooled_ccw_tvipcw","RR","100_sites_x_50","sparse",-4.5,100,50,5000,4,25,-0.7,0,"0.001/0.999",0.895012341512792,0.893691175668686,0.900022361565731,-0.00501002005293976,-0.00633118589704595,0.0320320101032969,0.0323686546927381,0.98,0.035266,0.848106666666667,18.0333333333333,57.85,0.5785,61.2866666666667,300
"pooled_ccw_tvipcw","RR","10_sites_x_500","moderate",-2.5,10,500,5000,4,25,-0.7,0,"0.001/0.999",0.895367903825688,0.894257981951719,0.895150843144278,0.000217060681410088,-0.00089286119255938,0.0127281658829402,0.0127087883527074,0.963333333333333,0.228105333333333,0.819213333333333,0,0,0,0,300
"pooled_ccw_tvipcw","RR","10_sites_x_500","sparse",-4.5,10,500,5000,4,25,-0.7,0,"0.001/0.999",0.905964344296682,0.903711468110852,0.900022361565731,0.005941982730951,0.00368910654512034,0.024510918744478,0.0251811373720025,0.976666666666667,0.03616,0.844415333333333,0,0.0333333333333333,0.00333333333333333,0,300
"pooled_ccw_tvipcw","RR","20_sites_x_250","moderate",-2.5,20,250,5000,4,25,-0.7,0,"0.001/0.999",0.894893713358354,0.894029710530355,0.895150843144278,-0.000257129785924591,-0.00112113261392327,0.0121064028390879,0.0120889435213922,0.956666666666667,0.228116666666667,0.81962,0,0,0,0,300
"pooled_ccw_tvipcw","RR","20_sites_x_250","sparse",-4.5,20,250,5000,4,25,-0.7,0,"0.001/0.999",0.892242861888179,0.895326473185953,0.900022361565731,-0.00777949967755251,-0.00469588837977858,0.034683060194774,0.0354883863279117,0.92,0.0362633333333333,0.845374666666667,0,1.09666666666667,0.0548333333333333,0,300
"pooled_ccw_tvipcw","RR","50_sites_x_100","moderate",-2.5,50,100,5000,4,25,-0.7,0,"0.001/0.999",0.896141652738716,0.896839714875835,0.895150843144278,0.000990809594438221,0.00168887173155707,0.00681180203387691,0.00687223993891351,1,0.228278,0.82203,0,0,0,0,300
"pooled_ccw_tvipcw","RR","50_sites_x_100","sparse",-4.5,50,100,5000,4,25,-0.7,0,"0.001/0.999",0.913723483899878,0.918144360390125,0.900022361565731,0.0137011223341466,0.0181219988243931,0.0319682060398715,0.0347315475703512,0.953333333333333,0.0361506666666667,0.845652,1.32333333333333,16.3766666666667,0.327533333333333,4.06,300
"pooled_ccw_tvipcw","psi0","100_sites_x_50","moderate",-2.5,100,50,5000,4,25,-0.7,0,"0.001/0.999",0.852758890201896,0.854200415371966,0.848897302116875,0.00386158808502152,0.00530311325509125,0.00713730896917747,0.00810451959889108,NA,0.225412,0.823667333333333,0,1.58,0.0158,0,300
"pooled_ccw_tvipcw","psi0","100_sites_x_50","sparse",-4.5,100,50,5000,4,25,-0.7,0,"0.001/0.999",0.852484313605079,0.851955048500787,0.849033014015289,0.00345129958978943,0.00292203448549799,0.00610321067828532,0.00700260562267633,NA,0.035266,0.848106666666667,18.0333333333333,57.85,0.5785,61.2866666666667,300
"pooled_ccw_tvipcw","psi0","10_sites_x_500","moderate",-2.5,10,500,5000,4,25,-0.7,0,"0.001/0.999",0.847881666222153,0.84808989870224,0.848897302116875,-0.00101563589472154,-0.000807403414634866,0.00520268547762602,0.00529237432499037,NA,0.228105333333333,0.819213333333333,0,0,0,0,300
"pooled_ccw_tvipcw","psi0","10_sites_x_500","sparse",-4.5,10,500,5000,4,25,-0.7,0,"0.001/0.999",0.848754051221522,0.848868958855353,0.849033014015289,-0.000278962793767428,-0.000164055159936172,0.00501490090247146,0.00501430159959592,NA,0.03616,0.844415333333333,0,0.0333333333333333,0.00333333333333333,0,300
"pooled_ccw_tvipcw","psi0","20_sites_x_250","moderate",-2.5,20,250,5000,4,25,-0.7,0,"0.001/0.999",0.848455069258198,0.848100459618978,0.848897302116875,-0.000442232858676802,-0.000796842497896966,0.00513757275054554,0.0051480327785687,NA,0.228116666666667,0.81962,0,0,0,0,300
"pooled_ccw_tvipcw","psi0","20_sites_x_250","sparse",-4.5,20,250,5000,4,25,-0.7,0,"0.001/0.999",0.8502525488727,0.850501144946845,0.849033014015289,0.00121953485741109,0.00146813093155596,0.00536306211686942,0.0054912499263473,NA,0.0362633333333333,0.845374666666667,0,1.09666666666667,0.0548333333333333,0,300
"pooled_ccw_tvipcw","psi0","50_sites_x_100","moderate",-2.5,50,100,5000,4,25,-0.7,0,"0.001/0.999",0.850391413238765,0.849539958344832,0.848897302116875,0.00149411112189013,0.000642656227957061,0.00528501874155161,0.00548367453441993,NA,0.228278,0.82203,0,0,0,0,300
"pooled_ccw_tvipcw","psi0","50_sites_x_100","sparse",-4.5,50,100,5000,4,25,-0.7,0,"0.001/0.999",0.849482384379165,0.850363313874746,0.849033014015289,0.000449370363875629,0.00133029985945671,0.00496434389621558,0.00497639377555906,NA,0.0361506666666667,0.845652,1.32333333333333,16.3766666666667,0.327533333333333,4.06,300
"pooled_ccw_tvipcw","psi1","100_sites_x_50","moderate",-2.5,100,50,5000,4,25,-0.7,0,"0.001/0.999",0.759384163610809,0.757348684002194,0.759891135732824,-0.000506972122014625,-0.00254245173062995,0.00771834362687951,0.00772212878554976,NA,0.225412,0.823667333333333,0,1.58,0.0158,0,300
"pooled_ccw_tvipcw","psi1","100_sites_x_50","sparse",-4.5,100,50,5000,4,25,-0.7,0,"0.001/0.999",0.762833679289494,0.758803176432321,0.764148698321311,-0.00131501903181773,-0.00534552188899012,0.0233246049557163,0.0233228003051335,NA,0.035266,0.848106666666667,18.0333333333333,57.85,0.5785,61.2866666666667,300
"pooled_ccw_tvipcw","psi1","10_sites_x_500","moderate",-2.5,10,500,5000,4,25,-0.7,0,"0.001/0.999",0.75913778617964,0.759205655904335,0.759891135732824,-0.000753349553183302,-0.000685479828488489,0.00973726222961957,0.00975016736737868,NA,0.228105333333333,0.819213333333333,0,0,0,0,300
"pooled_ccw_tvipcw","psi1","10_sites_x_500","sparse",-4.5,10,500,5000,4,25,-0.7,0,"0.001/0.999",0.768935846261987,0.766808751869214,0.764148698321311,0.00478714794067579,0.00266005354790289,0.0211100715299965,0.0216117203157796,NA,0.03616,0.844415333333333,0,0.0333333333333333,0.00333333333333333,0,300
"pooled_ccw_tvipcw","psi1","20_sites_x_250","moderate",-2.5,20,250,5000,4,25,-0.7,0,"0.001/0.999",0.759272199464657,0.758510444034296,0.759891135732824,-0.000618936268166312,-0.00138069169852717,0.0109058153967955,0.010905202223777,NA,0.228116666666667,0.81962,0,0,0,0,300
"pooled_ccw_tvipcw","psi1","20_sites_x_250","sparse",-4.5,20,250,5000,4,25,-0.7,0,"0.001/0.999",0.758602048370392,0.76167694289128,0.764148698321311,-0.00554664995091913,-0.00247175543003181,0.0291365834377084,0.0296120924362413,NA,0.0362633333333333,0.845374666666667,0,1.09666666666667,0.0548333333333333,0,300
"pooled_ccw_tvipcw","psi1","50_sites_x_100","moderate",-2.5,50,100,5000,4,25,-0.7,0,"0.001/0.999",0.762070236983306,0.761393950609541,0.759891135732824,0.00217910125048224,0.00150281487671711,0.00739212010374131,0.00769478895676998,NA,0.228278,0.82203,0,0,0,0,300
"pooled_ccw_tvipcw","psi1","50_sites_x_100","sparse",-4.5,50,100,5000,4,25,-0.7,0,"0.001/0.999",0.776087561189734,0.781395355012698,0.764148698321311,0.0119388628684229,0.0172466566913869,0.0244610301828625,0.0271824202541378,NA,0.0361506666666667,0.845652,1.32333333333333,16.3766666666667,0.327533333333333,4.06,300
