"numerator","site","arm","interval","risk_n","weight_sum","ess","ess_fraction","w_median","w_q95","w_q99","w_max"
"local",1,1,1,1000,995.46662359208,978.117571157856,0.978117571157856,0.99003270816977,1.05404123200022,1.22154505848869,4.67329204886935
"local",1,0,1,977,977.029035893147,975.986909988919,0.998963060377603,0.990119563153472,1.05095165856286,1.1140351403073,1.46193777197843
"local",1,1,2,955,944.456980179341,924.128633798839,0.967673962093025,0.980082731759511,1.12073684390383,1.35145926032549,4.67329204886935
"local",1,0,2,913,911.678535384251,910.438284921918,0.997194178446788,0.980933214256119,1.09821465531845,1.20097362386707,1.39866668455114
"local",1,1,3,930,914.718065735188,882.833431739902,0.949283259935379,0.971015666500592,1.13368055023184,1.46753925677357,4.67329204886935
"local",1,0,3,878,873.996714854725,873.931871878568,0.995366596672629,0.972701733255915,1.10780832351949,1.29449134909465,1.62399217005253
"local",1,1,4,902,884.04200060757,848.572352794171,0.940767575159835,0.965896767806301,1.15044578321503,1.52148473406245,4.67329204886935
"local",1,0,4,843,837.344957522788,837.809104493196,0.993842354084456,0.96754761230864,1.12110683615288,1.31216592992962,1.82275868791472
"local",1,1,5,62,57.5537511968305,27.9965720467212,0.451557613656794,0.525589262925809,3.37694958550282,4.49766449411791,4.67329204886935
"local",1,0,5,813,803.070713627123,807.89204380058,0.993717151046224,0.962146978787156,1.11517069814467,1.304769343879,1.68938476643091
"local",1,1,6,61,55.9698784734214,27.0504008466018,0.443449194206587,0.518165504556236,3.39215093044232,4.50054363435974,4.67329204886935
"local",1,0,6,789,778.47449631244,784.033728549491,0.99370561286374,0.960559585836745,1.11175397919495,1.30858945878765,1.68938476643091
"local",1,1,7,60,55.2500260657805,26.4775377644865,0.441292296074775,0.491767778225646,3.39970014948382,4.50342277460156,4.67329204886935
"local",1,0,7,775,763.512109091575,770.57549695367,0.994290963811187,0.959899197603791,1.10802057529439,1.29047174253361,1.65946287840254
"local",1,1,8,58,53.4795968583546,25.4408798533596,0.438635859540683,0.491767778225646,3.41479858756684,4.50918105508522,4.67329204886935
"local",1,0,8,754,741.345227004442,750.025173916351,0.994728347369166,0.959372990933798,1.09268530051336,1.28168505697455,1.65946287840254
"local",1,1,9,56,53.0320122309976,25.03986924539,0.447140522239107,0.525589262925809,3.42989702564986,4.51493933556887,4.67329204886935
"local",1,0,9,742,728.759007301561,738.41558227549,0.995169248349717,0.959180700653994,1.08795879237225,1.27439575487631,1.65946287840254
"local",1,1,10,53,52.1494357931115,24.2723193590135,0.457968289792708,0.536889116465918,3.45254468277439,4.52357675629435,4.67329204886935
"local",1,0,10,728,714.13104066639,724.593152768901,0.995320264792446,0.958881047767832,1.08480739735286,1.27446590407977,1.65946287840254
"local",1,1,11,52,52.0340824726051,24.1679287219143,0.464767860036813,0.553932718649463,3.4600939018159,4.52645589653618,4.67329204886935
"local",1,0,11,711,697.365236084052,707.640188375711,0.995274526548117,0.958601726559766,1.0845851142806,1.2774529857521,1.65946287840254
"local",1,1,12,51,51.463106151772,23.7094390740413,0.464890962236105,0.536889116465918,3.46764312085741,4.52933503677801,4.67329204886935
"local",1,0,12,694,680.300280490204,690.710429732006,0.99525998520462,0.958243699504384,1.08375384291692,1.27957870433083,1.65946287840254
"local",1,1,13,51,51.463106151772,23.7094390740413,0.464890962236105,0.536889116465918,3.46764312085741,4.52933503677801,4.67329204886935
"local",1,0,13,680,665.0157317376,677.385497173334,0.996155142901962,0.957880840478891,1.07984736395332,1.25153265288982,1.5110800879146
"local",1,1,14,49,50.9941984864109,23.3025177367097,0.475561586463463,0.581975391184512,3.48274155894042,4.53509331726166,4.67329204886935
"local",1,0,14,665,650.159281969545,662.448832660483,0.996163658136064,0.957845198653566,1.07963538419836,1.25345158410518,1.5110800879146
"local",1,1,15,49,50.9941984864109,23.3025177367097,0.475561586463463,0.581975391184512,3.48274155894042,4.53509331726166,4.67329204886935
"local",1,0,15,653,637.414364285971,650.655137890821,0.996409093247812,0.957341218067676,1.0728029326241,1.24869253221544,1.5110800879146
"local",1,1,16,47,50.2159247545415,22.6665836236696,0.482267736673822,0.583980981235961,3.49783999702344,4.54085159774531,4.67329204886935
"local",1,0,16,640,624.634025412,637.667942356464,0.996356159931975,0.956662272258291,1.07345375967696,1.24873093645866,1.5110800879146
"local",1,1,17,46,49.3628095294995,22.0471988084372,0.479286930618199,0.582978186210237,3.50538921606495,4.54373073798714,4.67329204886935
"local",1,0,17,629,613.344882853593,626.716526037219,0.996369675734847,0.956281494349457,1.07299155002837,1.24876343235677,1.5110800879146
"local",1,1,18,45,49.0470129889698,21.7856670499127,0.484125934442505,0.583980981235961,3.51293843510646,4.54660987822897,4.67329204886935
"local",1,0,18,620,604.367873288427,617.743756440224,0.996360897484232,0.956106016882224,1.07247285216663,1.24879001990977,1.5110800879146
"local",1,1,19,42,47.0221285633026,20.3858789133256,0.485378069364895,0.611027143503734,3.53558609223099,4.55524729895445,4.67329204886935
"local",1,0,19,610,594.655093203562,607.763762319761,0.996334036589773,0.956106016882224,1.07141706161196,1.24881956163532,1.5110800879146
"local",1,1,20,41,43.9340045316501,19.5117440169131,0.475896195534465,0.583980981235961,3.5431353112725,4.55812643919628,4.67329204886935
"local",1,0,20,602,586.822571558122,599.774289077668,0.996302805776857,0.956013532265879,1.07231362712627,1.24884319501576,1.5110800879146
"local",1,1,21,40,39.5486265069635,19.6264085450654,0.490660213626634,0.582978186210237,3.39970014948382,4.23253092120658,4.67329204886935
"local",1,0,21,587,571.840778999974,584.810839368819,0.996270595176863,0.955177374199728,1.07175327367983,1.25063715165599,1.5110800879146
"local",1,1,22,40,39.5486265069635,19.6264085450654,0.490660213626634,0.582978186210237,3.39970014948382,4.23253092120658,4.67329204886935
"local",1,0,22,581,565.961651532196,578.822654786975,0.996252417877754,0.955177374199728,1.07242569781556,1.25140472414213,1.5110800879146
"local",1,1,23,39,38.5640545070203,18.8911548869335,0.484388586844448,0.581975391184512,3.40724936852533,4.24383248858254,4.67329204886935
"local",1,0,23,568,553.08411509121,565.83891044236,0.99619526486331,0.954973803356565,1.07303870437943,1.25306779786211,1.5110800879146
"local",1,1,24,38,38.1081325594947,18.4959527202603,0.486735597901586,0.582978186210237,3.41479858756684,4.25513405595852,4.67329204886935
"local",1,0,24,560,545.332587352082,557.845210359864,0.9961521613569,0.954631929826376,1.07345375967696,1.25409122784364,1.5110800879146
"local",1,1,25,37,37.9437184044283,18.3430139633418,0.495757134144373,0.583980981235961,3.42234780660835,4.26643562333448,4.67329204886935
"local",1,0,25,553,538.649748307,550.849464214796,0.996111146862199,0.954736007582894,1.07404858355734,1.25498672907747,1.5110800879146
"local",2,1,1,1000,1000.43642221344,861.906241852569,0.861906241852569,0.958857303667805,1.24548195212782,2.05800893999664,9.69999326667718
"local",2,0,1,925,923.902970261514,914.87242849191,0.989051274045308,0.960304292815262,1.18950498679342,1.45625870324271,1.88168385691163
"local",2,1,2,882,860.785984287861,686.557694081213,0.778410083992305,0.900150065107601,1.58573736133381,3.09738418697473,9.69999326667718
"local",2,0,2,747,733.531903394157,703.50856566695,0.941778535029384,0.907427013998007,1.30869535150147,2.08174883282998,3.67573962931493
"local",2,1,3,775,766.998875277843,423.75604860111,0.546781998194981,0.852385041246834,1.7119770939393,3.9858692491245,18.8057424758071
"local",2,0,3,624,596.266240935964,535.949796655589,0.858893904896777,0.85678793493577,1.35800803199524,2.15757383481128,6.79323413826419
"local",2,1,4,688,660.46925554656,357.783757485951,0.520034531229579,0.798935691971016,1.92815209317877,3.54965594459506,18.8057424758071
"local",2,0,4,527,474.190309535599,473.933124727241,0.899303841987174,0.805077107407428,1.38330344673586,2.12538294153223,3.57060788096375
"local",2,1,5,155,198.23340969937,46.3047331246607,0.298740213707488,0.741188571160143,3.67050836871453,9.21781368224471,18.8057424758071
"local",2,0,5,448,379.409033544649,401.897540399975,0.897092724107088,0.7567863889873,1.32760097471605,2.14635115534143,3.0300712221094
"local",2,1,6,126,182.319526103695,39.7659148527024,0.315602498830972,0.835189527479048,4.03499515940234,9.47676197758807,18.8057424758071
"local",2,0,6,410,339.916638324854,371.315742903709,0.905648153423681,0.75101365289023,1.19602604158275,1.96824521025862,3.0300712221094
"local",2,1,7,107,167.795259474567,34.314596943977,0.32069716770072,0.885316202346165,4.42939854415838,9.64641775729579,18.8057424758071
"local",2,0,7,382,312.142737169283,349.817842395829,0.915753514125207,0.747404876160978,1.16892611670315,1.96309576132627,3.0300712221094
"local",2,1,8,92,156.975768158488,30.455451362402,0.331037514808718,0.982702480013801,4.84777044761126,10.5195106954989,18.8057424758071
"local",2,0,8,350,282.183360681717,325.891407775008,0.931118307928595,0.74056257162741,1.15731078610282,1.87638193947759,2.73698314779858
"local",2,1,9,87,154.184148705113,29.4717366748837,0.33875559396418,1.00074186114678,4.99226139123944,10.9747981559554,18.8057424758071
"local",2,0,9,316,251.735021863265,295.191126194328,0.934149133526353,0.735162004694915,1.13673785820584,1.78262132477047,2.73698314779858
"local",2,1,10,77,141.926473251733,25.7934571687752,0.334979963230847,1.0315934687955,5.19187791677705,11.8853730768683,18.8057424758071
"local",2,0,10,302,238.888262592498,284.090990919096,0.94069864542747,0.732075690185095,1.08907244227236,1.75253137540901,2.73698314779858
"local",2,1,11,72,138.761606769034,24.773451971092,0.344075721820722,1.05151274348009,5.2246621582568,12.3406605373249,18.8057424758071
"local",2,0,11,280,218.52497916038,265.721831914678,0.949006542552423,0.728769328004477,1.06464432465285,1.39683055411366,2.73698314779858
"local",2,1,12,72,138.761606769034,24.773451971092,0.344075721820722,1.05151274348009,5.2246621582568,12.3406605373249,18.8057424758071
"local",2,0,12,259,201.162334068776,245.862357406297,0.949275511221225,0.726585846123607,1.06332803386007,1.35894633591067,2.73698314779858
"local",2,1,13,65,126.282254783845,21.7911574497018,0.335248576149258,1.09215219029728,5.1549673414259,12.9780629819639,18.8057424758071
"local",2,0,13,248,192.254669600729,234.999531649268,0.947578756650274,0.725633579794744,1.06395423872293,1.35917779523923,2.73698314779858
"local",2,1,14,62,124.43539185962,21.19889199843,0.341917612877904,1.12934723230409,5.26133245249065,13.2512354582378,18.8057424758071
"local",2,0,14,241,186.411788780432,228.237817763068,0.947044886983685,0.723871241408029,1.05326683420106,1.35932508753923,2.73698314779858
"local",2,1,15,62,124.43539185962,21.19889199843,0.341917612877904,1.12934723230409,5.26133245249065,13.2512354582378,18.8057424758071
"local",2,0,15,228,174.437982539148,221.186606618998,0.970116695697361,0.724651721776413,1.04663554409852,1.34036094156759,1.78754312490476
"local",2,1,16,59,119.637164231188,19.8952881058835,0.337208272981076,1.10272348823908,5.64781555159307,13.5244079345118,18.8057424758071
"local",2,0,16,208,156.988395218402,202.449480224701,0.973314808772599,0.720758557089443,0.942821230798141,1.28856315360119,1.78754312490476
"local",2,1,17,57,117.664980800746,19.3074551950574,0.338727284123813,1.10272348823908,5.99884361367392,13.7065229186943,18.8057424758071
"local",2,0,17,197,147.902537203958,191.933783489439,0.974283164921008,0.71901090496332,0.890138648492654,1.2952075827638,1.78754312490476
"local",2,1,18,51,112.294063164702,17.7287528281496,0.347622604473522,1.16978780352318,7.05192779991649,14.2528678712421,18.8057424758071
"local",2,0,18,190,142.378962831501,185.104601824522,0.974234746444851,0.717343196344119,0.888613679924372,1.29994418927868,1.78754312490476
"local",2,1,19,47,107.652389214846,16.4445325273382,0.349883670794429,1.25844652735293,7.75398392407817,14.6170978396073,18.8057424758071
"local",2,0,19,179,133.333562754015,174.819602106649,0.976645821824853,0.71640237383974,0.883525327513515,1.26350912012561,1.78754312490476
"local",2,1,20,43,103.291459208559,15.3059301044499,0.355951862894184,1.30087253016839,8.45604004823988,14.9813278079725,18.8057424758071
"local",2,0,20,169,125.862123628193,164.922002526018,0.975869837432057,0.71640237383974,0.868618283914028,1.27590112495885,1.78754312490476
"local",2,1,21,42,102.33272536406,15.0429509127973,0.358165497923745,1.31537712018933,8.63155407928029,15.0723853000638,18.8057424758071
"local",2,0,21,162,120.568764853026,157.960743744267,0.975066319409057,0.715668398034762,0.8804740278568,1.28457552834212,1.78754312490476
"local",2,1,22,41,101.559253425782,14.8291530570668,0.361686659928457,1.32988171021027,8.80706811032073,15.1634427921551,18.8057424758071
"local",2,0,22,156,115.122587227733,153.843298045392,0.986174987470459,0.715026286727992,0.843288863476668,1.13560777808219,1.36016675782492
"local",2,1,23,38,96.0015938580384,13.5418646273093,0.356364858613403,1.31537712018933,8.9410068837742,15.436615268429,18.8057424758071
"local",2,0,23,149,109.77397261627,146.899825304212,0.985904867813506,0.714815161671403,0.828198622499543,1.1484163693526,1.36016675782492
"local",2,1,24,34,92.8420666705812,12.7225519347812,0.374192703964152,1.36236902981946,9.11959191504548,15.8008452367942,18.8057424758071
"local",2,0,24,142,103.852883401873,140.65501661413,0.990528286015003,0.714399753379995,0.82475599704758,1.02845579495795,1.23624670949247
"local",2,1,25,33,91.5836201432283,12.4089948491156,0.376030146942896,1.37725378811384,9.16423817286331,15.8919027288855,18.8057424758071
"local",2,0,25,137,100.235422394258,135.670546974187,0.990295963315232,0.713984345088586,0.824946987362559,1.03148153145101,1.23624670949247
"local",3,1,1,1000,977.789561019591,676.800538341726,0.676800538341726,0.820614724254615,1.8724519610283,4.12959434931473,10.4341175470944
"local",3,0,1,738,738.088171799311,569.029476720586,0.771042651382908,0.842701789285232,1.67983337366178,2.52924169539323,10.4341175470944
"local",3,1,2,715,680.854172757761,186.282330162868,0.260534727500515,0.667167353314181,2.15981321749532,4.5165745349411,39.1818057086846
"local",3,0,2,424,360.011291970516,287.834121819352,0.678854060894699,0.669289745527019,1.66898309029467,3.37940341703164,7.15758340169609
"local",3,1,3,501,489.285563476742,92.232386978092,0.184096580794595,0.587106286364163,2.30022932076165,4.88201365986626,39.1818057086846
"local",3,0,3,262,196.113572048777,67.5616360074242,0.257868839722993,0.52469093005099,1.27402329457446,3.44994416595573,17.2216909867623
"local",3,1,4,359,342.643834562947,56.9120923845905,0.158529505249556,0.536791245751366,2.52964598288613,4.72440275128287,39.1818057086846
"local",3,0,4,174,98.2865918566015,74.8039776183738,0.429907917346976,0.423220536051346,0.949206359754574,2.67090086144609,8.00379396942348
"local",3,1,5,129,199.284711192009,21.0295398794596,0.163019688988059,0.841420616761843,3.83280034436814,5.53245534367576,39.1818057086846
"local",3,0,5,132,65.2631111496403,40.6998411695436,0.3083321300723,0.365090339064626,0.938436878320591,1.43531797120746,8.67256822698086
"local",3,1,6,87,165.462137318275,14.7978513344732,0.17009024522383,1.04340722483423,4.3215017173169,10.4609010023622,39.1818057086846
"local",3,0,6,111,45.4575465189915,97.5450563978323,0.878784291872363,0.354475846938236,0.728401608886374,1.01667881961233,1.0349493570878
"local",3,1,7,68,138.509593938212,10.7557200523874,0.158172353711579,1.05156252965225,4.31079126374135,16.8062171584101,39.1818057086846
"local",3,0,7,93,37.3478941837098,82.1396916361366,0.883222490711146,0.350070554943199,0.71547770532138,0.98992110293433,1.0349493570878
"local",3,1,8,45,116.974807489363,7.80100376151576,0.173355639144795,1.23633122666293,4.78276381564704,24.4873893473104,39.1818057086846
"local",3,0,8,81,31.4425826059587,72.5274760780902,0.895400939235681,0.343695583877122,0.598549452258707,0.995794353476088,1.0349493570878
"local",3,1,9,34,108.040427248811,6.68708823311632,0.196679065679892,1.76966079298169,5.19820058949587,28.160993437654,39.1818057086846
"local",3,0,9,71,26.9899250385698,63.4211331430413,0.893255396380864,0.333892264550179,0.598519794911054,1.00068872892755,1.0349493570878
"local",3,1,10,25,92.1300633510491,4.9901082661939,0.199604330647756,2.07053262820469,5.60472664187682,31.1666695115713,39.1818057086846
"local",3,0,10,61,23.1855888271937,53.8766642996024,0.883224004911515,0.331148625937682,0.598549452258707,1.00558310437902,1.0349493570878
"local",3,1,11,21,86.7636075774093,4.44755105836196,0.211788145636284,2.30197775390612,5.78540488737946,32.5025255444236,39.1818057086846
"local",3,0,11,55,20.1975343159858,50.2019663653233,0.91276302482406,0.325217282646048,0.552971059935182,0.816352501673935,0.986005602573159
"local",3,1,12,17,82.0420360827912,3.99214870591844,0.234832276818732,2.71976215360319,12.4646850516405,33.8383815772758,39.1818057086846
"local",3,0,12,52,18.7700371403202,47.6824918347154,0.916970996821451,0.323757696582246,0.531195986232668,0.788402965912789,0.986005602573159
"local",3,1,13,16,81.5000607875402,3.9402645743831,0.246266535898944,2.87987415418204,14.1345050927057,34.1723455854888,39.1818057086846
"local",3,0,13,48,16.7878390019051,46.3170183941374,0.964937883211196,0.3233556692034,0.514591685818107,0.567946817412912,0.598549452258707
"local",3,1,14,13,71.2942359560294,3.09331943225033,0.237947648634641,2.71976215360319,19.1439652159015,35.1742376101279,39.1818057086846
"local",3,0,14,41,14.1442041669906,39.8051291693723,0.97085680900908,0.320770292500492,0.487161008530216,0.531807298139695,0.5334374632251
"local",3,1,15,13,71.2942359560294,3.09331943225033,0.237947648634641,2.71976215360319,19.1439652159015,35.1742376101279,39.1818057086846
"local",3,0,15,37,12.810184161271,35.8546193670806,0.969043766677855,0.320770292500492,0.49560121692649,0.531970314648235,0.5334374632251
"local",3,1,16,12,69.0176841300378,2.90809544155573,0.24234128679631,2.87987415418204,20.8137852569667,35.508201618341,39.1818057086846
"local",3,0,16,33,11.4075752463152,31.8958892238227,0.966542097691597,0.320595723752335,0.504041425322764,0.532133331156776,0.5334374632251
"local",3,1,17,12,69.0176841300378,2.90809544155573,0.24234128679631,2.87987415418204,20.8137852569667,35.508201618341,39.1818057086846
"local",3,0,17,31,10.3910521872734,30.3095620606888,0.977727808409317,0.318076612824905,0.444769722284733,0.507787102188054,0.5334374632251
"local",3,1,18,11,65.9776979752769,2.6726336010959,0.242966691008718,2.71976215360319,22.483605298032,35.8421656265541,39.1818057086846
"local",3,0,18,30,9.94311592750507,29.4091639725304,0.980305465751012,0.317799673247043,0.407430108810128,0.506805522482165,0.5334374632251
"local",3,1,19,10,64.4461178759738,2.55366870344423,0.255366870344423,2.90704402756355,24.1534253390972,36.1761296347671,39.1818057086846
"local",3,0,19,29,9.60958220784123,28.4093522802054,0.979632837248463,0.317522733669181,0.411227117253579,0.507723865266404,0.5334374632251
"local",3,1,20,9,61.7263557223706,2.3533798967546,0.261486655194955,3.0943259015239,25.8232453801625,36.5100936429802,39.1818057086846
"local",3,0,20,25,8.25151263357532,24.4195274913456,0.976781099653824,0.31737212443827,0.426415151027382,0.511397236403361,0.5334374632251
"local",3,1,21,8,59.4243779684645,2.18828484963961,0.273535606204952,3.33984853025948,27.4930654212278,36.8440576511932,39.1818057086846
"local",3,0,21,23,7.6135310508398,22.4263431048341,0.975058395862354,0.31737212443827,0.434009167914284,0.513233921971839,0.5334374632251
"local",3,1,22,7,55.8390068094694,1.9477059812737,0.278243711610528,3.0943259015239,29.162885462293,37.1780216594063,39.1818057086846
"local",3,0,22,22,7.29615892640153,21.430759978731,0.974125453578684,0.31694336928223,0.437806176357735,0.514152264756078,0.5334374632251
"local",3,1,23,7,55.8390068094694,1.9477059812737,0.278243711610528,3.0943259015239,29.162885462293,37.1780216594063,39.1818057086846
"local",3,0,23,18,5.93603575673948,17.4444920841951,0.969138449121952,0.309107874479263,0.455378326564773,0.517825635893035,0.5334374632251
"local",3,1,24,7,55.8390068094694,1.9477059812737,0.278243711610528,3.0943259015239,29.162885462293,37.1780216594063,39.1818057086846
"local",3,0,24,18,5.93603575673948,17.4444920841951,0.969138449121952,0.309107874479263,0.455378326564773,0.517825635893035,0.5334374632251
"local",3,1,25,7,55.8390068094694,1.9477059812737,0.278243711610528,3.0943259015239,29.162885462293,37.1780216594063,39.1818057086846
"local",3,0,25,16,5.09271787785603,15.8208543555913,0.988803397224458,0.308137473015312,0.358762265653558,0.42503500097166,0.441603184801186
"common",1,1,1,1000,976.222262840954,545.314627096922,0.545314627096922,0.892300647383852,0.957910715422324,2.43154686046306,24.3823932984328
"common",1,0,1,977,880.026153107454,975.98690998892,0.998963060377605,0.891817006729855,0.946609477518254,1.00342980907926,1.31679144251897
"common",1,1,2,955,911.547171472145,421.597545777711,0.441463398720116,0.803757585295478,0.982311136671614,6.61342901564525,24.3823932984328
"common",1,0,2,913,745.918801678046,910.43828492192,0.99719417844679,0.802581720755029,0.898539263442397,0.982614783163996,1.14436365099642
"common",1,1,3,930,868.478542192317,302.893028904743,0.325691428929831,0.736174960439764,1.07287038279342,6.79106903508191,24.3823932984328
"common",1,0,3,878,659.509526710669,873.931871878564,0.995366596672625,0.73399138558191,0.835941520960893,0.976810739059099,1.22544889385678
"common",1,1,4,902,843.663037612379,246.78171852138,0.273593922972705,0.689453238697363,1.29046190045926,7.43735608989793,24.3823932984328
"common",1,0,4,843,594.571517330331,837.8091044932,0.993842354084461,0.687024202834624,0.79606163107835,0.931726501650526,1.29428187160367
"common",1,1,5,62,298.925972754686,27.9884275859136,0.451426251385703,2.77508632922362,16.3520856765581,24.0505971338795,24.3823932984328
"common",1,0,5,813,543.160493429207,807.892043800579,0.993717151046223,0.650752441698557,0.754250723359456,0.882486621174031,1.14262299415946
"common",1,1,6,61,291.244190046157,27.0687352778372,0.443749758653069,2.76923515603837,16.387000814625,24.0560364152656,24.3823932984328
"common",1,0,6,789,526.524731090427,784.033728549491,0.99370561286374,0.649678801328436,0.751939810112157,0.885070373094667,1.14262299415946
"common",1,1,7,60,287.91487266082,26.547311619129,0.442455193652149,2.64116892656728,16.5245445778006,24.0614756966517,24.3823932984328
"common",1,0,7,775,516.404853117219,770.57549695367,0.994290963811187,0.649232144773317,0.749414705572311,0.87281637412127,1.12238519045172
"common",1,1,8,58,279.181911069492,25.5137339519707,0.439891964689149,2.64116892656728,16.7996321041517,24.072354259424,24.3823932984328
"common",1,0,8,754,501.41218259901,750.025173916349,0.994728347369163,0.648876242522532,0.739042623418655,0.866873459776517,1.12238519045172
"common",1,1,9,56,276.748886941297,25.0960964668101,0.448144579764465,2.77508632922362,17.0747196305028,24.0832328221962,24.3823932984328
"common",1,0,9,742,492.89943622659,738.415582275488,0.995169248349714,0.648746186125894,0.735845828353713,0.861943307478281,1.12238519045172
"common",1,1,10,53,271.707991769292,24.2635188894662,0.457802243197476,2.82258064724313,17.4873509200295,24.0995506663546,24.3823932984328
"common",1,0,10,728,483.005745122429,724.593152768898,0.995320264792443,0.648543514546986,0.73371436814146,0.861990753207922,1.12238519045172
"common",1,1,11,52,271.148528164836,24.1661875783356,0.464734376506454,2.8274442031179,17.624894683205,24.1049899477407,24.3823932984328
"common",1,0,11,711,471.66611769591,707.640188375709,0.995274526548114,0.648354594390114,0.733564025984582,0.864011079347982,1.12238519045172
"common",1,1,12,51,268.379293008798,23.7349180608262,0.465390550212279,2.83230775899266,17.7624384463806,24.1104292291268,24.3823932984328
"common",1,0,12,694,460.124158135665,690.710429732005,0.995259985204618,0.648112441178992,0.733001791854503,0.865448818680924,1.12238519045172
"common",1,1,13,51,268.379293008798,23.7349180608262,0.465390550212279,2.83230775899266,17.7624384463806,24.1104292291268,24.3823932984328
"common",1,0,13,680,449.786384759755,677.385497173332,0.996155142901959,0.647867019843128,0.730359627216403,0.846479745496029,1.02202582193009
"common",1,1,14,49,265.88677468573,23.3201258090941,0.475920934879471,2.91847417155656,18.0375259727317,24.1213077918991,24.3823932984328
"common",1,0,14,665,439.738158059796,662.448832660481,0.996163658136062,0.647842913334072,0.730216253754576,0.847777623264581,1.02202582193009
"common",1,1,15,49,265.88677468573,23.3201258090941,0.475920934879471,2.91847417155656,18.0375259727317,24.1213077918991,24.3823932984328
"common",1,0,15,653,431.11807559351,650.655137890821,0.996409093247812,0.647502043795356,0.725595094365455,0.844558817088707,1.02202582193009
"common",1,1,16,47,261.916322737038,22.6973492826017,0.482922325161739,3.06156647110787,18.3126134990828,24.1321863546713,24.3823932984328
"common",1,0,16,640,422.474035845596,637.667942356464,0.996356159931975,0.647042835739852,0.726035284173362,0.844584791971544,1.02202582193009
"common",1,1,17,46,257.27887587271,22.0576660574365,0.479514479509489,2.99002032133221,18.4501572622584,24.1376256360574,24.3823932984328
"common",1,0,17,629,414.838573440645,626.716526037219,0.996369675734847,0.646785294886549,0.725722666596185,0.84460677071856,1.02202582193009
"common",1,1,18,45,255.747262651142,21.8128751962675,0.484730559917056,3.06156647110787,18.5877010254339,24.1430649174435,24.3823932984328
"common",1,0,18,620,408.766932597323,617.743756440224,0.996360897484232,0.646666609911403,0.725371842961677,0.844624753329755,1.02202582193009
"common",1,1,19,42,245.30080107219,20.4285477611971,0.486393994314217,3.19532229408721,19.0003323149606,24.1593827616019,24.3823932984328
"common",1,0,19,610,402.197650049791,607.76376231976,0.996334036589771,0.646666609911403,0.724657754265751,0.84464473400886,1.02202582193009
"common",1,1,20,41,231.018227425806,19.467108350103,0.474807520734219,3.06156647110787,19.1378760781362,24.164822042988,24.3823932984328
"common",1,0,20,602,396.900088764662,599.774289077668,0.996302805776858,0.646604057524675,0.725264150388634,0.844660718552145,1.02202582193009
"common",1,1,21,40,207.179762265985,19.7508560252255,0.493771400630637,2.99002032133221,16.5245445778006,22.3370315825171,24.3823932984328
"common",1,0,21,587,386.767085904199,584.810839368819,0.996270595176864,0.646038518251372,0.724885152811833,0.845874069204038,1.02202582193009
"common",1,1,22,40,207.179762265985,19.7508560252255,0.493771400630637,2.99002032133221,16.5245445778006,22.3370315825171,24.3823932984328
"common",1,0,22,581,382.790711567363,578.822654786976,0.996252417877756,0.646038518251372,0.725339949903995,0.846393220311459,1.02202582193009
"common",1,1,23,39,201.827729856041,18.9939446536994,0.487024221889728,2.91847417155656,16.6620883409762,22.3894767547201,24.3823932984328
"common",1,0,23,568,374.080931807313,565.838910442361,0.996195264863312,0.645900832194909,0.725754559653868,0.847518047710871,1.02202582193009
"common",1,1,24,38,199.349384910519,18.5835599463176,0.489041051218883,2.99002032133221,16.7996321041517,22.4419219269231,24.3823932984328
"common",1,0,24,560,368.838151115437,557.845210359865,0.996152161356903,0.645669604493293,0.726035284173362,0.848210249187431,1.02202582193009
"common",1,1,25,37,198.551976258447,18.4406699857312,0.498396486100843,3.06156647110787,16.9371758673273,22.494367099126,24.3823932984328
"common",1,0,25,553,364.318182834139,550.849464214797,0.996111146862201,0.645739997952581,0.726437595983378,0.848815925479423,1.02202582193009
"common",2,1,1,1000,1001.40986239887,701.928751486047,0.701928751486047,0.912885804931017,1.22928430316995,3.29281430399338,15.5199892266776
"common",2,0,1,925,878.956339275847,914.872428491911,0.98905127404531,0.913586786678331,1.13163717662513,1.38541368524716,1.79014248008895
"common",2,1,2,882,861.266667494875,546.927664321805,0.620099392655108,0.840507589300362,1.62660307395424,4.33949991109338,15.5199892266776
"common",2,0,2,747,681.323226996043,703.50856566695,0.941778535029384,0.842841461400341,1.21554977488223,1.93358165611623,3.41412115036036
"common",2,1,3,775,771.222546895347,337.352867039212,0.43529402198608,0.781876759334312,1.79856589954069,4.81256540227367,21.0942719834395
"common",2,0,3,624,544.538870461656,535.949796655589,0.858893904896777,0.782459750836715,1.2401979334932,1.97039969444109,6.20390656131279
"common",2,1,4,688,671.837698902266,278.702150958813,0.405090335695949,0.743734287171846,1.93753558037691,4.8076592970871,21.0942719834395
"common",2,0,4,527,438.18697121906,473.93312472724,0.899303841987173,0.743950882585843,1.27827485170607,1.96401127374947,3.29950617148357
"common",2,1,5,155,231.648724726369,43.4702798148558,0.28045341816036,0.730488227106975,4.81407497310031,11.7156194352086,21.0942719834395
"common",2,0,5,448,358.489237208908,401.897540399976,0.897092724107089,0.715058818667308,1.25439991846624,2.02800597885675,2.8629996259033
"common",2,1,6,126,214.72101262044,37.7801278935212,0.299842284869216,0.792751493453466,5.06960561883536,13.7587069158123,21.0942719834395
"common",2,0,6,410,321.174367540074,371.31574290371,0.905648153423684,0.70960437879614,1.13007974355079,1.85972041169828,2.8629996259033
"common",2,1,7,107,198.644897250292,32.986404449079,0.30828415372971,0.909437944435766,5.45834587560471,15.0972814720699,21.0942719834395
"common",2,0,7,382,294.931859430671,349.81784239583,0.91575351412521,0.706194582237423,1.10447405011818,1.854854892281,2.8629996259033
"common",2,1,8,92,186.821440314208,29.5376062975174,0.321060938016494,0.979376488083638,5.62921825628924,16.0216746747862,21.0942719834395
"common",2,0,8,350,266.62437838853,325.891407775009,0.931118307928597,0.69972954762801,1.0934991638116,1.77292228366706,2.58607179629129
"common",2,1,9,87,183.272724016772,28.5164572211653,0.327775370358221,1.04174067299781,5.6497737365077,16.3003888126243,21.0942719834395
"common",2,0,9,316,237.854895344524,295.191126194327,0.934149133526352,0.694626756315853,1.07406058281621,1.68433142716434,2.58607179629129
"common",2,1,10,77,168.666111804318,25.1515385318569,0.326643357556583,1.04174067299781,5.6587256956324,16.8578170883004,21.0942719834395
"common",2,0,10,302,225.716478690189,284.090990919096,0.940698645427469,0.691710614535897,1.0290233351798,1.65590057275513,2.58607179629129
"common",2,1,11,72,164.046865480115,23.98520439728,0.333127838851111,1.0672671791828,5.74185982530286,17.1365312261386,21.0942719834395
"common",2,0,11,280,206.475982815729,265.721831914678,0.949006542552422,0.688586558039423,1.00594213131375,1.31981232807251,2.58607179629129
"common",2,1,12,72,164.046865480115,23.98520439728,0.333127838851111,1.0672671791828,5.74185982530286,17.1365312261386,21.0942719834395
"common",2,0,12,259,190.070676551228,245.862357406297,0.949275511221223,0.686523468643212,1.00469841795817,1.28401696400601,2.58607179629129
"common",2,1,13,65,152.769564327726,21.515524358069,0.331008067047215,1.09912198110651,5.8582476068415,17.5267310191119,21.0942719834395
"common",2,0,13,248,181.65416150247,234.999531649268,0.947578756650273,0.685623708227219,1.0052900952346,1.28423566116609,2.58607179629129
"common",2,1,14,62,150.657051648482,20.9536600354004,0.337962258635491,1.22521831218352,5.90812808464377,17.6939595018148,21.0942719834395
"common",2,0,14,241,176.133444536927,228.237817763068,0.947044886983684,0.683958541380623,0.995191971162557,1.28437483208613,2.58607179629129
"common",2,1,15,62,150.657051648482,20.9536600354004,0.337962258635491,1.22521831218352,5.90812808464377,17.6939595018148,21.0942719834395
"common",2,0,15,228,164.819848163581,221.186606618998,0.97011669569736,0.684695987743733,0.988926316103264,1.26645632824827,1.68898184984762
"common",2,1,16,59,144.009479709586,19.5990709038719,0.332187642438507,1.22810999771827,6.1797654178417,17.8611879845176,21.0942719834395
"common",2,0,16,208,148.332393477059,202.4494802247,0.973314808772597,0.681017483766319,0.890836100278078,1.21751455866598,1.68898184984762
"common",2,1,17,57,141.797295120942,19.054487818254,0.334289259969368,1.22810999771827,6.43477592510555,17.9726736396528,21.0942719834395
"common",2,0,17,197,139.747510089976,191.933783489438,0.974283164921006,0.679366193411561,0.841058322009477,1.22379262832589,1.68898184984762
"common",2,1,18,51,134.612357074325,17.3749415141722,0.340685127728867,1.23755510124445,7.19980744689712,18.3071306050586,21.0942719834395
"common",2,0,18,190,134.528493702968,185.104601824521,0.97423474644485,0.677790438651063,0.839617436921151,1.22826806856676,1.68898184984762
"common",2,1,19,47,129.361649440237,16.1747014710779,0.344142584491018,1.26539864451057,7.70982846142481,18.530101915329,21.0942719834395
"common",2,0,19,179,125.981837489402,174.819602106649,0.976645821824852,0.676901491071737,0.834809645294852,1.19384195059506,1.68898184984762
"common",2,1,20,43,124.490719300092,15.1223686669704,0.351682992255127,1.45917976928903,8.21984947595252,18.7530732255995,21.0942719834395
"common",2,0,20,169,118.922357413123,164.922002526018,0.975869837432057,0.676901491071737,0.820724543948969,1.20555068699138,1.68898184984762
"common",2,1,21,42,123.739711121901,14.9486902223206,0.355921195769539,1.4739149648469,8.34735472958443,18.8088160531671,21.0942719834395
"common",2,0,21,162,113.920863031573,157.960743744267,0.975066319409057,0.676207985110642,0.831926587724471,1.21374680246881,1.68898184984762
"common",2,1,22,41,122.502156020657,14.6731134801687,0.35788081658948,1.48865016040477,8.47485998321637,18.8645588807348,21.0942719834395
"common",2,0,22,156,108.774975901909,153.843298045392,0.98617498747046,0.675601278437328,0.79679173315978,1.07299281287482,1.2851700944864
"common",2,1,23,38,114.470123749953,13.2676047386225,0.349147493121645,1.4739149648469,9.53162936973555,19.0317873634376,21.0942719834395
"common",2,0,23,149,103.72127237178,146.899825304212,0.985904867813507,0.675401794361303,0.782533535544801,1.08509516603006,1.2851700944864
"common",2,1,24,34,111.262523145877,12.5691200327384,0.369680000962894,1.67070940063924,10.9406552184278,19.2547586737081,21.0942719834395
"common",2,0,24,142,98.1266592544158,140.65501661413,0.990528286015002,0.675009290787717,0.779280729040063,0.971748959145877,1.16808273052314
"common",2,1,25,33,109.773872985472,12.262621535047,0.371594591971121,1.74744350447498,11.2929116806009,19.3105015012757,21.0942719834395
"common",2,0,25,137,94.7086572497273,135.670546974187,0.990295963315232,0.674616787214131,0.779461188560732,0.974607863050349,1.16808273052314
"common",3,1,1,1000,989.892032930946,672.655683679326,0.672655683679326,0.954971961172975,1.92128031823063,2.90301490238264,12.4417661808171
"common",3,0,1,738,880.10513710486,569.029476720588,0.77104265138291,1.00484766202032,2.00305334528774,3.01589795656642,12.4417661808171
"common",3,1,2,715,669.729694293346,311.619855462522,0.435831965681849,0.847549831962362,2.08081343646859,3.97973997841884,20.1091807076326
"common",3,0,2,424,513.458727892359,287.834121819352,0.678854060894697,0.95456078460408,2.38035293205955,4.8198048734712,10.2083566548777
"common",3,1,3,501,483.336693005077,105.371015509311,0.210321388242138,0.77053533731914,1.9137740514698,4.14516593085541,29.7035945429456
"common",3,0,3,262,338.25238375159,67.561636007424,0.257868839722993,0.904975397513252,2.19740740960896,5.95038796016714,29.7035945429456
"common",3,1,4,359,317.759540319682,100.389204860241,0.279635668134376,0.719379580612972,1.87651405464607,4.17737228522537,20.1091807076326
"common",3,0,4,174,192.90072502042,74.803977618374,0.429907917346977,0.830627522083034,1.86294581521144,5.24200405058617,15.7085277905295
"common",3,1,5,129,103.848510491706,21.5735382974455,0.167236730987949,0.466927919493515,2.00075484382148,2.87970524055641,20.1091807076326
"common",3,0,5,132,140.917485128368,40.6998411695436,0.3083321300723,0.788310755024953,2.02629268686623,3.09916881526451,18.7259921052211
"common",3,1,6,87,86.6786944669105,15.3173626595189,0.176061639764585,0.54387634890804,2.19417075156568,5.36882220756177,20.1091807076326
"common",3,0,6,111,98.1528925410017,97.5450563978323,0.878784291872363,0.765391719906689,1.57278010624369,2.19523433558893,2.23468446518947
"common",3,1,7,68,72.7545237848908,11.188734843449,0.164540218286014,0.552073086706617,2.18719307836355,8.62541303897272,20.1091807076326
"common",3,0,7,93,80.6423602935731,82.1396916361366,0.883222490711146,0.75587972058178,1.54487454127231,2.13745850977218,2.23468446518947
"common",3,1,8,45,61.4871507767604,8.11912223292359,0.180424938509413,0.642407402089567,2.566808463682,12.5676019401545,20.1091807076326
"common",3,0,8,81,67.8914870701363,72.5274760780902,0.895400939235682,0.742114748692257,1.29240059279221,2.15014015613096,2.23468446518947
"common",3,1,9,34,56.7811209943622,6.95749713275666,0.20463226861049,0.886231529244529,2.76140603541758,14.452996632024,20.1091807076326
"common",3,0,9,71,58.2772150030943,63.4211331430413,0.893255396380864,0.720947214979443,1.29233655602208,2.16070819476327,2.23468446518947
"common",3,1,10,25,48.6856084967173,5.2386743380829,0.209546973523316,1.07586499308676,2.90528344707292,15.9955922890081,20.1091807076326
"common",3,0,10,61,50.0628120724602,53.8766642996024,0.883224004911515,0.715023092660364,1.29240059279221,2.17127623339559,2.23468446518947
"common",3,1,11,21,45.9172830046868,4.68224912404501,0.222964244002143,1.19612569565711,2.96922896336418,16.6811903587789,20.1091807076326
"common",3,0,11,55,43.610941793392,50.2019663653233,0.91276302482406,0.702216011211648,1.19398676744303,1.76268552766928,2.12900407886633
"common",3,1,12,17,43.3494302561834,4.19023945012106,0.246484673536533,1.56020453445406,6.39721931221785,17.3667884285496,20.1091807076326
"common",3,0,12,52,40.5286598046985,47.6824918347154,0.916970996821451,0.699064442219361,1.14696956935684,1.70233630096853,2.12900407886633
"common",3,1,13,16,43.071273623171,4.137351457207,0.258584466075438,1.60117963188242,7.25421689943128,17.5381879459923,20.1091807076326
"common",3,0,13,48,36.2486558059444,46.3170183941374,0.964937883211197,0.698196376229526,1.11111721393709,1.22632273862919,1.29240059279221
"common",3,1,14,13,37.5870142972256,3.24026394120707,0.249251072400544,1.56020453445406,9.82520966107152,18.0523864983204,20.1091807076326
"common",3,0,14,41,30.5404637511752,39.8051291693722,0.970856809009079,0.692613976361278,1.05188831738764,1.14828952691096,1.15180941372195
"common",3,1,15,13,37.5870142972256,3.24026394120707,0.249251072400544,1.56020453445406,9.82520966107152,18.0523864983204,20.1091807076326
"common",3,0,15,37,27.6600196380235,35.8546193670807,0.969043766677856,0.692613976361278,1.07011259324901,1.14864151559206,1.15180941372195
"common",3,1,16,12,36.4186252648383,3.05150245719696,0.25429187143308,1.60117963188242,10.682207248285,18.2237860157631,20.1091807076326
"common",3,0,16,33,24.631476906418,31.8958892238227,0.966542097691597,0.692237043840916,1.08833686911038,1.14899350427316,1.15180941372195
"common",3,1,17,12,36.4186252648383,3.05150245719696,0.25429187143308,1.60117963188242,10.682207248285,18.2237860157631,20.1091807076326
"common",3,0,17,31,22.4365788923359,30.3095620606888,0.977727808409317,0.686797726431746,0.960356158655988,1.09642461354459,1.15180941372195
"common",3,1,18,11,34.8584207303843,2.81139042856508,0.255580948051371,1.64215472931077,11.5392048354984,18.3951855332057,20.1091807076326
"common",3,0,18,30,21.4693854792051,29.4091639725304,0.980305465751013,0.686199752658241,0.879731678244044,1.09430516595513,1.15180941372195
"common",3,1,19,10,34.0625996983934,2.68842658764615,0.268842658764615,1.80373491446364,12.3962024227118,18.5665850506484,20.1091807076326
"common",3,0,19,29,20.7492124419012,28.4093522802054,0.979632837248463,0.685601778884736,0.887930258903729,1.09628807105054,1.15180941372195
"common",3,1,20,9,31.9661163716577,2.39203734247937,0.265781926942153,1.64215472931077,13.2532000099252,18.7379845680911,20.1091807076326
"common",3,0,20,25,17.8168399934578,24.4195274913456,0.976781099653824,0.685276580259001,0.920724581542466,1.10421969143217,1.15180941372195
"common",3,1,21,8,30.7699906760006,2.22382145059677,0.277977681324596,1.80373491446364,14.1101975971386,18.9093840855338,20.1091807076326
"common",3,0,21,23,16.439296713439,22.4263431048341,0.975058395862354,0.685276580259001,0.937121742861835,1.10818550162298,1.15180941372195
"common",3,1,22,7,29.1278359466898,2.00549306959507,0.286499009942153,1.96531509961651,14.967195184352,19.0807836029765,20.1091807076326
"common",3,0,22,22,15.75402013318,21.430759978731,0.974125453578683,0.684350803089314,0.94532032352152,1.11016840671839,1.15180941372195
"common",3,1,23,7,29.1278359466898,2.00549306959507,0.286499009942153,1.96531509961651,14.967195184352,19.0807836029765,20.1091807076326
"common",3,0,23,18,12.8172135182741,17.4444920841951,0.969138449121952,0.667432237564009,0.983262480612316,1.11810002710002,1.15180941372195
"common",3,1,24,7,29.1278359466898,2.00549306959507,0.286499009942153,1.96531509961651,14.967195184352,19.0807836029765,20.1091807076326
"common",3,0,24,18,12.8172135182741,17.4444920841951,0.969138449121952,0.667432237564009,0.983262480612316,1.11810002710002,1.15180941372195
"common",3,1,25,7,29.1278359466898,2.00549306959507,0.286499009942153,1.96531509961651,14.967195184352,19.0807836029765,20.1091807076326
"common",3,0,25,16,10.9963037797916,15.8208543555913,0.988803397224459,0.66533692627014,0.774647045540574,0.917744532453078,0.953518904181204
