"scenario","conf_mult","iteration","seed","covariate","covariate_label","n_arm1","n_arm0","smd_before","smd_after","abs_smd_before","abs_smd_after","weight_sum_arm1_before","weight_sum_arm1_after","weight_sum_arm0_before","weight_sum_arm0_after","ess_arm1_before","ess_arm1_after","ess_arm0_before","ess_arm0_after"
"small",0.5,1,3026,"x1","Baseline x1",351,1286,0.659661371146568,0.0998596941011978,0.659661371146568,0.0998596941011978,351,449.444474366375,1286,1180.08257895376,351,235.063946330086,1286,1271.97490730445
"small",0.5,1,3026,"L1","L1 at tau=5",351,1286,0.366986778393784,0.00768444359912516,0.366986778393784,0.00768444359912516,351,449.444474366375,1286,1180.08257895376,351,235.063946330086,1286,1271.97490730445
"small",0.5,1,3026,"L2","L2 at tau=5",351,1286,0.382116529245784,0.108283318785523,0.382116529245784,0.108283318785523,351,449.444474366375,1286,1180.08257895376,351,235.063946330086,1286,1271.97490730445
"small",0.5,1,3026,"L1lag","L1 at tau-1=4",351,1286,0.380451863200398,0.0272142992466162,0.380451863200398,0.0272142992466162,351,449.444474366375,1286,1180.08257895376,351,235.063946330086,1286,1271.97490730445
"small",0.5,1,3026,"L2lag","L2 at tau-1=4",351,1286,0.444547941819297,0.177945525212234,0.444547941819297,0.177945525212234,351,449.444474366375,1286,1180.08257895376,351,235.063946330086,1286,1271.97490730445
"small",0.5,2,4026,"x1","Baseline x1",370,1248,0.605088249989796,0.0141728163709665,0.605088249989796,0.0141728163709665,370,503.328035633879,1248,1136.09144813996,370,253.098496005147,1248,1225.82990305549
"small",0.5,2,4026,"L1","L1 at tau=5",370,1248,0.49441999506868,0.177079619796005,0.49441999506868,0.177079619796005,370,503.328035633879,1248,1136.09144813996,370,253.098496005147,1248,1225.82990305549
"small",0.5,2,4026,"L2","L2 at tau=5",370,1248,0.316980172895795,0.0234514360460487,0.316980172895795,0.0234514360460487,370,503.328035633879,1248,1136.09144813996,370,253.098496005147,1248,1225.82990305549
"small",0.5,2,4026,"L1lag","L1 at tau-1=4",370,1248,0.572681119585507,0.257521660818351,0.572681119585507,0.257521660818351,370,503.328035633879,1248,1136.09144813996,370,253.098496005147,1248,1225.82990305549
"small",0.5,2,4026,"L2lag","L2 at tau-1=4",370,1248,0.395421518155482,0.0978883206487709,0.395421518155482,0.0978883206487709,370,503.328035633879,1248,1136.09144813996,370,253.098496005147,1248,1225.82990305549
"small",0.5,3,5026,"x1","Baseline x1",345,1271,0.690430280609338,0.0254575202893243,0.690430280609338,0.0254575202893243,345,459.703542725699,1271,1156.72254094855,345,221.049652596996,1271,1251.00126910557
"small",0.5,3,5026,"L1","L1 at tau=5",345,1271,0.402592711333719,0.0285984223273572,0.402592711333719,0.0285984223273572,345,459.703542725699,1271,1156.72254094855,345,221.049652596996,1271,1251.00126910557
"small",0.5,3,5026,"L2","L2 at tau=5",345,1271,0.426151294775642,0.132754182752144,0.426151294775642,0.132754182752144,345,459.703542725699,1271,1156.72254094855,345,221.049652596996,1271,1251.00126910557
"small",0.5,3,5026,"L1lag","L1 at tau-1=4",345,1271,0.454792798316866,0.0827729056899457,0.454792798316866,0.0827729056899457,345,459.703542725699,1271,1156.72254094855,345,221.049652596996,1271,1251.00126910557
"small",0.5,3,5026,"L2lag","L2 at tau-1=4",345,1271,0.418136789467273,0.107132656721745,0.418136789467273,0.107132656721745,345,459.703542725699,1271,1156.72254094855,345,221.049652596996,1271,1251.00126910557
"small",0.5,4,6026,"x1","Baseline x1",378,1265,0.625754109860735,0.106817196056856,0.625754109860735,0.106817196056856,378,491.46311847615,1265,1150.24737046251,378,265.63170614165,1265,1250.23461207951
"small",0.5,4,6026,"L1","L1 at tau=5",378,1265,0.40531306379705,0.0839269278761609,0.40531306379705,0.0839269278761609,378,491.46311847615,1265,1150.24737046251,378,265.63170614165,1265,1250.23461207951
"small",0.5,4,6026,"L2","L2 at tau=5",378,1265,0.421267104027287,0.12122468187638,0.421267104027287,0.12122468187638,378,491.46311847615,1265,1150.24737046251,378,265.63170614165,1265,1250.23461207951
"small",0.5,4,6026,"L1lag","L1 at tau-1=4",378,1265,0.400690944818233,0.0419030085052743,0.400690944818233,0.0419030085052743,378,491.46311847615,1265,1150.24737046251,378,265.63170614165,1265,1250.23461207951
"small",0.5,4,6026,"L2lag","L2 at tau-1=4",378,1265,0.409135252877431,0.122535780496952,0.409135252877431,0.122535780496952,378,491.46311847615,1265,1150.24737046251,378,265.63170614165,1265,1250.23461207951
"small",0.5,5,7026,"x1","Baseline x1",349,1249,0.58699636232255,-0.0300759391238509,0.58699636232255,0.0300759391238509,349,459.768338897889,1249,1149.04541913135,349,197.154085266507,1249,1229.20514424746
"small",0.5,5,7026,"L1","L1 at tau=5",349,1249,0.446712968849084,0.058655471116269,0.446712968849084,0.058655471116269,349,459.768338897889,1249,1149.04541913135,349,197.154085266507,1249,1229.20514424746
"small",0.5,5,7026,"L2","L2 at tau=5",349,1249,0.38359569299519,0.038652756177088,0.38359569299519,0.038652756177088,349,459.768338897889,1249,1149.04541913135,349,197.154085266507,1249,1229.20514424746
"small",0.5,5,7026,"L1lag","L1 at tau-1=4",349,1249,0.41445527070433,0.049370193514913,0.41445527070433,0.049370193514913,349,459.768338897889,1249,1149.04541913135,349,197.154085266507,1249,1229.20514424746
"small",0.5,5,7026,"L2lag","L2 at tau-1=4",349,1249,0.400278329231978,0.0137858264218519,0.400278329231978,0.0137858264218519,349,459.768338897889,1249,1149.04541913135,349,197.154085266507,1249,1229.20514424746
"small",0.5,6,8026,"x1","Baseline x1",367,1260,0.568583807041716,-0.0610542762815078,0.568583807041716,0.0610542762815078,367,509.851983526675,1260,1149.87050226708,367,235.952015084259,1260,1241.14642510937
"small",0.5,6,8026,"L1","L1 at tau=5",367,1260,0.274756121958177,-0.111825437275059,0.274756121958177,0.111825437275059,367,509.851983526675,1260,1149.87050226708,367,235.952015084259,1260,1241.14642510937
"small",0.5,6,8026,"L2","L2 at tau=5",367,1260,0.431568904485526,0.112439049410181,0.431568904485526,0.112439049410181,367,509.851983526675,1260,1149.87050226708,367,235.952015084259,1260,1241.14642510937
"small",0.5,6,8026,"L1lag","L1 at tau-1=4",367,1260,0.320542345447755,-0.0376718057659231,0.320542345447755,0.0376718057659231,367,509.851983526675,1260,1149.87050226708,367,235.952015084259,1260,1241.14642510937
"small",0.5,6,8026,"L2lag","L2 at tau-1=4",367,1260,0.376514996660161,0.0899462714209577,0.376514996660161,0.0899462714209577,367,509.851983526675,1260,1149.87050226708,367,235.952015084259,1260,1241.14642510937
"small",0.5,7,9026,"x1","Baseline x1",393,1294,0.560473767935918,-0.0612087190393314,0.560473767935918,0.0612087190393314,393,528.309098011942,1294,1189.19058648601,393,245.770824939791,1294,1272.9941352847
"small",0.5,7,9026,"L1","L1 at tau=5",393,1294,0.341418847701731,0.0998626872036638,0.341418847701731,0.0998626872036638,393,528.309098011942,1294,1189.19058648601,393,245.770824939791,1294,1272.9941352847
"small",0.5,7,9026,"L2","L2 at tau=5",393,1294,0.395309411222249,0.0532252421626561,0.395309411222249,0.0532252421626561,393,528.309098011942,1294,1189.19058648601,393,245.770824939791,1294,1272.9941352847
"small",0.5,7,9026,"L1lag","L1 at tau-1=4",393,1294,0.358645136478376,0.0418376682759604,0.358645136478376,0.0418376682759604,393,528.309098011942,1294,1189.19058648601,393,245.770824939791,1294,1272.9941352847
"small",0.5,7,9026,"L2lag","L2 at tau-1=4",393,1294,0.359523318023032,0.0328832320560082,0.359523318023032,0.0328832320560082,393,528.309098011942,1294,1189.19058648601,393,245.770824939791,1294,1272.9941352847
"small",0.5,8,10026,"x1","Baseline x1",357,1277,0.635829385549276,0.0868681234254821,0.635829385549276,0.0868681234254821,357,467.500117528157,1277,1171.38610636428,357,255.420673758527,1277,1256.83324093305
"small",0.5,8,10026,"L1","L1 at tau=5",357,1277,0.439833637537806,0.16136731912751,0.439833637537806,0.16136731912751,357,467.500117528157,1277,1171.38610636428,357,255.420673758527,1277,1256.83324093305
"small",0.5,8,10026,"L2","L2 at tau=5",357,1277,0.278314512100535,-0.0222006478852804,0.278314512100535,0.0222006478852804,357,467.500117528157,1277,1171.38610636428,357,255.420673758527,1277,1256.83324093305
"small",0.5,8,10026,"L1lag","L1 at tau-1=4",357,1277,0.413327866290632,0.105678366521019,0.413327866290632,0.105678366521019,357,467.500117528157,1277,1171.38610636428,357,255.420673758527,1277,1256.83324093305
"small",0.5,8,10026,"L2lag","L2 at tau-1=4",357,1277,0.321466447379598,-0.00283168541702356,0.321466447379598,0.00283168541702356,357,467.500117528157,1277,1171.38610636428,357,255.420673758527,1277,1256.83324093305
"small",0.5,9,11026,"x1","Baseline x1",344,1324,0.669240789656226,0.218276671040226,0.669240789656226,0.218276671040226,344,438.433578246862,1324,1214.21988584528,344,260.175419706635,1324,1309.23995199092
"small",0.5,9,11026,"L1","L1 at tau=5",344,1324,0.345480965610477,0.0492958091469567,0.345480965610477,0.0492958091469567,344,438.433578246862,1324,1214.21988584528,344,260.175419706635,1324,1309.23995199092
"small",0.5,9,11026,"L2","L2 at tau=5",344,1324,0.315233473081772,0.0793240658657254,0.315233473081772,0.0793240658657254,344,438.433578246862,1324,1214.21988584528,344,260.175419706635,1324,1309.23995199092
"small",0.5,9,11026,"L1lag","L1 at tau-1=4",344,1324,0.452905096670604,0.172333996685416,0.452905096670604,0.172333996685416,344,438.433578246862,1324,1214.21988584528,344,260.175419706635,1324,1309.23995199092
"small",0.5,9,11026,"L2lag","L2 at tau-1=4",344,1324,0.274369945246213,-0.00361506902565063,0.274369945246213,0.00361506902565063,344,438.433578246862,1324,1214.21988584528,344,260.175419706635,1324,1309.23995199092
"small",0.5,10,12026,"x1","Baseline x1",390,1257,0.82013087093194,0.327054474225826,0.82013087093194,0.327054474225826,390,468.621423092416,1257,1145.46284984462,390,281.198844877693,1257,1234.90079136872
"small",0.5,10,12026,"L1","L1 at tau=5",390,1257,0.338881399444836,0.0756661146175696,0.338881399444836,0.0756661146175696,390,468.621423092416,1257,1145.46284984462,390,281.198844877693,1257,1234.90079136872
"small",0.5,10,12026,"L2","L2 at tau=5",390,1257,0.480055520371723,0.234572974485262,0.480055520371723,0.234572974485262,390,468.621423092416,1257,1145.46284984462,390,281.198844877693,1257,1234.90079136872
"small",0.5,10,12026,"L1lag","L1 at tau-1=4",390,1257,0.360709728907799,0.0929634533146295,0.360709728907799,0.0929634533146295,390,468.621423092416,1257,1145.46284984462,390,281.198844877693,1257,1234.90079136872
"small",0.5,10,12026,"L2lag","L2 at tau-1=4",390,1257,0.458395314809936,0.178958504945032,0.458395314809936,0.178958504945032,390,468.621423092416,1257,1145.46284984462,390,281.198844877693,1257,1234.90079136872
"small",0.5,11,13026,"x1","Baseline x1",368,1312,0.670155776478929,0.121105673680187,0.670155776478929,0.121105673680187,368,460.563719656126,1312,1206.32405248605,368,260.575007036985,1312,1295.35512391431
"small",0.5,11,13026,"L1","L1 at tau=5",368,1312,0.388123669393579,0.103221471951207,0.388123669393579,0.103221471951207,368,460.563719656126,1312,1206.32405248605,368,260.575007036985,1312,1295.35512391431
"small",0.5,11,13026,"L2","L2 at tau=5",368,1312,0.523156161957676,0.211251674939839,0.523156161957676,0.211251674939839,368,460.563719656126,1312,1206.32405248605,368,260.575007036985,1312,1295.35512391431
"small",0.5,11,13026,"L1lag","L1 at tau-1=4",368,1312,0.40494192025882,0.0943540092780893,0.40494192025882,0.0943540092780893,368,460.563719656126,1312,1206.32405248605,368,260.575007036985,1312,1295.35512391431
"small",0.5,11,13026,"L2lag","L2 at tau-1=4",368,1312,0.442362630975421,0.18350641170493,0.442362630975421,0.18350641170493,368,460.563719656126,1312,1206.32405248605,368,260.575007036985,1312,1295.35512391431
"small",0.5,12,14026,"x1","Baseline x1",358,1245,0.588184126755475,0.0854548600670205,0.588184126755475,0.0854548600670205,358,473.301383511158,1245,1133.88498663244,358,260.078677907586,1245,1230.10987654262
"small",0.5,12,14026,"L1","L1 at tau=5",358,1245,0.381569542692408,0.0719876711004027,0.381569542692408,0.0719876711004027,358,473.301383511158,1245,1133.88498663244,358,260.078677907586,1245,1230.10987654262
"small",0.5,12,14026,"L2","L2 at tau=5",358,1245,0.320344731070911,-0.0250339267176311,0.320344731070911,0.0250339267176311,358,473.301383511158,1245,1133.88498663244,358,260.078677907586,1245,1230.10987654262
"small",0.5,12,14026,"L1lag","L1 at tau-1=4",358,1245,0.342716260795836,0.0532348091238497,0.342716260795836,0.0532348091238497,358,473.301383511158,1245,1133.88498663244,358,260.078677907586,1245,1230.10987654262
"small",0.5,12,14026,"L2lag","L2 at tau-1=4",358,1245,0.338408822812637,0.00796089894022019,0.338408822812637,0.00796089894022019,358,473.301383511158,1245,1133.88498663244,358,260.078677907586,1245,1230.10987654262
"small",0.5,13,15026,"x1","Baseline x1",381,1270,0.610602061917071,0.0912564815626212,0.610602061917071,0.0912564815626212,381,473.680033676564,1270,1163.71546078881,381,275.798937760841,1270,1249.4710915132
"small",0.5,13,15026,"L1","L1 at tau=5",381,1270,0.45371001245386,0.183049398312487,0.45371001245386,0.183049398312487,381,473.680033676564,1270,1163.71546078881,381,275.798937760841,1270,1249.4710915132
"small",0.5,13,15026,"L2","L2 at tau=5",381,1270,0.364965523651483,0.102362659755461,0.364965523651483,0.102362659755461,381,473.680033676564,1270,1163.71546078881,381,275.798937760841,1270,1249.4710915132
"small",0.5,13,15026,"L1lag","L1 at tau-1=4",381,1270,0.469850252646858,0.16432177900386,0.469850252646858,0.16432177900386,381,473.680033676564,1270,1163.71546078881,381,275.798937760841,1270,1249.4710915132
"small",0.5,13,15026,"L2lag","L2 at tau-1=4",381,1270,0.364471108652129,0.10540475709518,0.364471108652129,0.10540475709518,381,473.680033676564,1270,1163.71546078881,381,275.798937760841,1270,1249.4710915132
"small",0.5,14,16026,"x1","Baseline x1",366,1284,0.632819028623657,0.058170094441683,0.632819028623657,0.058170094441683,366,473.637354719611,1284,1180.58796996544,366,257.015308900936,1284,1261.52250762691
"small",0.5,14,16026,"L1","L1 at tau=5",366,1284,0.44533498002235,0.0860663405099786,0.44533498002235,0.0860663405099786,366,473.637354719611,1284,1180.58796996544,366,257.015308900936,1284,1261.52250762691
"small",0.5,14,16026,"L2","L2 at tau=5",366,1284,0.376355329903406,0.0644694685921975,0.376355329903406,0.0644694685921975,366,473.637354719611,1284,1180.58796996544,366,257.015308900936,1284,1261.52250762691
"small",0.5,14,16026,"L1lag","L1 at tau-1=4",366,1284,0.418249558955022,0.0622817124888152,0.418249558955022,0.0622817124888152,366,473.637354719611,1284,1180.58796996544,366,257.015308900936,1284,1261.52250762691
"small",0.5,14,16026,"L2lag","L2 at tau-1=4",366,1284,0.387012387996482,0.0607145020700231,0.387012387996482,0.0607145020700231,366,473.637354719611,1284,1180.58796996544,366,257.015308900936,1284,1261.52250762691
"small",0.5,15,17026,"x1","Baseline x1",340,1314,0.75224444951394,0.232935698895246,0.75224444951394,0.232935698895246,340,430.951083190016,1314,1195.45872754651,340,242.082780089256,1314,1286.32708189765
"small",0.5,15,17026,"L1","L1 at tau=5",340,1314,0.475465227057221,0.159268842566378,0.475465227057221,0.159268842566378,340,430.951083190016,1314,1195.45872754651,340,242.082780089256,1314,1286.32708189765
"small",0.5,15,17026,"L2","L2 at tau=5",340,1314,0.345751802498375,0.0925028068780914,0.345751802498375,0.0925028068780914,340,430.951083190016,1314,1195.45872754651,340,242.082780089256,1314,1286.32708189765
"small",0.5,15,17026,"L1lag","L1 at tau-1=4",340,1314,0.457180952508011,0.118029633410046,0.457180952508011,0.118029633410046,340,430.951083190016,1314,1195.45872754651,340,242.082780089256,1314,1286.32708189765
"small",0.5,15,17026,"L2lag","L2 at tau-1=4",340,1314,0.364253952461455,0.0919929252008219,0.364253952461455,0.0919929252008219,340,430.951083190016,1314,1195.45872754651,340,242.082780089256,1314,1286.32708189765
"small",0.5,16,18026,"x1","Baseline x1",374,1327,0.725014442383411,0.127054981403559,0.725014442383411,0.127054981403559,374,479.978754629205,1327,1199.54855564402,374,248.530012688292,1327,1303.79364957758
"small",0.5,16,18026,"L1","L1 at tau=5",374,1327,0.3907259562448,0.031535305029525,0.3907259562448,0.031535305029525,374,479.978754629205,1327,1199.54855564402,374,248.530012688292,1327,1303.79364957758
"small",0.5,16,18026,"L2","L2 at tau=5",374,1327,0.48345683770325,0.119426944013718,0.48345683770325,0.119426944013718,374,479.978754629205,1327,1199.54855564402,374,248.530012688292,1327,1303.79364957758
"small",0.5,16,18026,"L1lag","L1 at tau-1=4",374,1327,0.389446080622584,0.0444865430991428,0.389446080622584,0.0444865430991428,374,479.978754629205,1327,1199.54855564402,374,248.530012688292,1327,1303.79364957758
"small",0.5,16,18026,"L2lag","L2 at tau-1=4",374,1327,0.520103431857548,0.205485290132013,0.520103431857548,0.205485290132013,374,479.978754629205,1327,1199.54855564402,374,248.530012688292,1327,1303.79364957758
"small",0.5,17,19026,"x1","Baseline x1",368,1325,0.616516979005259,-0.0848699481895015,0.616516979005259,0.0848699481895015,368,503.88862452322,1325,1210.58102189113,368,186.807772068203,1325,1309.29648349373
"small",0.5,17,19026,"L1","L1 at tau=5",368,1325,0.491363900932915,0.141513930371661,0.491363900932915,0.141513930371661,368,503.88862452322,1325,1210.58102189113,368,186.807772068203,1325,1309.29648349373
"small",0.5,17,19026,"L2","L2 at tau=5",368,1325,0.341572692606633,-0.0484088432456989,0.341572692606633,0.0484088432456989,368,503.88862452322,1325,1210.58102189113,368,186.807772068203,1325,1309.29648349373
"small",0.5,17,19026,"L1lag","L1 at tau-1=4",368,1325,0.461210346999588,0.0694443924638696,0.461210346999588,0.0694443924638696,368,503.88862452322,1325,1210.58102189113,368,186.807772068203,1325,1309.29648349373
"small",0.5,17,19026,"L2lag","L2 at tau-1=4",368,1325,0.390803067592292,-0.0166797733714889,0.390803067592292,0.0166797733714889,368,503.88862452322,1325,1210.58102189113,368,186.807772068203,1325,1309.29648349373
"small",0.5,18,20026,"x1","Baseline x1",387,1264,0.680285384883112,0.037632077244753,0.680285384883112,0.037632077244753,387,475.673202766981,1264,1157.56237302973,387,252.534515110371,1264,1238.63505785976
"small",0.5,18,20026,"L1","L1 at tau=5",387,1264,0.459051182976484,0.186949548478891,0.459051182976484,0.186949548478891,387,475.673202766981,1264,1157.56237302973,387,252.534515110371,1264,1238.63505785976
"small",0.5,18,20026,"L2","L2 at tau=5",387,1264,0.353537210292544,-0.00802186320454004,0.353537210292544,0.00802186320454004,387,475.673202766981,1264,1157.56237302973,387,252.534515110371,1264,1238.63505785976
"small",0.5,18,20026,"L1lag","L1 at tau-1=4",387,1264,0.417761535176587,0.122252407033344,0.417761535176587,0.122252407033344,387,475.673202766981,1264,1157.56237302973,387,252.534515110371,1264,1238.63505785976
"small",0.5,18,20026,"L2lag","L2 at tau-1=4",387,1264,0.397523974730556,0.0401109479775508,0.397523974730556,0.0401109479775508,387,475.673202766981,1264,1157.56237302973,387,252.534515110371,1264,1238.63505785976
"small",0.5,19,21026,"x1","Baseline x1",372,1258,0.639227504022011,0.119863874620922,0.639227504022011,0.119863874620922,372,472.742133520357,1258,1158.41327555996,372,266.95481983063,1258,1241.992966261
"small",0.5,19,21026,"L1","L1 at tau=5",372,1258,0.371243876576877,0.0797685503042785,0.371243876576877,0.0797685503042785,372,472.742133520357,1258,1158.41327555996,372,266.95481983063,1258,1241.992966261
"small",0.5,19,21026,"L2","L2 at tau=5",372,1258,0.365062523800015,0.097691816110919,0.365062523800015,0.097691816110919,372,472.742133520357,1258,1158.41327555996,372,266.95481983063,1258,1241.992966261
"small",0.5,19,21026,"L1lag","L1 at tau-1=4",372,1258,0.444342875956514,0.136346528081133,0.444342875956514,0.136346528081133,372,472.742133520357,1258,1158.41327555996,372,266.95481983063,1258,1241.992966261
"small",0.5,19,21026,"L2lag","L2 at tau-1=4",372,1258,0.407740638535555,0.160723318745187,0.407740638535555,0.160723318745187,372,472.742133520357,1258,1158.41327555996,372,266.95481983063,1258,1241.992966261
"small",0.5,20,22026,"x1","Baseline x1",376,1300,0.719526721107238,0.194338870569047,0.719526721107238,0.194338870569047,376,452.082230667713,1300,1187.34914609782,376,269.54810857825,1300,1278.27677763123
"small",0.5,20,22026,"L1","L1 at tau=5",376,1300,0.457255521594776,0.189088956311732,0.457255521594776,0.189088956311732,376,452.082230667713,1300,1187.34914609782,376,269.54810857825,1300,1278.27677763123
"small",0.5,20,22026,"L2","L2 at tau=5",376,1300,0.500885735808909,0.188122326006698,0.500885735808909,0.188122326006698,376,452.082230667713,1300,1187.34914609782,376,269.54810857825,1300,1278.27677763123
"small",0.5,20,22026,"L1lag","L1 at tau-1=4",376,1300,0.367281396381197,0.0487845461044604,0.367281396381197,0.0487845461044604,376,452.082230667713,1300,1187.34914609782,376,269.54810857825,1300,1278.27677763123
"small",0.5,20,22026,"L2lag","L2 at tau-1=4",376,1300,0.428833579325749,0.124192010833898,0.428833579325749,0.124192010833898,376,452.082230667713,1300,1187.34914609782,376,269.54810857825,1300,1278.27677763123
"medium",1,1,103026,"x1","Baseline x1",419,1289,1.11323893382504,0.105844031121186,1.11323893382504,0.105844031121186,419,616.255604741821,1289,1079.30027320765,419,113.51706395596,1289,1133.05744504568
"medium",1,1,103026,"L1","L1 at tau=5",419,1289,0.565971739591561,-0.00236048334618732,0.565971739591561,0.00236048334618732,419,616.255604741821,1289,1079.30027320765,419,113.51706395596,1289,1133.05744504568
"medium",1,1,103026,"L2","L2 at tau=5",419,1289,0.572163003186197,0.04110023456162,0.572163003186197,0.04110023456162,419,616.255604741821,1289,1079.30027320765,419,113.51706395596,1289,1133.05744504568
"medium",1,1,103026,"L1lag","L1 at tau-1=4",419,1289,0.580278793367718,-0.0949640545941386,0.580278793367718,0.0949640545941386,419,616.255604741821,1289,1079.30027320765,419,113.51706395596,1289,1133.05744504568
"medium",1,1,103026,"L2lag","L2 at tau-1=4",419,1289,0.684267364655081,0.210738748515707,0.684267364655081,0.210738748515707,419,616.255604741821,1289,1079.30027320765,419,113.51706395596,1289,1133.05744504568
"medium",1,2,104026,"x1","Baseline x1",374,1271,1.18050276281769,0.0981784966049126,1.18050276281769,0.0981784966049126,374,579.04245624764,1271,1060.24647952436,374,103.595063141045,1271,1126.90200800657
"medium",1,2,104026,"L1","L1 at tau=5",374,1271,0.663702061375374,0.163178318984019,0.663702061375374,0.163178318984019,374,579.04245624764,1271,1060.24647952436,374,103.595063141045,1271,1126.90200800657
"medium",1,2,104026,"L2","L2 at tau=5",374,1271,0.517816423136737,0.0238519702946328,0.517816423136737,0.0238519702946328,374,579.04245624764,1271,1060.24647952436,374,103.595063141045,1271,1126.90200800657
"medium",1,2,104026,"L1lag","L1 at tau-1=4",374,1271,0.630284260626996,0.0487160074639009,0.630284260626996,0.0487160074639009,374,579.04245624764,1271,1060.24647952436,374,103.595063141045,1271,1126.90200800657
"medium",1,2,104026,"L2lag","L2 at tau-1=4",374,1271,0.694627602156017,0.134862859847599,0.694627602156017,0.134862859847599,374,579.04245624764,1271,1060.24647952436,374,103.595063141045,1271,1126.90200800657
"medium",1,3,105026,"x1","Baseline x1",424,1249,1.19017190329359,0.182112539857418,1.19017190329359,0.182112539857418,424,583.144747035721,1249,1045.14333793253,424,138.471133437909,1249,895.137106064984
"medium",1,3,105026,"L1","L1 at tau=5",424,1249,0.614727360002801,0.121592842612519,0.614727360002801,0.121592842612519,424,583.144747035721,1249,1045.14333793253,424,138.471133437909,1249,895.137106064984
"medium",1,3,105026,"L2","L2 at tau=5",424,1249,0.656692365675314,0.253163314150378,0.656692365675314,0.253163314150378,424,583.144747035721,1249,1045.14333793253,424,138.471133437909,1249,895.137106064984
"medium",1,3,105026,"L1lag","L1 at tau-1=4",424,1249,0.629386684033946,0.0535250777227353,0.629386684033946,0.0535250777227353,424,583.144747035721,1249,1045.14333793253,424,138.471133437909,1249,895.137106064984
"medium",1,3,105026,"L2lag","L2 at tau-1=4",424,1249,0.68440694584803,0.343407722176865,0.68440694584803,0.343407722176865,424,583.144747035721,1249,1045.14333793253,424,138.471133437909,1249,895.137106064984
"medium",1,4,106026,"x1","Baseline x1",427,1263,1.08072913669976,-5.31222080292434e-05,1.08072913669976,5.31222080292434e-05,427,663.153676718312,1263,1052.19889360768,427,118.411652540377,1263,1165.57633501756
"medium",1,4,106026,"L1","L1 at tau=5",427,1263,0.589047992106109,0.035609883382565,0.589047992106109,0.035609883382565,427,663.153676718312,1263,1052.19889360768,427,118.411652540377,1263,1165.57633501756
"medium",1,4,106026,"L2","L2 at tau=5",427,1263,0.62959890017271,-0.0412228747740798,0.62959890017271,0.0412228747740798,427,663.153676718312,1263,1052.19889360768,427,118.411652540377,1263,1165.57633501756
"medium",1,4,106026,"L1lag","L1 at tau-1=4",427,1263,0.603276983849235,0.121324890019486,0.603276983849235,0.121324890019486,427,663.153676718312,1263,1052.19889360768,427,118.411652540377,1263,1165.57633501756
"medium",1,4,106026,"L2lag","L2 at tau-1=4",427,1263,0.689741244800101,-0.106819142970254,0.689741244800101,0.106819142970254,427,663.153676718312,1263,1052.19889360768,427,118.411652540377,1263,1165.57633501756
"medium",1,5,107026,"x1","Baseline x1",412,1272,1.13203355045592,0.157581031074738,1.13203355045592,0.157581031074738,412,588.892772912324,1272,1072.58623371916,412,166.674070664441,1272,936.069614693443
"medium",1,5,107026,"L1","L1 at tau=5",412,1272,0.537390577025507,-0.027903054321849,0.537390577025507,0.027903054321849,412,588.892772912324,1272,1072.58623371916,412,166.674070664441,1272,936.069614693443
"medium",1,5,107026,"L2","L2 at tau=5",412,1272,0.660166977405807,0.169410180316537,0.660166977405807,0.169410180316537,412,588.892772912324,1272,1072.58623371916,412,166.674070664441,1272,936.069614693443
"medium",1,5,107026,"L1lag","L1 at tau-1=4",412,1272,0.62042449043282,0.014081954159528,0.62042449043282,0.014081954159528,412,588.892772912324,1272,1072.58623371916,412,166.674070664441,1272,936.069614693443
"medium",1,5,107026,"L2lag","L2 at tau-1=4",412,1272,0.649620836262491,0.227196563828266,0.649620836262491,0.227196563828266,412,588.892772912324,1272,1072.58623371916,412,166.674070664441,1272,936.069614693443
"medium",1,6,108026,"x1","Baseline x1",395,1275,1.10137213269177,0.216811294955736,1.10137213269177,0.216811294955736,395,574.881861452972,1275,1064.333508949,395,159.183364246775,1275,1175.85989108266
"medium",1,6,108026,"L1","L1 at tau=5",395,1275,0.694884940430804,0.174652420419015,0.694884940430804,0.174652420419015,395,574.881861452972,1275,1064.333508949,395,159.183364246775,1275,1175.85989108266
"medium",1,6,108026,"L2","L2 at tau=5",395,1275,0.593994920034063,0.0192875675626319,0.593994920034063,0.0192875675626319,395,574.881861452972,1275,1064.333508949,395,159.183364246775,1275,1175.85989108266
"medium",1,6,108026,"L1lag","L1 at tau-1=4",395,1275,0.707882636496663,0.212946874267483,0.707882636496663,0.212946874267483,395,574.881861452972,1275,1064.333508949,395,159.183364246775,1275,1175.85989108266
"medium",1,6,108026,"L2lag","L2 at tau-1=4",395,1275,0.616643318046871,0.0843029620120967,0.616643318046871,0.0843029620120967,395,574.881861452972,1275,1064.333508949,395,159.183364246775,1275,1175.85989108266
"medium",1,7,109026,"x1","Baseline x1",395,1302,1.20615472707745,0.386155597127977,1.20615472707745,0.386155597127977,395,518.258978541729,1302,1090.31458233585,395,147.776287581338,1302,1200.45111508432
"medium",1,7,109026,"L1","L1 at tau=5",395,1302,0.615989194771441,0.0801002910728175,0.615989194771441,0.0801002910728175,395,518.258978541729,1302,1090.31458233585,395,147.776287581338,1302,1200.45111508432
"medium",1,7,109026,"L2","L2 at tau=5",395,1302,0.63167199096623,0.192142124911869,0.63167199096623,0.192142124911869,395,518.258978541729,1302,1090.31458233585,395,147.776287581338,1302,1200.45111508432
"medium",1,7,109026,"L1lag","L1 at tau-1=4",395,1302,0.691491376454348,0.155518073596986,0.691491376454348,0.155518073596986,395,518.258978541729,1302,1090.31458233585,395,147.776287581338,1302,1200.45111508432
"medium",1,7,109026,"L2lag","L2 at tau-1=4",395,1302,0.651351203524328,0.164345205945248,0.651351203524328,0.164345205945248,395,518.258978541729,1302,1090.31458233585,395,147.776287581338,1302,1200.45111508432
"medium",1,8,110026,"x1","Baseline x1",438,1238,1.17193943811816,0.387736484020708,1.17193943811816,0.387736484020708,438,571.397147057523,1238,1023.56082963157,438,187.946677405628,1238,1149.47263973308
"medium",1,8,110026,"L1","L1 at tau=5",438,1238,0.692512987834044,0.228806310394103,0.692512987834044,0.228806310394103,438,571.397147057523,1238,1023.56082963157,438,187.946677405628,1238,1149.47263973308
"medium",1,8,110026,"L2","L2 at tau=5",438,1238,0.638797338240565,0.328873485314223,0.638797338240565,0.328873485314223,438,571.397147057523,1238,1023.56082963157,438,187.946677405628,1238,1149.47263973308
"medium",1,8,110026,"L1lag","L1 at tau-1=4",438,1238,0.660491840444758,0.182024565182154,0.660491840444758,0.182024565182154,438,571.397147057523,1238,1023.56082963157,438,187.946677405628,1238,1149.47263973308
"medium",1,8,110026,"L2lag","L2 at tau-1=4",438,1238,0.703042016628234,0.349760681573688,0.703042016628234,0.349760681573688,438,571.397147057523,1238,1023.56082963157,438,187.946677405628,1238,1149.47263973308
"medium",1,9,111026,"x1","Baseline x1",427,1228,1.07549492661001,-0.142599203541865,1.07549492661001,0.142599203541865,427,699.774869433687,1228,1036.26291689602,427,90.5089980362733,1228,1021.97590442857
"medium",1,9,111026,"L1","L1 at tau=5",427,1228,0.701635358504415,0.0446536404187864,0.701635358504415,0.0446536404187864,427,699.774869433687,1228,1036.26291689602,427,90.5089980362733,1228,1021.97590442857
"medium",1,9,111026,"L2","L2 at tau=5",427,1228,0.580489528967577,0.0675075997908196,0.580489528967577,0.0675075997908196,427,699.774869433687,1228,1036.26291689602,427,90.5089980362733,1228,1021.97590442857
"medium",1,9,111026,"L1lag","L1 at tau-1=4",427,1228,0.700140521595158,-0.0651847442409457,0.700140521595158,0.0651847442409457,427,699.774869433687,1228,1036.26291689602,427,90.5089980362733,1228,1021.97590442857
"medium",1,9,111026,"L2lag","L2 at tau-1=4",427,1228,0.568326978750492,0.0336713038850342,0.568326978750492,0.0336713038850342,427,699.774869433687,1228,1036.26291689602,427,90.5089980362733,1228,1021.97590442857
"medium",1,10,112026,"x1","Baseline x1",415,1257,1.16093898863284,0.012180506838394,1.16093898863284,0.012180506838394,415,742.586829917277,1257,1041.38390765685,415,75.8430769983329,1257,1117.26653648324
"medium",1,10,112026,"L1","L1 at tau=5",415,1257,0.573585391709772,-0.111646457320727,0.573585391709772,0.111646457320727,415,742.586829917277,1257,1041.38390765685,415,75.8430769983329,1257,1117.26653648324
"medium",1,10,112026,"L2","L2 at tau=5",415,1257,0.589280082494834,-0.0947975960915291,0.589280082494834,0.0947975960915291,415,742.586829917277,1257,1041.38390765685,415,75.8430769983329,1257,1117.26653648324
"medium",1,10,112026,"L1lag","L1 at tau-1=4",415,1257,0.602970383389592,-0.146653613563906,0.602970383389592,0.146653613563906,415,742.586829917277,1257,1041.38390765685,415,75.8430769983329,1257,1117.26653648324
"medium",1,10,112026,"L2lag","L2 at tau-1=4",415,1257,0.61939067091738,-0.0978786650885668,0.61939067091738,0.0978786650885668,415,742.586829917277,1257,1041.38390765685,415,75.8430769983329,1257,1117.26653648324
"medium",1,11,113026,"x1","Baseline x1",387,1259,1.18290718842066,0.0714080278191414,1.18290718842066,0.0714080278191414,387,591.769601926264,1259,1035.75363607914,387,79.8351012974727,1259,1153.39868897923
"medium",1,11,113026,"L1","L1 at tau=5",387,1259,0.695176762767642,0.043297430613605,0.695176762767642,0.043297430613605,387,591.769601926264,1259,1035.75363607914,387,79.8351012974727,1259,1153.39868897923
"medium",1,11,113026,"L2","L2 at tau=5",387,1259,0.586218865362743,0.00938911004677833,0.586218865362743,0.00938911004677833,387,591.769601926264,1259,1035.75363607914,387,79.8351012974727,1259,1153.39868897923
"medium",1,11,113026,"L1lag","L1 at tau-1=4",387,1259,0.758851842075311,0.0656289386584144,0.758851842075311,0.0656289386584144,387,591.769601926264,1259,1035.75363607914,387,79.8351012974727,1259,1153.39868897923
"medium",1,11,113026,"L2lag","L2 at tau-1=4",387,1259,0.586044062912704,-0.0266902177470031,0.586044062912704,0.0266902177470031,387,591.769601926264,1259,1035.75363607914,387,79.8351012974727,1259,1153.39868897923
"medium",1,12,114026,"x1","Baseline x1",421,1308,1.14894408570353,0.233268629516963,1.14894408570353,0.233268629516963,421,546.500541191132,1308,1098.07478289387,421,163.140732087992,1308,1213.33582760059
"medium",1,12,114026,"L1","L1 at tau=5",421,1308,0.598809449712424,0.0555759047389388,0.598809449712424,0.0555759047389388,421,546.500541191132,1308,1098.07478289387,421,163.140732087992,1308,1213.33582760059
"medium",1,12,114026,"L2","L2 at tau=5",421,1308,0.61101445048589,0.263296567054653,0.61101445048589,0.263296567054653,421,546.500541191132,1308,1098.07478289387,421,163.140732087992,1308,1213.33582760059
"medium",1,12,114026,"L1lag","L1 at tau-1=4",421,1308,0.706047712554982,0.224270303818577,0.706047712554982,0.224270303818577,421,546.500541191132,1308,1098.07478289387,421,163.140732087992,1308,1213.33582760059
"medium",1,12,114026,"L2lag","L2 at tau-1=4",421,1308,0.661407554543054,0.168433709507241,0.661407554543054,0.168433709507241,421,546.500541191132,1308,1098.07478289387,421,163.140732087992,1308,1213.33582760059
"medium",1,13,115026,"x1","Baseline x1",411,1222,1.18352706031026,0.147837900610176,1.18352706031026,0.147837900610176,411,584.103929633796,1222,1031.54194268165,411,117.437522838154,1222,809.049716107788
"medium",1,13,115026,"L1","L1 at tau=5",411,1222,0.670256865371114,0.140295473538356,0.670256865371114,0.140295473538356,411,584.103929633796,1222,1031.54194268165,411,117.437522838154,1222,809.049716107788
"medium",1,13,115026,"L2","L2 at tau=5",411,1222,0.657376039194663,0.228401289779938,0.657376039194663,0.228401289779938,411,584.103929633796,1222,1031.54194268165,411,117.437522838154,1222,809.049716107788
"medium",1,13,115026,"L1lag","L1 at tau-1=4",411,1222,0.640544992843279,0.0303642308079038,0.640544992843279,0.0303642308079038,411,584.103929633796,1222,1031.54194268165,411,117.437522838154,1222,809.049716107788
"medium",1,13,115026,"L2lag","L2 at tau-1=4",411,1222,0.67915986126724,0.246943010811107,0.67915986126724,0.246943010811107,411,584.103929633796,1222,1031.54194268165,411,117.437522838154,1222,809.049716107788
"medium",1,14,116026,"x1","Baseline x1",389,1297,1.10629879205888,-0.0952599296091872,1.10629879205888,0.0952599296091872,389,664.330079643503,1297,1086.08065351713,389,67.2972905999677,1297,1116.88560575379
"medium",1,14,116026,"L1","L1 at tau=5",389,1297,0.754728822486973,0.0343503586153561,0.754728822486973,0.0343503586153561,389,664.330079643503,1297,1086.08065351713,389,67.2972905999677,1297,1116.88560575379
"medium",1,14,116026,"L2","L2 at tau=5",389,1297,0.57752053772252,-0.0229109872108454,0.57752053772252,0.0229109872108454,389,664.330079643503,1297,1086.08065351713,389,67.2972905999677,1297,1116.88560575379
"medium",1,14,116026,"L1lag","L1 at tau-1=4",389,1297,0.720740025551387,0.181440483726372,0.720740025551387,0.181440483726372,389,664.330079643503,1297,1086.08065351713,389,67.2972905999677,1297,1116.88560575379
"medium",1,14,116026,"L2lag","L2 at tau-1=4",389,1297,0.568816544651782,-0.0210519232736831,0.568816544651782,0.0210519232736831,389,664.330079643503,1297,1086.08065351713,389,67.2972905999677,1297,1116.88560575379
"medium",1,15,117026,"x1","Baseline x1",362,1276,1.11591003787442,0.119861798089119,1.11591003787442,0.119861798089119,362,535.32651710766,1276,1072.74028385073,362,117.751577817433,1276,1202.24902565854
"medium",1,15,117026,"L1","L1 at tau=5",362,1276,0.651429527111446,0.0403975840632054,0.651429527111446,0.0403975840632054,362,535.32651710766,1276,1072.74028385073,362,117.751577817433,1276,1202.24902565854
"medium",1,15,117026,"L2","L2 at tau=5",362,1276,0.574962073787071,0.0812394007545079,0.574962073787071,0.0812394007545079,362,535.32651710766,1276,1072.74028385073,362,117.751577817433,1276,1202.24902565854
"medium",1,15,117026,"L1lag","L1 at tau-1=4",362,1276,0.740974004673353,0.205577326652436,0.740974004673353,0.205577326652436,362,535.32651710766,1276,1072.74028385073,362,117.751577817433,1276,1202.24902565854
"medium",1,15,117026,"L2lag","L2 at tau-1=4",362,1276,0.648598519333512,0.0728999897684925,0.648598519333512,0.0728999897684925,362,535.32651710766,1276,1072.74028385073,362,117.751577817433,1276,1202.24902565854
"medium",1,16,118026,"x1","Baseline x1",424,1283,1.11856352593132,0.122166789170651,1.11856352593132,0.122166789170651,424,595.798169457372,1283,1078.53068065922,424,140.805685518979,1283,1186.52060577441
"medium",1,16,118026,"L1","L1 at tau=5",424,1283,0.645040250511017,0.170743448502459,0.645040250511017,0.170743448502459,424,595.798169457372,1283,1078.53068065922,424,140.805685518979,1283,1186.52060577441
"medium",1,16,118026,"L2","L2 at tau=5",424,1283,0.569086854281554,0.0288981652430403,0.569086854281554,0.0288981652430403,424,595.798169457372,1283,1078.53068065922,424,140.805685518979,1283,1186.52060577441
"medium",1,16,118026,"L1lag","L1 at tau-1=4",424,1283,0.66467091005048,0.236284690963998,0.66467091005048,0.236284690963998,424,595.798169457372,1283,1078.53068065922,424,140.805685518979,1283,1186.52060577441
"medium",1,16,118026,"L2lag","L2 at tau-1=4",424,1283,0.66253186223491,0.143837583344531,0.66253186223491,0.143837583344531,424,595.798169457372,1283,1078.53068065922,424,140.805685518979,1283,1186.52060577441
"medium",1,17,119026,"x1","Baseline x1",444,1283,1.14239647669757,0.0683608208741579,1.14239647669757,0.0683608208741579,444,620.735827784201,1283,1074.52031936256,444,115.785602727188,1283,1176.72335814777
"medium",1,17,119026,"L1","L1 at tau=5",444,1283,0.637314446397949,0.0459696895854913,0.637314446397949,0.0459696895854913,444,620.735827784201,1283,1074.52031936256,444,115.785602727188,1283,1176.72335814777
"medium",1,17,119026,"L2","L2 at tau=5",444,1283,0.746443038931242,0.0711746601677207,0.746443038931242,0.0711746601677207,444,620.735827784201,1283,1074.52031936256,444,115.785602727188,1283,1176.72335814777
"medium",1,17,119026,"L1lag","L1 at tau-1=4",444,1283,0.692036474290145,0.101754204610284,0.692036474290145,0.101754204610284,444,620.735827784201,1283,1074.52031936256,444,115.785602727188,1283,1176.72335814777
"medium",1,17,119026,"L2lag","L2 at tau-1=4",444,1283,0.742225631316737,0.13848417751817,0.742225631316737,0.13848417751817,444,620.735827784201,1283,1074.52031936256,444,115.785602727188,1283,1176.72335814777
"medium",1,18,120026,"x1","Baseline x1",432,1247,1.14691599073296,0.213434189515543,1.14691599073296,0.213434189515543,432,652.254223374822,1247,1043.61817354302,432,123.481010136495,1247,1151.70274355927
"medium",1,18,120026,"L1","L1 at tau=5",432,1247,0.673860726445784,0.1895938555461,0.673860726445784,0.1895938555461,432,652.254223374822,1247,1043.61817354302,432,123.481010136495,1247,1151.70274355927
"medium",1,18,120026,"L2","L2 at tau=5",432,1247,0.527674788152676,0.0656792395775101,0.527674788152676,0.0656792395775101,432,652.254223374822,1247,1043.61817354302,432,123.481010136495,1247,1151.70274355927
"medium",1,18,120026,"L1lag","L1 at tau-1=4",432,1247,0.646857829240426,0.131802754397474,0.646857829240426,0.131802754397474,432,652.254223374822,1247,1043.61817354302,432,123.481010136495,1247,1151.70274355927
"medium",1,18,120026,"L2lag","L2 at tau-1=4",432,1247,0.582606965486742,0.114270273417134,0.582606965486742,0.114270273417134,432,652.254223374822,1247,1043.61817354302,432,123.481010136495,1247,1151.70274355927
"medium",1,19,121026,"x1","Baseline x1",392,1290,1.09986655957353,0.240714735965267,1.09986655957353,0.240714735965267,392,625.660221699075,1290,1078.40147842398,392,138.150679237137,1290,1218.28858282721
"medium",1,19,121026,"L1","L1 at tau=5",392,1290,0.496241888220748,-0.0304803893638206,0.496241888220748,0.0304803893638206,392,625.660221699075,1290,1078.40147842398,392,138.150679237137,1290,1218.28858282721
"medium",1,19,121026,"L2","L2 at tau=5",392,1290,0.570063115018744,0.153758947932025,0.570063115018744,0.153758947932025,392,625.660221699075,1290,1078.40147842398,392,138.150679237137,1290,1218.28858282721
"medium",1,19,121026,"L1lag","L1 at tau-1=4",392,1290,0.506548673530785,-0.0107666278524214,0.506548673530785,0.0107666278524214,392,625.660221699075,1290,1078.40147842398,392,138.150679237137,1290,1218.28858282721
"medium",1,19,121026,"L2lag","L2 at tau-1=4",392,1290,0.560963778457187,0.142783355455582,0.560963778457187,0.142783355455582,392,625.660221699075,1290,1078.40147842398,392,138.150679237137,1290,1218.28858282721
"medium",1,20,122026,"x1","Baseline x1",417,1238,1.03592262530874,0.0778970056273749,1.03592262530874,0.0778970056273749,417,609.139880109373,1238,1035.90515365928,417,137.247924023716,1238,1011.91292270879
"medium",1,20,122026,"L1","L1 at tau=5",417,1238,0.683143778447796,0.217296226033729,0.683143778447796,0.217296226033729,417,609.139880109373,1238,1035.90515365928,417,137.247924023716,1238,1011.91292270879
"medium",1,20,122026,"L2","L2 at tau=5",417,1238,0.589883615366243,0.225442504729206,0.589883615366243,0.225442504729206,417,609.139880109373,1238,1035.90515365928,417,137.247924023716,1238,1011.91292270879
"medium",1,20,122026,"L1lag","L1 at tau-1=4",417,1238,0.694562961113723,0.082735742872711,0.694562961113723,0.082735742872711,417,609.139880109373,1238,1035.90515365928,417,137.247924023716,1238,1011.91292270879
"medium",1,20,122026,"L2lag","L2 at tau-1=4",417,1238,0.591156097309305,0.189506927853555,0.591156097309305,0.189506927853555,417,609.139880109373,1238,1035.90515365928,417,137.247924023716,1238,1011.91292270879
"strong",1.5,1,203026,"x1","Baseline x1",470,1250,1.45921420575623,0.476829263334466,1.45921420575623,0.476829263334466,470,751.544721264763,1250,968.522773094344,470,49.087500937624,1250,1042.54681910424
"strong",1.5,1,203026,"L1","L1 at tau=5",470,1250,0.774096341238655,0.37935455611866,0.774096341238655,0.37935455611866,470,751.544721264763,1250,968.522773094344,470,49.087500937624,1250,1042.54681910424
"strong",1.5,1,203026,"L2","L2 at tau=5",470,1250,0.681654164600798,0.0207796973483038,0.681654164600798,0.0207796973483038,470,751.544721264763,1250,968.522773094344,470,49.087500937624,1250,1042.54681910424
"strong",1.5,1,203026,"L1lag","L1 at tau-1=4",470,1250,0.805049057747411,0.389503394232547,0.805049057747411,0.389503394232547,470,751.544721264763,1250,968.522773094344,470,49.087500937624,1250,1042.54681910424
"strong",1.5,1,203026,"L2lag","L2 at tau-1=4",470,1250,0.727426214410594,0.178897883312216,0.727426214410594,0.178897883312216,470,751.544721264763,1250,968.522773094344,470,49.087500937624,1250,1042.54681910424
"strong",1.5,2,204026,"x1","Baseline x1",490,1249,1.53532757757324,0.509050088086205,1.53532757757324,0.509050088086205,490,601.026525863403,1249,971.656824537857,490,119.415985310332,1249,879.524229647528
"strong",1.5,2,204026,"L1","L1 at tau=5",490,1249,0.852311547428519,0.2332054498151,0.852311547428519,0.2332054498151,490,601.026525863403,1249,971.656824537857,490,119.415985310332,1249,879.524229647528
"strong",1.5,2,204026,"L2","L2 at tau=5",490,1249,0.854832401301073,0.306232987155137,0.854832401301073,0.306232987155137,490,601.026525863403,1249,971.656824537857,490,119.415985310332,1249,879.524229647528
"strong",1.5,2,204026,"L1lag","L1 at tau-1=4",490,1249,0.84559141063777,0.380341815152863,0.84559141063777,0.380341815152863,490,601.026525863403,1249,971.656824537857,490,119.415985310332,1249,879.524229647528
"strong",1.5,2,204026,"L2lag","L2 at tau-1=4",490,1249,0.808223161864099,0.192598787364731,0.808223161864099,0.192598787364731,490,601.026525863403,1249,971.656824537857,490,119.415985310332,1249,879.524229647528
"strong",1.5,3,205026,"x1","Baseline x1",425,1249,1.42546227237081,0.0320275823758036,1.42546227237081,0.0320275823758036,425,691.001880198717,1249,971.814469363288,425,51.4677270718028,1249,769.675482852745
"strong",1.5,3,205026,"L1","L1 at tau=5",425,1249,0.639500377704992,0.0843538885158613,0.639500377704992,0.0843538885158613,425,691.001880198717,1249,971.814469363288,425,51.4677270718028,1249,769.675482852745
"strong",1.5,3,205026,"L2","L2 at tau=5",425,1249,0.709442064417595,0.133614513013123,0.709442064417595,0.133614513013123,425,691.001880198717,1249,971.814469363288,425,51.4677270718028,1249,769.675482852745
"strong",1.5,3,205026,"L1lag","L1 at tau-1=4",425,1249,0.74824990223525,0.0739575009387793,0.74824990223525,0.0739575009387793,425,691.001880198717,1249,971.814469363288,425,51.4677270718028,1249,769.675482852745
"strong",1.5,3,205026,"L2lag","L2 at tau-1=4",425,1249,0.689439405056888,0.067219811729273,0.689439405056888,0.067219811729273,425,691.001880198717,1249,971.814469363288,425,51.4677270718028,1249,769.675482852745
"strong",1.5,4,206026,"x1","Baseline x1",462,1247,1.47614909291652,0.08515167555465,1.47614909291652,0.08515167555465,462,732.84182541686,1247,962.407808002358,462,25.5677602714209,1247,1019.330442134
"strong",1.5,4,206026,"L1","L1 at tau=5",462,1247,0.925487746246934,-0.189013922265344,0.925487746246934,0.189013922265344,462,732.84182541686,1247,962.407808002358,462,25.5677602714209,1247,1019.330442134
"strong",1.5,4,206026,"L2","L2 at tau=5",462,1247,0.852323915569181,0.0637716489678114,0.852323915569181,0.0637716489678114,462,732.84182541686,1247,962.407808002358,462,25.5677602714209,1247,1019.330442134
"strong",1.5,4,206026,"L1lag","L1 at tau-1=4",462,1247,0.925698397420835,-0.0268682098017588,0.925698397420835,0.0268682098017588,462,732.84182541686,1247,962.407808002358,462,25.5677602714209,1247,1019.330442134
"strong",1.5,4,206026,"L2lag","L2 at tau-1=4",462,1247,0.845646315345144,-0.113146820805127,0.845646315345144,0.113146820805127,462,732.84182541686,1247,962.407808002358,462,25.5677602714209,1247,1019.330442134
"strong",1.5,5,207026,"x1","Baseline x1",509,1222,1.44715547281176,-0.022804311654648,1.44715547281176,0.022804311654648,509,792.465299133268,1222,960.403644535664,509,61.5026226401467,1222,868.596392688715
"strong",1.5,5,207026,"L1","L1 at tau=5",509,1222,0.796648863688877,0.292032405375919,0.796648863688877,0.292032405375919,509,792.465299133268,1222,960.403644535664,509,61.5026226401467,1222,868.596392688715
"strong",1.5,5,207026,"L2","L2 at tau=5",509,1222,0.699568931493564,-0.0799591349975885,0.699568931493564,0.0799591349975885,509,792.465299133268,1222,960.403644535664,509,61.5026226401467,1222,868.596392688715
"strong",1.5,5,207026,"L1lag","L1 at tau-1=4",509,1222,0.818372239783579,0.303122042165462,0.818372239783579,0.303122042165462,509,792.465299133268,1222,960.403644535664,509,61.5026226401467,1222,868.596392688715
"strong",1.5,5,207026,"L2lag","L2 at tau-1=4",509,1222,0.719100522310296,-0.116089577421689,0.719100522310296,0.116089577421689,509,792.465299133268,1222,960.403644535664,509,61.5026226401467,1222,868.596392688715
"strong",1.5,6,208026,"x1","Baseline x1",470,1277,1.48988239830901,0.365181793090137,1.48988239830901,0.365181793090137,470,694.50578425728,1277,959.305971806268,470,92.9755806584798,1277,1094.75224725369
"strong",1.5,6,208026,"L1","L1 at tau=5",470,1277,0.785065659204675,0.0930999654278446,0.785065659204675,0.0930999654278446,470,694.50578425728,1277,959.305971806268,470,92.9755806584798,1277,1094.75224725369
"strong",1.5,6,208026,"L2","L2 at tau=5",470,1277,0.746942977845513,0.17357507759243,0.746942977845513,0.17357507759243,470,694.50578425728,1277,959.305971806268,470,92.9755806584798,1277,1094.75224725369
"strong",1.5,6,208026,"L1lag","L1 at tau-1=4",470,1277,0.82918481312684,0.22017299153034,0.82918481312684,0.22017299153034,470,694.50578425728,1277,959.305971806268,470,92.9755806584798,1277,1094.75224725369
"strong",1.5,6,208026,"L2lag","L2 at tau-1=4",470,1277,0.807412105851202,0.244688679850563,0.807412105851202,0.244688679850563,470,694.50578425728,1277,959.305971806268,470,92.9755806584798,1277,1094.75224725369
"strong",1.5,7,209026,"x1","Baseline x1",493,1222,1.4878866571092,0.0986466676073156,1.4878866571092,0.0986466676073156,493,829.389552963159,1222,928.830770847898,493,34.5911848823656,1222,986.103974177225
"strong",1.5,7,209026,"L1","L1 at tau=5",493,1222,0.780074486293205,0.155963009024016,0.780074486293205,0.155963009024016,493,829.389552963159,1222,928.830770847898,493,34.5911848823656,1222,986.103974177225
"strong",1.5,7,209026,"L2","L2 at tau=5",493,1222,0.709222849320229,-0.138999902001731,0.709222849320229,0.138999902001731,493,829.389552963159,1222,928.830770847898,493,34.5911848823656,1222,986.103974177225
"strong",1.5,7,209026,"L1lag","L1 at tau-1=4",493,1222,0.813266160456032,0.00460827507210446,0.813266160456032,0.00460827507210446,493,829.389552963159,1222,928.830770847898,493,34.5911848823656,1222,986.103974177225
"strong",1.5,7,209026,"L2lag","L2 at tau-1=4",493,1222,0.762726223612399,0.029562347787571,0.762726223612399,0.029562347787571,493,829.389552963159,1222,928.830770847898,493,34.5911848823656,1222,986.103974177225
"strong",1.5,8,210026,"x1","Baseline x1",486,1238,1.56444495194453,0.653789701869358,1.56444495194453,0.653789701869358,486,522.85355665997,1238,935.371155748979,486,167.574018343787,1238,1010.18284766949
"strong",1.5,8,210026,"L1","L1 at tau=5",486,1238,0.876847484374835,0.407569724587607,0.876847484374835,0.407569724587607,486,522.85355665997,1238,935.371155748979,486,167.574018343787,1238,1010.18284766949
"strong",1.5,8,210026,"L2","L2 at tau=5",486,1238,0.817758595539783,0.387154621191279,0.817758595539783,0.387154621191279,486,522.85355665997,1238,935.371155748979,486,167.574018343787,1238,1010.18284766949
"strong",1.5,8,210026,"L1lag","L1 at tau-1=4",486,1238,0.912113334138808,0.557654219452695,0.912113334138808,0.557654219452695,486,522.85355665997,1238,935.371155748979,486,167.574018343787,1238,1010.18284766949
"strong",1.5,8,210026,"L2lag","L2 at tau-1=4",486,1238,0.824154170948637,0.255321807646486,0.824154170948637,0.255321807646486,486,522.85355665997,1238,935.371155748979,486,167.574018343787,1238,1010.18284766949
"strong",1.5,9,211026,"x1","Baseline x1",500,1210,1.3326840367836,0.278501658307235,1.3326840367836,0.278501658307235,500,695.080201185237,1210,931.909487523847,500,99.1275115624308,1210,1009.42912838873
"strong",1.5,9,211026,"L1","L1 at tau=5",500,1210,0.701319059334747,0.109886015631879,0.701319059334747,0.109886015631879,500,695.080201185237,1210,931.909487523847,500,99.1275115624308,1210,1009.42912838873
"strong",1.5,9,211026,"L2","L2 at tau=5",500,1210,0.68706432086457,0.0303015119348775,0.68706432086457,0.0303015119348775,500,695.080201185237,1210,931.909487523847,500,99.1275115624308,1210,1009.42912838873
"strong",1.5,9,211026,"L1lag","L1 at tau-1=4",500,1210,0.740668645847757,0.0824053888295512,0.740668645847757,0.0824053888295512,500,695.080201185237,1210,931.909487523847,500,99.1275115624308,1210,1009.42912838873
"strong",1.5,9,211026,"L2lag","L2 at tau-1=4",500,1210,0.685300610777541,0.232840861520785,0.685300610777541,0.232840861520785,500,695.080201185237,1210,931.909487523847,500,99.1275115624308,1210,1009.42912838873
"strong",1.5,10,212026,"x1","Baseline x1",468,1249,1.48073780894534,-0.196909364628122,1.48073780894534,0.196909364628122,468,809.671076435125,1249,1014.46023810748,468,20.1276800769927,1249,183.049794551666
"strong",1.5,10,212026,"L1","L1 at tau=5",468,1249,0.86551365385379,0.136726544617593,0.86551365385379,0.136726544617593,468,809.671076435125,1249,1014.46023810748,468,20.1276800769927,1249,183.049794551666
"strong",1.5,10,212026,"L2","L2 at tau=5",468,1249,0.783841372541646,-0.332996863517892,0.783841372541646,0.332996863517892,468,809.671076435125,1249,1014.46023810748,468,20.1276800769927,1249,183.049794551666
"strong",1.5,10,212026,"L1lag","L1 at tau-1=4",468,1249,0.732806241183125,-0.230968771351621,0.732806241183125,0.230968771351621,468,809.671076435125,1249,1014.46023810748,468,20.1276800769927,1249,183.049794551666
"strong",1.5,10,212026,"L2lag","L2 at tau-1=4",468,1249,0.837145744228745,-0.132392327309497,0.837145744228745,0.132392327309497,468,809.671076435125,1249,1014.46023810748,468,20.1276800769927,1249,183.049794551666
"strong",1.5,11,213026,"x1","Baseline x1",455,1243,1.389001152397,0.0215228747866529,1.389001152397,0.0215228747866529,455,701.764604279087,1243,980.290145845632,455,51.083693421565,1243,1058.32962269258
"strong",1.5,11,213026,"L1","L1 at tau=5",455,1243,0.776925247970413,0.197904336687316,0.776925247970413,0.197904336687316,455,701.764604279087,1243,980.290145845632,455,51.083693421565,1243,1058.32962269258
"strong",1.5,11,213026,"L2","L2 at tau=5",455,1243,0.744059855213344,0.277003155528123,0.744059855213344,0.277003155528123,455,701.764604279087,1243,980.290145845632,455,51.083693421565,1243,1058.32962269258
"strong",1.5,11,213026,"L1lag","L1 at tau-1=4",455,1243,0.862337342510614,0.336323072432943,0.862337342510614,0.336323072432943,455,701.764604279087,1243,980.290145845632,455,51.083693421565,1243,1058.32962269258
"strong",1.5,11,213026,"L2lag","L2 at tau-1=4",455,1243,0.702810804770807,0.139542786049547,0.702810804770807,0.139542786049547,455,701.764604279087,1243,980.290145845632,455,51.083693421565,1243,1058.32962269258
"strong",1.5,12,214026,"x1","Baseline x1",494,1226,1.48155619580571,-0.00611531749470574,1.48155619580571,0.00611531749470574,494,917.484134075149,1226,963.187718514998,494,31.4250833799739,1226,822.35501418736
"strong",1.5,12,214026,"L1","L1 at tau=5",494,1226,0.85212887802802,-0.0300030914550081,0.85212887802802,0.0300030914550081,494,917.484134075149,1226,963.187718514998,494,31.4250833799739,1226,822.35501418736
"strong",1.5,12,214026,"L2","L2 at tau=5",494,1226,0.677117725416357,-0.0782504070710233,0.677117725416357,0.0782504070710233,494,917.484134075149,1226,963.187718514998,494,31.4250833799739,1226,822.35501418736
"strong",1.5,12,214026,"L1lag","L1 at tau-1=4",494,1226,0.858853189568486,-0.177833505220166,0.858853189568486,0.177833505220166,494,917.484134075149,1226,963.187718514998,494,31.4250833799739,1226,822.35501418736
"strong",1.5,12,214026,"L2lag","L2 at tau-1=4",494,1226,0.701336854610575,-0.0457947359423006,0.701336854610575,0.0457947359423006,494,917.484134075149,1226,963.187718514998,494,31.4250833799739,1226,822.35501418736
"strong",1.5,13,215026,"x1","Baseline x1",483,1225,1.56180513313925,0.397338155118518,1.56180513313925,0.397338155118518,483,634.869306137372,1225,956.837432868811,483,109.509118432057,1225,936.520122365134
"strong",1.5,13,215026,"L1","L1 at tau=5",483,1225,0.81786887047755,0.213539393573021,0.81786887047755,0.213539393573021,483,634.869306137372,1225,956.837432868811,483,109.509118432057,1225,936.520122365134
"strong",1.5,13,215026,"L2","L2 at tau=5",483,1225,0.707744683914095,0.337954014327925,0.707744683914095,0.337954014327925,483,634.869306137372,1225,956.837432868811,483,109.509118432057,1225,936.520122365134
"strong",1.5,13,215026,"L1lag","L1 at tau-1=4",483,1225,0.753340904348985,0.181200395923036,0.753340904348985,0.181200395923036,483,634.869306137372,1225,956.837432868811,483,109.509118432057,1225,936.520122365134
"strong",1.5,13,215026,"L2lag","L2 at tau-1=4",483,1225,0.77749382477389,0.345259068051777,0.77749382477389,0.345259068051777,483,634.869306137372,1225,956.837432868811,483,109.509118432057,1225,936.520122365134
"strong",1.5,14,216026,"x1","Baseline x1",472,1246,1.45326200365074,0.323807428061512,1.45326200365074,0.323807428061512,472,644.295954355797,1246,941.920427309718,472,59.2920125423732,1246,1093.09780093626
"strong",1.5,14,216026,"L1","L1 at tau=5",472,1246,0.814596270712964,0.255407857012892,0.814596270712964,0.255407857012892,472,644.295954355797,1246,941.920427309718,472,59.2920125423732,1246,1093.09780093626
"strong",1.5,14,216026,"L2","L2 at tau=5",472,1246,0.729109485942058,0.31591052849596,0.729109485942058,0.31591052849596,472,644.295954355797,1246,941.920427309718,472,59.2920125423732,1246,1093.09780093626
"strong",1.5,14,216026,"L1lag","L1 at tau-1=4",472,1246,0.797227162247957,0.137067777483529,0.797227162247957,0.137067777483529,472,644.295954355797,1246,941.920427309718,472,59.2920125423732,1246,1093.09780093626
"strong",1.5,14,216026,"L2lag","L2 at tau-1=4",472,1246,0.759847916909077,0.17702577591832,0.759847916909077,0.17702577591832,472,644.295954355797,1246,941.920427309718,472,59.2920125423732,1246,1093.09780093626
"strong",1.5,15,217026,"x1","Baseline x1",489,1270,1.44659428791185,0.0961842770129741,1.44659428791185,0.0961842770129741,489,874.144870555724,1270,962.479830009092,489,32.9467773199727,1270,1032.35273790874
"strong",1.5,15,217026,"L1","L1 at tau=5",489,1270,0.793376272725685,-0.00448154035107653,0.793376272725685,0.00448154035107653,489,874.144870555724,1270,962.479830009092,489,32.9467773199727,1270,1032.35273790874
"strong",1.5,15,217026,"L2","L2 at tau=5",489,1270,0.660726827918214,-0.00198656190061088,0.660726827918214,0.00198656190061088,489,874.144870555724,1270,962.479830009092,489,32.9467773199727,1270,1032.35273790874
"strong",1.5,15,217026,"L1lag","L1 at tau-1=4",489,1270,0.807478375022707,-0.0133041273211701,0.807478375022707,0.0133041273211701,489,874.144870555724,1270,962.479830009092,489,32.9467773199727,1270,1032.35273790874
"strong",1.5,15,217026,"L2lag","L2 at tau-1=4",489,1270,0.699624582787578,0.288132379554732,0.699624582787578,0.288132379554732,489,874.144870555724,1270,962.479830009092,489,32.9467773199727,1270,1032.35273790874
"strong",1.5,16,218026,"x1","Baseline x1",519,1250,1.43974069522217,-0.0474502797153382,1.43974069522217,0.0474502797153382,519,924.151652640239,1250,977.861057868265,519,26.4160645488164,1250,740.360985735035
"strong",1.5,16,218026,"L1","L1 at tau=5",519,1250,0.815860418823755,0.127601540484245,0.815860418823755,0.127601540484245,519,924.151652640239,1250,977.861057868265,519,26.4160645488164,1250,740.360985735035
"strong",1.5,16,218026,"L2","L2 at tau=5",519,1250,0.737231590256309,0.0112705032562062,0.737231590256309,0.0112705032562062,519,924.151652640239,1250,977.861057868265,519,26.4160645488164,1250,740.360985735035
"strong",1.5,16,218026,"L1lag","L1 at tau-1=4",519,1250,0.83869318389397,0.0970705318185397,0.83869318389397,0.0970705318185397,519,924.151652640239,1250,977.861057868265,519,26.4160645488164,1250,740.360985735035
"strong",1.5,16,218026,"L2lag","L2 at tau-1=4",519,1250,0.759676049071619,0.0400740568077783,0.759676049071619,0.0400740568077783,519,924.151652640239,1250,977.861057868265,519,26.4160645488164,1250,740.360985735035
"strong",1.5,17,219026,"x1","Baseline x1",497,1210,1.47432597595777,0.449378794039637,1.47432597595777,0.449378794039637,497,665.504983392324,1210,939.429300514385,497,112.476751524766,1210,829.446472492902
"strong",1.5,17,219026,"L1","L1 at tau=5",497,1210,0.745873931359329,0.133879119975352,0.745873931359329,0.133879119975352,497,665.504983392324,1210,939.429300514385,497,112.476751524766,1210,829.446472492902
"strong",1.5,17,219026,"L2","L2 at tau=5",497,1210,0.741759378550433,0.127635854305027,0.741759378550433,0.127635854305027,497,665.504983392324,1210,939.429300514385,497,112.476751524766,1210,829.446472492902
"strong",1.5,17,219026,"L1lag","L1 at tau-1=4",497,1210,0.718077092789769,0.125261409121861,0.718077092789769,0.125261409121861,497,665.504983392324,1210,939.429300514385,497,112.476751524766,1210,829.446472492902
"strong",1.5,17,219026,"L2lag","L2 at tau-1=4",497,1210,0.729112598708863,0.14575081169032,0.729112598708863,0.14575081169032,497,665.504983392324,1210,939.429300514385,497,112.476751524766,1210,829.446472492902
"strong",1.5,18,220026,"x1","Baseline x1",464,1283,1.4338077481619,0.184903095741975,1.4338077481619,0.184903095741975,464,655.708224468763,1283,1009.21113494008,464,53.6829225843354,1283,1037.47923798678
"strong",1.5,18,220026,"L1","L1 at tau=5",464,1283,0.774756708427177,0.0865501615825072,0.774756708427177,0.0865501615825072,464,655.708224468763,1283,1009.21113494008,464,53.6829225843354,1283,1037.47923798678
"strong",1.5,18,220026,"L2","L2 at tau=5",464,1283,0.793561455170295,0.246226989722762,0.793561455170295,0.246226989722762,464,655.708224468763,1283,1009.21113494008,464,53.6829225843354,1283,1037.47923798678
"strong",1.5,18,220026,"L1lag","L1 at tau-1=4",464,1283,0.829628945509823,0.0389753122870155,0.829628945509823,0.0389753122870155,464,655.708224468763,1283,1009.21113494008,464,53.6829225843354,1283,1037.47923798678
"strong",1.5,18,220026,"L2lag","L2 at tau-1=4",464,1283,0.73544509258583,0.132862428178155,0.73544509258583,0.132862428178155,464,655.708224468763,1283,1009.21113494008,464,53.6829225843354,1283,1037.47923798678
"strong",1.5,19,221026,"x1","Baseline x1",464,1228,1.40773265561487,-0.0391098412230674,1.40773265561487,0.0391098412230674,464,838.826649624462,1228,970.913829901443,464,31.7054182808881,1228,890.385593103499
"strong",1.5,19,221026,"L1","L1 at tau=5",464,1228,0.820718073568824,0.339610790514156,0.820718073568824,0.339610790514156,464,838.826649624462,1228,970.913829901443,464,31.7054182808881,1228,890.385593103499
"strong",1.5,19,221026,"L2","L2 at tau=5",464,1228,0.779916264777002,0.2106019851389,0.779916264777002,0.2106019851389,464,838.826649624462,1228,970.913829901443,464,31.7054182808881,1228,890.385593103499
"strong",1.5,19,221026,"L1lag","L1 at tau-1=4",464,1228,0.807145915632314,-0.074583536013182,0.807145915632314,0.074583536013182,464,838.826649624462,1228,970.913829901443,464,31.7054182808881,1228,890.385593103499
"strong",1.5,19,221026,"L2lag","L2 at tau-1=4",464,1228,0.855941177977186,0.364558144411204,0.855941177977186,0.364558144411204,464,838.826649624462,1228,970.913829901443,464,31.7054182808881,1228,890.385593103499
"strong",1.5,20,222026,"x1","Baseline x1",515,1234,1.47967242688649,0.154434852322959,1.47967242688649,0.154434852322959,515,675.570523208203,1234,963.598352367797,515,88.4028340401503,1234,477.844463383469
"strong",1.5,20,222026,"L1","L1 at tau=5",515,1234,0.707444584888345,0.0475476133994905,0.707444584888345,0.0475476133994905,515,675.570523208203,1234,963.598352367797,515,88.4028340401503,1234,477.844463383469
"strong",1.5,20,222026,"L2","L2 at tau=5",515,1234,0.889398353394437,0.373653775107592,0.889398353394437,0.373653775107592,515,675.570523208203,1234,963.598352367797,515,88.4028340401503,1234,477.844463383469
"strong",1.5,20,222026,"L1lag","L1 at tau-1=4",515,1234,0.755907864341413,0.210695436755949,0.755907864341413,0.210695436755949,515,675.570523208203,1234,963.598352367797,515,88.4028340401503,1234,477.844463383469
"strong",1.5,20,222026,"L2lag","L2 at tau-1=4",515,1234,0.848599277138829,0.158363483302018,0.848599277138829,0.158363483302018,515,675.570523208203,1234,963.598352367797,515,88.4028340401503,1234,477.844463383469
