"analysis","n_arm1","n_arm0","weight_sum_arm1","weight_sum_arm0","ess_arm1","ess_arm0","scenario","conf_mult","iteration","seed"
"Before weighting",351,1286,351,1286,351,1286,"small",0.5,1,3026
"After weighting",351,1286,449.444474366375,1180.08257895376,235.063946330086,1271.97490730445,"small",0.5,1,3026
"Before weighting",370,1248,370,1248,370,1248,"small",0.5,2,4026
"After weighting",370,1248,503.328035633879,1136.09144813996,253.098496005147,1225.82990305549,"small",0.5,2,4026
"Before weighting",345,1271,345,1271,345,1271,"small",0.5,3,5026
"After weighting",345,1271,459.703542725699,1156.72254094855,221.049652596996,1251.00126910557,"small",0.5,3,5026
"Before weighting",378,1265,378,1265,378,1265,"small",0.5,4,6026
"After weighting",378,1265,491.46311847615,1150.24737046251,265.63170614165,1250.23461207951,"small",0.5,4,6026
"Before weighting",349,1249,349,1249,349,1249,"small",0.5,5,7026
"After weighting",349,1249,459.768338897889,1149.04541913135,197.154085266507,1229.20514424746,"small",0.5,5,7026
"Before weighting",367,1260,367,1260,367,1260,"small",0.5,6,8026
"After weighting",367,1260,509.851983526675,1149.87050226708,235.952015084259,1241.14642510937,"small",0.5,6,8026
"Before weighting",393,1294,393,1294,393,1294,"small",0.5,7,9026
"After weighting",393,1294,528.309098011942,1189.19058648601,245.770824939791,1272.9941352847,"small",0.5,7,9026
"Before weighting",357,1277,357,1277,357,1277,"small",0.5,8,10026
"After weighting",357,1277,467.500117528157,1171.38610636428,255.420673758527,1256.83324093305,"small",0.5,8,10026
"Before weighting",344,1324,344,1324,344,1324,"small",0.5,9,11026
"After weighting",344,1324,438.433578246862,1214.21988584528,260.175419706635,1309.23995199092,"small",0.5,9,11026
"Before weighting",390,1257,390,1257,390,1257,"small",0.5,10,12026
"After weighting",390,1257,468.621423092416,1145.46284984462,281.198844877693,1234.90079136872,"small",0.5,10,12026
"Before weighting",368,1312,368,1312,368,1312,"small",0.5,11,13026
"After weighting",368,1312,460.563719656126,1206.32405248605,260.575007036985,1295.35512391431,"small",0.5,11,13026
"Before weighting",358,1245,358,1245,358,1245,"small",0.5,12,14026
"After weighting",358,1245,473.301383511158,1133.88498663244,260.078677907586,1230.10987654262,"small",0.5,12,14026
"Before weighting",381,1270,381,1270,381,1270,"small",0.5,13,15026
"After weighting",381,1270,473.680033676564,1163.71546078881,275.798937760841,1249.4710915132,"small",0.5,13,15026
"Before weighting",366,1284,366,1284,366,1284,"small",0.5,14,16026
"After weighting",366,1284,473.637354719611,1180.58796996544,257.015308900936,1261.52250762691,"small",0.5,14,16026
"Before weighting",340,1314,340,1314,340,1314,"small",0.5,15,17026
"After weighting",340,1314,430.951083190016,1195.45872754651,242.082780089256,1286.32708189765,"small",0.5,15,17026
"Before weighting",374,1327,374,1327,374,1327,"small",0.5,16,18026
"After weighting",374,1327,479.978754629205,1199.54855564402,248.530012688292,1303.79364957758,"small",0.5,16,18026
"Before weighting",368,1325,368,1325,368,1325,"small",0.5,17,19026
"After weighting",368,1325,503.88862452322,1210.58102189113,186.807772068203,1309.29648349373,"small",0.5,17,19026
"Before weighting",387,1264,387,1264,387,1264,"small",0.5,18,20026
"After weighting",387,1264,475.673202766981,1157.56237302973,252.534515110371,1238.63505785976,"small",0.5,18,20026
"Before weighting",372,1258,372,1258,372,1258,"small",0.5,19,21026
"After weighting",372,1258,472.742133520357,1158.41327555996,266.95481983063,1241.992966261,"small",0.5,19,21026
"Before weighting",376,1300,376,1300,376,1300,"small",0.5,20,22026
"After weighting",376,1300,452.082230667713,1187.34914609782,269.54810857825,1278.27677763123,"small",0.5,20,22026
"Before weighting",419,1289,419,1289,419,1289,"medium",1,1,103026
"After weighting",419,1289,616.255604741821,1079.30027320765,113.51706395596,1133.05744504568,"medium",1,1,103026
"Before weighting",374,1271,374,1271,374,1271,"medium",1,2,104026
"After weighting",374,1271,579.04245624764,1060.24647952436,103.595063141045,1126.90200800657,"medium",1,2,104026
"Before weighting",424,1249,424,1249,424,1249,"medium",1,3,105026
"After weighting",424,1249,583.144747035721,1045.14333793253,138.471133437909,895.137106064984,"medium",1,3,105026
"Before weighting",427,1263,427,1263,427,1263,"medium",1,4,106026
"After weighting",427,1263,663.153676718312,1052.19889360768,118.411652540377,1165.57633501756,"medium",1,4,106026
"Before weighting",412,1272,412,1272,412,1272,"medium",1,5,107026
"After weighting",412,1272,588.892772912324,1072.58623371916,166.674070664441,936.069614693443,"medium",1,5,107026
"Before weighting",395,1275,395,1275,395,1275,"medium",1,6,108026
"After weighting",395,1275,574.881861452972,1064.333508949,159.183364246775,1175.85989108266,"medium",1,6,108026
"Before weighting",395,1302,395,1302,395,1302,"medium",1,7,109026
"After weighting",395,1302,518.258978541729,1090.31458233585,147.776287581338,1200.45111508432,"medium",1,7,109026
"Before weighting",438,1238,438,1238,438,1238,"medium",1,8,110026
"After weighting",438,1238,571.397147057523,1023.56082963157,187.946677405628,1149.47263973308,"medium",1,8,110026
"Before weighting",427,1228,427,1228,427,1228,"medium",1,9,111026
"After weighting",427,1228,699.774869433687,1036.26291689602,90.5089980362733,1021.97590442857,"medium",1,9,111026
"Before weighting",415,1257,415,1257,415,1257,"medium",1,10,112026
"After weighting",415,1257,742.586829917277,1041.38390765685,75.8430769983329,1117.26653648324,"medium",1,10,112026
"Before weighting",387,1259,387,1259,387,1259,"medium",1,11,113026
"After weighting",387,1259,591.769601926264,1035.75363607914,79.8351012974727,1153.39868897923,"medium",1,11,113026
"Before weighting",421,1308,421,1308,421,1308,"medium",1,12,114026
"After weighting",421,1308,546.500541191132,1098.07478289387,163.140732087992,1213.33582760059,"medium",1,12,114026
"Before weighting",411,1222,411,1222,411,1222,"medium",1,13,115026
"After weighting",411,1222,584.103929633796,1031.54194268165,117.437522838154,809.049716107788,"medium",1,13,115026
"Before weighting",389,1297,389,1297,389,1297,"medium",1,14,116026
"After weighting",389,1297,664.330079643503,1086.08065351713,67.2972905999677,1116.88560575379,"medium",1,14,116026
"Before weighting",362,1276,362,1276,362,1276,"medium",1,15,117026
"After weighting",362,1276,535.32651710766,1072.74028385073,117.751577817433,1202.24902565854,"medium",1,15,117026
"Before weighting",424,1283,424,1283,424,1283,"medium",1,16,118026
"After weighting",424,1283,595.798169457372,1078.53068065922,140.805685518979,1186.52060577441,"medium",1,16,118026
"Before weighting",444,1283,444,1283,444,1283,"medium",1,17,119026
"After weighting",444,1283,620.735827784201,1074.52031936256,115.785602727188,1176.72335814777,"medium",1,17,119026
"Before weighting",432,1247,432,1247,432,1247,"medium",1,18,120026
"After weighting",432,1247,652.254223374822,1043.61817354302,123.481010136495,1151.70274355927,"medium",1,18,120026
"Before weighting",392,1290,392,1290,392,1290,"medium",1,19,121026
"After weighting",392,1290,625.660221699075,1078.40147842398,138.150679237137,1218.28858282721,"medium",1,19,121026
"Before weighting",417,1238,417,1238,417,1238,"medium",1,20,122026
"After weighting",417,1238,609.139880109373,1035.90515365928,137.247924023716,1011.91292270879,"medium",1,20,122026
"Before weighting",470,1250,470,1250,470,1250,"strong",1.5,1,203026
"After weighting",470,1250,751.544721264763,968.522773094344,49.087500937624,1042.54681910424,"strong",1.5,1,203026
"Before weighting",490,1249,490,1249,490,1249,"strong",1.5,2,204026
"After weighting",490,1249,601.026525863403,971.656824537857,119.415985310332,879.524229647528,"strong",1.5,2,204026
"Before weighting",425,1249,425,1249,425,1249,"strong",1.5,3,205026
"After weighting",425,1249,691.001880198717,971.814469363288,51.4677270718028,769.675482852745,"strong",1.5,3,205026
"Before weighting",462,1247,462,1247,462,1247,"strong",1.5,4,206026
"After weighting",462,1247,732.84182541686,962.407808002358,25.5677602714209,1019.330442134,"strong",1.5,4,206026
"Before weighting",509,1222,509,1222,509,1222,"strong",1.5,5,207026
"After weighting",509,1222,792.465299133268,960.403644535664,61.5026226401467,868.596392688715,"strong",1.5,5,207026
"Before weighting",470,1277,470,1277,470,1277,"strong",1.5,6,208026
"After weighting",470,1277,694.50578425728,959.305971806268,92.9755806584798,1094.75224725369,"strong",1.5,6,208026
"Before weighting",493,1222,493,1222,493,1222,"strong",1.5,7,209026
"After weighting",493,1222,829.389552963159,928.830770847898,34.5911848823656,986.103974177225,"strong",1.5,7,209026
"Before weighting",486,1238,486,1238,486,1238,"strong",1.5,8,210026
"After weighting",486,1238,522.85355665997,935.371155748979,167.574018343787,1010.18284766949,"strong",1.5,8,210026
"Before weighting",500,1210,500,1210,500,1210,"strong",1.5,9,211026
"After weighting",500,1210,695.080201185237,931.909487523847,99.1275115624308,1009.42912838873,"strong",1.5,9,211026
"Before weighting",468,1249,468,1249,468,1249,"strong",1.5,10,212026
"After weighting",468,1249,809.671076435125,1014.46023810748,20.1276800769927,183.049794551666,"strong",1.5,10,212026
"Before weighting",455,1243,455,1243,455,1243,"strong",1.5,11,213026
"After weighting",455,1243,701.764604279087,980.290145845632,51.083693421565,1058.32962269258,"strong",1.5,11,213026
"Before weighting",494,1226,494,1226,494,1226,"strong",1.5,12,214026
"After weighting",494,1226,917.484134075149,963.187718514998,31.4250833799739,822.35501418736,"strong",1.5,12,214026
"Before weighting",483,1225,483,1225,483,1225,"strong",1.5,13,215026
"After weighting",483,1225,634.869306137372,956.837432868811,109.509118432057,936.520122365134,"strong",1.5,13,215026
"Before weighting",472,1246,472,1246,472,1246,"strong",1.5,14,216026
"After weighting",472,1246,644.295954355797,941.920427309718,59.2920125423732,1093.09780093626,"strong",1.5,14,216026
"Before weighting",489,1270,489,1270,489,1270,"strong",1.5,15,217026
"After weighting",489,1270,874.144870555724,962.479830009092,32.9467773199727,1032.35273790874,"strong",1.5,15,217026
"Before weighting",519,1250,519,1250,519,1250,"strong",1.5,16,218026
"After weighting",519,1250,924.151652640239,977.861057868265,26.4160645488164,740.360985735035,"strong",1.5,16,218026
"Before weighting",497,1210,497,1210,497,1210,"strong",1.5,17,219026
"After weighting",497,1210,665.504983392324,939.429300514385,112.476751524766,829.446472492902,"strong",1.5,17,219026
"Before weighting",464,1283,464,1283,464,1283,"strong",1.5,18,220026
"After weighting",464,1283,655.708224468763,1009.21113494008,53.6829225843354,1037.47923798678,"strong",1.5,18,220026
"Before weighting",464,1228,464,1228,464,1228,"strong",1.5,19,221026
"After weighting",464,1228,838.826649624462,970.913829901443,31.7054182808881,890.385593103499,"strong",1.5,19,221026
"Before weighting",515,1234,515,1234,515,1234,"strong",1.5,20,222026
"After weighting",515,1234,675.570523208203,963.598352367797,88.4028340401503,477.844463383469,"strong",1.5,20,222026
