"scenario","conf_mult","iteration","seed","interval","common_numerator_hazard"
"small",0.5,1,3026,1,0.0526666666666667
"small",0.5,1,3026,2,0.0545390570021112
"small",0.5,1,3026,3,0.0524748790472646
"small",0.5,1,3026,4,0.0561665357423409
"small",0.5,1,3026,5,0.05451518934665
"small",0.5,1,3026,6,0.0558978873239437
"small",0.5,1,3026,7,0.0531468531468531
"small",0.5,1,3026,8,0.052191038897095
"small",0.5,1,3026,9,0.0561038961038961
"small",0.5,1,3026,10,0.0511832691249312
"small",0.5,1,3026,11,0.0458236658932715
"small",0.5,1,3026,12,0.0547112462006079
"small",0.5,1,3026,13,0.0565916398713826
"small",0.5,1,3026,14,0.0511247443762781
"small",0.5,1,3026,15,0.0495689655172414
"small",0.5,1,3026,16,0.0468631897203326
"small",0.5,1,3026,17,0.0475812846946868
"small",0.5,1,3026,18,0.0391340549542048
"small",0.5,1,3026,19,0.0493934142114385
"small",0.5,1,3026,20,0.0401093892433911
"small",0.5,1,3026,21,0.0417853751187085
"small",0.5,1,3026,22,0.0386521308225966
"small",0.5,1,3026,23,0.0381443298969072
"small",0.5,1,3026,24,0.0310825294748124
"small",0.5,1,3026,25,0.0320796460176991
"small",0.5,2,4026,1,0.054
"small",0.5,2,4026,2,0.0567300916138125
"small",0.5,2,4026,3,0.0537915577138588
"small",0.5,2,4026,4,0.0604026845637584
"small",0.5,2,4026,5,0.0659663865546219
"small",0.5,2,4026,6,0.0562303193882141
"small",0.5,2,4026,7,0.0586272640610105
"small",0.5,2,4026,8,0.0546835443037975
"small",0.5,2,4026,9,0.0530262453133369
"small",0.5,2,4026,10,0.0605203619909502
"small",0.5,2,4026,11,0.0523780854906683
"small",0.5,2,4026,12,0.0514612452350699
"small",0.5,2,4026,13,0.0495646349631614
"small",0.5,2,4026,14,0.040169133192389
"small",0.5,2,4026,15,0.0484581497797357
"small",0.5,2,4026,16,0.0401234567901235
"small",0.5,2,4026,17,0.0530546623794212
"small",0.5,2,4026,18,0.034804753820034
"small",0.5,2,4026,19,0.0395778364116095
"small",0.5,2,4026,20,0.0256410256410256
"small",0.5,2,4026,21,0.0366541353383459
"small",0.5,2,4026,22,0.0409756097560976
"small",0.5,2,4026,23,0.0447609359104781
"small",0.5,2,4026,24,0.0425985090521832
"small",0.5,2,4026,25,0.0456062291434928
"small",0.5,3,5026,1,0.051
"small",0.5,3,5026,2,0.0558482613277134
"small",0.5,3,5026,3,0.0572916666666667
"small",0.5,3,5026,4,0.0599842146803473
"small",0.5,3,5026,5,0.0591939546599496
"small",0.5,3,5026,6,0.0544399821508255
"small",0.5,3,5026,7,0.0547428032090609
"small",0.5,3,5026,8,0.054418372441338
"small",0.5,3,5026,9,0.0533262935586061
"small",0.5,3,5026,10,0.045175683212493
"small",0.5,3,5026,11,0.0566588785046729
"small",0.5,3,5026,12,0.0538699690402477
"small",0.5,3,5026,13,0.0418848167539267
"small",0.5,3,5026,14,0.0587431693989071
"small",0.5,3,5026,15,0.04644412191582
"small",0.5,3,5026,16,0.0547945205479452
"small",0.5,3,5026,17,0.0394524959742351
"small",0.5,3,5026,18,0.0486169321039397
"small",0.5,3,5026,19,0.0422907488986784
"small",0.5,3,5026,20,0.0395584176632935
"small",0.5,3,5026,21,0.0402298850574713
"small",0.5,3,5026,22,0.0439121756487026
"small",0.5,3,5026,23,0.0407098121085595
"small",0.5,3,5026,24,0.043525571273123
"small",0.5,3,5026,25,0.0409556313993174
"small",0.5,4,6026,1,0.055
"small",0.5,4,6026,2,0.0596119929453263
"small",0.5,4,6026,3,0.0581395348837209
"small",0.5,4,6026,4,0.0585424133811231
"small",0.5,4,6026,5,0.0566835871404399
"small",0.5,4,6026,6,0.0632286995515695
"small",0.5,4,6026,7,0.0536141694590713
"small",0.5,4,6026,8,0.0515933232169954
"small",0.5,4,6026,9,0.0512
"small",0.5,4,6026,10,0.0511523327712198
"small",0.5,4,6026,11,0.0485781990521327
"small",0.5,4,6026,12,0.0491905354919054
"small",0.5,4,6026,13,0.045841519318926
"small",0.5,4,6026,14,0.0446122168840082
"small",0.5,4,6026,15,0.0352011494252874
"small",0.5,4,6026,16,0.0446760982874162
"small",0.5,4,6026,17,0.0467653936087295
"small",0.5,4,6026,18,0.0417007358953393
"small",0.5,4,6026,19,0.045221843003413
"small",0.5,4,6026,20,0.0357462019660411
"small",0.5,4,6026,21,0.036144578313253
"small",0.5,4,6026,22,0.0442307692307692
"small",0.5,4,6026,23,0.0362173038229376
"small",0.5,4,6026,24,0.0407098121085595
"small",0.5,4,6026,25,0.0326441784548422
"small",0.5,5,7026,1,0.0546666666666667
"small",0.5,5,7026,2,0.0567700987306065
"small",0.5,5,7026,3,0.0534579439252336
"small",0.5,5,7026,4,0.0513428120063191
"small",0.5,5,7026,5,0.0570358034970858
"small",0.5,5,7026,6,0.0538631346578366
"small",0.5,5,7026,7,0.05506299580028
"small",0.5,5,7026,8,0.0602469135802469
"small",0.5,5,7026,9,0.0530740935365213
"small",0.5,5,7026,10,0.0471698113207547
"small",0.5,5,7026,11,0.0483401281304601
"small",0.5,5,7026,12,0.0507955936352509
"small",0.5,5,7026,13,0.049645390070922
"small",0.5,5,7026,14,0.0434192672998643
"small",0.5,5,7026,15,0.0446808510638298
"small",0.5,5,7026,16,0.0504825538233111
"small",0.5,5,7026,17,0.0453479280688038
"small",0.5,5,7026,18,0.0483210483210483
"small",0.5,5,7026,19,0.040447504302926
"small",0.5,5,7026,20,0.0340807174887892
"small",0.5,5,7026,21,0.0380687093779016
"small",0.5,5,7026,22,0.0405405405405405
"small",0.5,5,7026,23,0.0352112676056338
"small",0.5,5,7026,24,0.0490093847758081
"small",0.5,5,7026,25,0.0427631578947368
"small",0.5,6,8026,1,0.0556666666666667
"small",0.5,6,8026,2,0.0624779385810095
"small",0.5,6,8026,3,0.0568524096385542
"small",0.5,6,8026,4,0.0542914171656687
"small",0.5,6,8026,5,0.0586745462220346
"small",0.5,6,8026,6,0.0538116591928251
"small",0.5,6,8026,7,0.0554502369668246
"small",0.5,6,8026,8,0.0541896638233818
"small",0.5,6,8026,9,0.0530503978779841
"small",0.5,6,8026,10,0.049859943977591
"small",0.5,6,8026,11,0.0619103773584906
"small",0.5,6,8026,12,0.0370835952231301
"small",0.5,6,8026,13,0.0469973890339426
"small",0.5,6,8026,14,0.0458904109589041
"small",0.5,6,8026,15,0.0473797559224695
"small",0.5,6,8026,16,0.0391861341371515
"small",0.5,6,8026,17,0.043921568627451
"small",0.5,6,8026,18,0.0459392945036916
"small",0.5,6,8026,19,0.0464316423043852
"small",0.5,6,8026,20,0.042380522993688
"small",0.5,6,8026,21,0.0461393596986817
"small",0.5,6,8026,22,0.0365251727541955
"small",0.5,6,8026,23,0.0440573770491803
"small",0.5,6,8026,24,0.0418006430868167
"small",0.5,6,8026,25,0.0391498881431767
"small",0.5,7,9026,1,0.052
"small",0.5,7,9026,2,0.0552039381153305
"small",0.5,7,9026,3,0.0539635280982508
"small",0.5,7,9026,4,0.0637293469708891
"small",0.5,7,9026,5,0.0609243697478992
"small",0.5,7,9026,6,0.0456375838926174
"small",0.5,7,9026,7,0.0609470229723394
"small",0.5,7,9026,8,0.0524213679480779
"small",0.5,7,9026,9,0.0611169652265543
"small",0.5,7,9026,10,0.0572390572390572
"small",0.5,7,9026,11,0.0416666666666667
"small",0.5,7,9026,12,0.0472049689440994
"small",0.5,7,9026,13,0.0488917861799218
"small",0.5,7,9026,14,0.0500342700479781
"small",0.5,7,9026,15,0.0360750360750361
"small",0.5,7,9026,16,0.0523952095808383
"small",0.5,7,9026,17,0.0434439178515008
"small",0.5,7,9026,18,0.0379851362510322
"small",0.5,7,9026,19,0.0386266094420601
"small",0.5,7,9026,20,0.04375
"small",0.5,7,9026,21,0.0401493930905696
"small",0.5,7,9026,22,0.0359922178988327
"small",0.5,7,9026,23,0.0454086781029263
"small",0.5,7,9026,24,0.0391120507399577
"small",0.5,7,9026,25,0.0341034103410341
"small",0.5,8,10026,1,0.0556666666666667
"small",0.5,8,10026,2,0.0511824920578892
"small",0.5,8,10026,3,0.0598958333333333
"small",0.5,8,10026,4,0.0573802928373566
"small",0.5,8,10026,5,0.0583543240973971
"small",0.5,8,10026,6,0.0619705751226037
"small",0.5,8,10026,7,0.0541825095057034
"small",0.5,8,10026,8,0.0517587939698492
"small",0.5,8,10026,9,0.0455749867514573
"small",0.5,8,10026,10,0.0571904497501388
"small",0.5,8,10026,11,0.0453474676089517
"small",0.5,8,10026,12,0.0512029611351018
"small",0.5,8,10026,13,0.0435630689206762
"small",0.5,8,10026,14,0.0455472467709041
"small",0.5,8,10026,15,0.037037037037037
"small",0.5,8,10026,16,0.0428994082840237
"small",0.5,8,10026,17,0.0440494590417311
"small",0.5,8,10026,18,0.0436540016168149
"small",0.5,8,10026,19,0.0363482671174979
"small",0.5,8,10026,20,0.0421052631578947
"small",0.5,8,10026,21,0.0448717948717949
"small",0.5,8,10026,22,0.0345158197507191
"small",0.5,8,10026,23,0.0347567030784508
"small",0.5,8,10026,24,0.0390946502057613
"small",0.5,8,10026,25,0.0331905781584582
"small",0.5,9,11026,1,0.0553333333333333
"small",0.5,9,11026,2,0.0553987297106563
"small",0.5,9,11026,3,0.0508031378408666
"small",0.5,9,11026,4,0.0539157811885085
"small",0.5,9,11026,5,0.0532445923460899
"small",0.5,9,11026,6,0.0531634446397188
"small",0.5,9,11026,7,0.054292343387471
"small",0.5,9,11026,8,0.0471050049067713
"small",0.5,9,11026,9,0.0473738414006179
"small",0.5,9,11026,10,0.0513513513513514
"small",0.5,9,11026,11,0.0461538461538462
"small",0.5,9,11026,12,0.04778972520908
"small",0.5,9,11026,13,0.0514429109159348
"small",0.5,9,11026,14,0.0529100529100529
"small",0.5,9,11026,15,0.0488826815642458
"small",0.5,9,11026,16,0.0477239353891336
"small",0.5,9,11026,17,0.0501156515034695
"small",0.5,9,11026,18,0.0430194805194805
"small",0.5,9,11026,19,0.0508905852417303
"small",0.5,9,11026,20,0.0491510277033065
"small",0.5,9,11026,21,0.0432330827067669
"small",0.5,9,11026,22,0.0412573673870334
"small",0.5,9,11026,23,0.0450819672131148
"small",0.5,9,11026,24,0.0332618025751073
"small",0.5,9,11026,25,0.0266370699223085
"small",0.5,10,12026,1,0.0556666666666667
"small",0.5,10,12026,2,0.0596540769502294
"small",0.5,10,12026,3,0.0611861861861862
"small",0.5,10,12026,4,0.0563774490203918
"small",0.5,10,12026,5,0.060593220338983
"small",0.5,10,12026,6,0.0617952187640956
"small",0.5,10,12026,7,0.0557692307692308
"small",0.5,10,12026,8,0.0560081466395112
"small",0.5,10,12026,9,0.0469255663430421
"small",0.5,10,12026,10,0.0469722693831353
"small",0.5,10,12026,11,0.0558194774346793
"small",0.5,10,12026,12,0.050314465408805
"small",0.5,10,12026,13,0.0516556291390728
"small",0.5,10,12026,14,0.0425977653631285
"small",0.5,10,12026,15,0.0415754923413567
"small",0.5,10,12026,16,0.0403348554033486
"small",0.5,10,12026,17,0.0428231562252181
"small",0.5,10,12026,18,0.043910521955261
"small",0.5,10,12026,19,0.0537261698440208
"small",0.5,10,12026,20,0.0512820512820513
"small",0.5,10,12026,21,0.0308880308880309
"small",0.5,10,12026,22,0.0318725099601594
"small",0.5,10,12026,23,0.0308641975308642
"small",0.5,10,12026,24,0.0339702760084926
"small",0.5,10,12026,25,0.0461538461538462
"small",0.5,11,13026,1,0.0596666666666667
"small",0.5,11,13026,2,0.0599078341013825
"small",0.5,11,13026,3,0.056184012066365
"small",0.5,11,13026,4,0.0531362365161806
"small",0.5,11,13026,5,0.0510548523206751
"small",0.5,11,13026,6,0.0546909737661183
"small",0.5,11,13026,7,0.0493885230479774
"small",0.5,11,13026,8,0.0484908461157843
"small",0.5,11,13026,9,0.046281851274051
"small",0.5,11,13026,10,0.0517993456924755
"small",0.5,11,13026,11,0.0563542265669925
"small",0.5,11,13026,12,0.0475319926873857
"small",0.5,11,13026,13,0.0479846449136276
"small",0.5,11,13026,14,0.0470430107526882
"small",0.5,11,13026,15,0.03737658674189
"small",0.5,11,13026,16,0.043956043956044
"small",0.5,11,13026,17,0.0390804597701149
"small",0.5,11,13026,18,0.0502392344497608
"small",0.5,11,13026,19,0.0453400503778338
"small",0.5,11,13026,20,0.0448548812664908
"small",0.5,11,13026,21,0.0294659300184162
"small",0.5,11,13026,22,0.0265654648956357
"small",0.5,11,13026,23,0.0419103313840156
"small",0.5,11,13026,24,0.0325534079348932
"small",0.5,11,13026,25,0.0410094637223975
"small",0.5,12,14026,1,0.0496666666666667
"small",0.5,12,14026,2,0.0564714135391091
"small",0.5,12,14026,3,0.0657992565055762
"small",0.5,12,14026,4,0.0604854755272583
"small",0.5,12,14026,5,0.0559085133418043
"small",0.5,12,14026,6,0.0439659039928219
"small",0.5,12,14026,7,0.0577193805725012
"small",0.5,12,14026,8,0.0572709163346614
"small",0.5,12,14026,9,0.051769677760169
"small",0.5,12,14026,10,0.0462395543175487
"small",0.5,12,14026,11,0.0438084112149533
"small",0.5,12,14026,12,0.0445937690897984
"small",0.5,12,14026,13,0.0524296675191816
"small",0.5,12,14026,14,0.053306342780027
"small",0.5,12,14026,15,0.0477548111190306
"small",0.5,12,14026,16,0.0381736526946108
"small",0.5,12,14026,17,0.0428015564202335
"small",0.5,12,14026,18,0.0447154471544715
"small",0.5,12,14026,19,0.0348936170212766
"small",0.5,12,14026,20,0.0388007054673721
"small",0.5,12,14026,21,0.0394495412844037
"small",0.5,12,14026,22,0.0343839541547278
"small",0.5,12,14026,23,0.0365974282888229
"small",0.5,12,14026,24,0.0277207392197125
"small",0.5,12,14026,25,0.0242872228088701
"small",0.5,13,15026,1,0.0506666666666667
"small",0.5,13,15026,2,0.0568820224719101
"small",0.5,13,15026,3,0.0599404318689501
"small",0.5,13,15026,4,0.0681188118811881
"small",0.5,13,15026,5,0.0565235869103272
"small",0.5,13,15026,6,0.0522522522522523
"small",0.5,13,15026,7,0.0423003802281369
"small",0.5,13,15026,8,0.0600496277915633
"small",0.5,13,15026,9,0.0491024287222809
"small",0.5,13,15026,10,0.0521932259855636
"small",0.5,13,15026,11,0.0439367311072056
"small",0.5,13,15026,12,0.0575980392156863
"small",0.5,13,15026,13,0.046814044213264
"small",0.5,13,15026,14,0.0450204638472033
"small",0.5,13,15026,15,0.035
"small",0.5,13,15026,16,0.0436713545521836
"small",0.5,13,15026,17,0.0448916408668731
"small",0.5,13,15026,18,0.0437601296596434
"small",0.5,13,15026,19,0.0533898305084746
"small",0.5,13,15026,20,0.0420769919427037
"small",0.5,13,15026,21,0.0355140186915888
"small",0.5,13,15026,22,0.0397286821705426
"small",0.5,13,15026,23,0.0403632694248234
"small",0.5,13,15026,24,0.0420609884332282
"small",0.5,13,15026,25,0.0318331503841932
"small",0.5,14,16026,1,0.0516666666666667
"small",0.5,14,16026,2,0.0636203866432337
"small",0.5,14,16026,3,0.0529279279279279
"small",0.5,14,16026,4,0.0566785572730876
"small",0.5,14,16026,5,0.0584033613445378
"small",0.5,14,16026,6,0.0660419455600178
"small",0.5,14,16026,7,0.0501672240802676
"small",0.5,14,16026,8,0.0523138832997988
"small",0.5,14,16026,9,0.0567940552016985
"small",0.5,14,16026,10,0.0585256049521666
"small",0.5,14,16026,11,0.0514046622833234
"small",0.5,14,16026,12,0.0485192186515438
"small",0.5,14,16026,13,0.0437086092715232
"small",0.5,14,16026,14,0.046398891966759
"small",0.5,14,16026,15,0.0530137981118373
"small",0.5,14,16026,16,0.0383435582822086
"small",0.5,14,16026,17,0.0390749601275917
"small",0.5,14,16026,18,0.0514522821576763
"small",0.5,14,16026,19,0.0411198600174978
"small",0.5,14,16026,20,0.0337591240875912
"small",0.5,14,16026,21,0.0358829084041549
"small",0.5,14,16026,22,0.0411361410381978
"small",0.5,14,16026,23,0.041879468845761
"small",0.5,14,16026,24,0.046908315565032
"small",0.5,14,16026,25,0.0514541387024608
"small",0.5,15,17026,1,0.055
"small",0.5,15,17026,2,0.0574955908289242
"small",0.5,15,17026,3,0.0572604790419162
"small",0.5,15,17026,4,0.056371576022231
"small",0.5,15,17026,5,0.0614219604543542
"small",0.5,15,17026,6,0.0573733751680861
"small",0.5,15,17026,7,0.0584878744650499
"small",0.5,15,17026,8,0.055050505050505
"small",0.5,15,17026,9,0.0491715660074826
"small",0.5,15,17026,10,0.0483417650365374
"small",0.5,15,17026,11,0.0614294152392203
"small",0.5,15,17026,12,0.0465701699181875
"small",0.5,15,17026,13,0.0488448844884488
"small",0.5,15,17026,14,0.0444136016655101
"small",0.5,15,17026,15,0.0522875816993464
"small",0.5,15,17026,16,0.0452107279693487
"small",0.5,15,17026,17,0.0401284109149278
"small",0.5,15,17026,18,0.0367892976588629
"small",0.5,15,17026,19,0.0512152777777778
"small",0.5,15,17026,20,0.030192131747484
"small",0.5,15,17026,21,0.0518867924528302
"small",0.5,15,17026,22,0.0417910447761194
"small",0.5,15,17026,23,0.0332294911734164
"small",0.5,15,17026,24,0.0386680988184748
"small",0.5,15,17026,25,0.0357541899441341
"small",0.5,16,18026,1,0.061
"small",0.5,16,18026,2,0.0589279375221867
"small",0.5,16,18026,3,0.0614862316107129
"small",0.5,16,18026,4,0.0627009646302251
"small",0.5,16,18026,5,0.0608919382504288
"small",0.5,16,18026,6,0.0470319634703196
"small",0.5,16,18026,7,0.0522280785816962
"small",0.5,16,18026,8,0.0475227502527806
"small",0.5,16,18026,9,0.0514861995753716
"small",0.5,16,18026,10,0.050923335198657
"small",0.5,16,18026,11,0.0530660377358491
"small",0.5,16,18026,12,0.0473225404732254
"small",0.5,16,18026,13,0.0470588235294118
"small",0.5,16,18026,14,0.0390946502057613
"small",0.5,16,18026,15,0.0549607423269094
"small",0.5,16,18026,16,0.033987915407855
"small",0.5,16,18026,17,0.0265832681782643
"small",0.5,16,18026,18,0.0514056224899598
"small",0.5,16,18026,19,0.0474174428450466
"small",0.5,16,18026,20,0.048
"small",0.5,16,18026,21,0.034547152194211
"small",0.5,16,18026,22,0.0406189555125725
"small",0.5,16,18026,23,0.0514112903225806
"small",0.5,16,18026,24,0.0446333687566419
"small",0.5,16,18026,25,0.0344827586206897
"small",0.5,17,19026,1,0.0546666666666667
"small",0.5,17,19026,2,0.0610014104372355
"small",0.5,17,19026,3,0.055951933909125
"small",0.5,17,19026,4,0.0536992840095465
"small",0.5,17,19026,5,0.0546448087431694
"small",0.5,17,19026,6,0.0662516674077368
"small",0.5,17,19026,7,0.0552380952380952
"small",0.5,17,19026,8,0.0594758064516129
"small",0.5,17,19026,9,0.0466237942122186
"small",0.5,17,19026,10,0.0393479482855537
"small",0.5,17,19026,11,0.0433001755412522
"small",0.5,17,19026,12,0.0495412844036697
"small",0.5,17,19026,13,0.046975546975547
"small",0.5,17,19026,14,0.0472653612424038
"small",0.5,17,19026,15,0.0340184266477675
"small",0.5,17,19026,16,0.0403521643433602
"small",0.5,17,19026,17,0.0397553516819572
"small",0.5,17,19026,18,0.0390127388535032
"small",0.5,17,19026,19,0.043910521955261
"small",0.5,17,19026,20,0.0424610051993068
"small",0.5,17,19026,21,0.0398190045248869
"small",0.5,17,19026,22,0.0527803958529689
"small",0.5,17,19026,23,0.0577114427860696
"small",0.5,17,19026,24,0.0285110876451954
"small",0.5,17,19026,25,0.0358695652173913
"small",0.5,18,20026,1,0.0536666666666667
"small",0.5,18,20026,2,0.0591757661148292
"small",0.5,18,20026,3,0.0625233994758517
"small",0.5,18,20026,4,0.0543130990415335
"small",0.5,18,20026,5,0.0641891891891892
"small",0.5,18,20026,6,0.0518953068592058
"small",0.5,18,20026,7,0.0523560209424084
"small",0.5,18,20026,8,0.0527373179306881
"small",0.5,18,20026,9,0.0429480381760339
"small",0.5,18,20026,10,0.0481994459833795
"small",0.5,18,20026,11,0.0535506402793946
"small",0.5,18,20026,12,0.0424354243542435
"small",0.5,18,20026,13,0.0468850353243417
"small",0.5,18,20026,14,0.0464959568733154
"small",0.5,18,20026,15,0.0431095406360424
"small",0.5,18,20026,16,0.0561299852289513
"small",0.5,18,20026,17,0.0430359937402191
"small",0.5,18,20026,18,0.0433360588716271
"small",0.5,18,20026,19,0.0478632478632479
"small",0.5,18,20026,20,0.0412926391382406
"small",0.5,18,20026,21,0.0402621722846442
"small",0.5,18,20026,22,0.0380487804878049
"small",0.5,18,20026,23,0.0334685598377282
"small",0.5,18,20026,24,0.0419727177334732
"small",0.5,18,20026,25,0.0295728368017525
"small",0.5,19,21026,1,0.0553333333333333
"small",0.5,19,21026,2,0.0578687367678193
"small",0.5,19,21026,3,0.0576779026217228
"small",0.5,19,21026,4,0.0548489666136725
"small",0.5,19,21026,5,0.0529857022708158
"small",0.5,19,21026,6,0.0603907637655417
"small",0.5,19,21026,7,0.0595463137996219
"small",0.5,19,21026,8,0.057286432160804
"small",0.5,19,21026,9,0.0479744136460554
"small",0.5,19,21026,10,0.0520716685330347
"small",0.5,19,21026,11,0.0507974010632014
"small",0.5,19,21026,12,0.044181705040448
"small",0.5,19,21026,13,0.0494791666666667
"small",0.5,19,21026,14,0.039041095890411
"small",0.5,19,21026,15,0.0427655024946543
"small",0.5,19,21026,16,0.039463886820551
"small",0.5,19,21026,17,0.0395348837209302
"small",0.5,19,21026,18,0.0435835351089588
"small",0.5,19,21026,19,0.0329113924050633
"small",0.5,19,21026,20,0.0366492146596859
"small",0.5,19,21026,21,0.0289855072463768
"small",0.5,19,21026,22,0.0345149253731343
"small",0.5,19,21026,23,0.0405797101449275
"small",0.5,19,21026,24,0.0302114803625378
"small",0.5,19,21026,25,0.039460020768432
"small",0.5,20,22026,1,0.0543333333333333
"small",0.5,20,22026,2,0.0578075431794149
"small",0.5,20,22026,3,0.0561167227833895
"small",0.5,20,22026,4,0.0634165675782798
"small",0.5,20,22026,5,0.0643250105797715
"small",0.5,20,22026,6,0.0502035278154681
"small",0.5,20,22026,7,0.0533333333333333
"small",0.5,20,22026,8,0.051307847082495
"small",0.5,20,22026,9,0.0519618239660657
"small",0.5,20,22026,10,0.0436241610738255
"small",0.5,20,22026,11,0.0508771929824561
"small",0.5,20,22026,12,0.0468268638324091
"small",0.5,20,22026,13,0.0478345184227537
"small",0.5,20,22026,14,0.0386965376782077
"small",0.5,20,22026,15,0.0480225988700565
"small",0.5,20,22026,16,0.0318991097922849
"small",0.5,20,22026,17,0.0597701149425287
"small",0.5,20,22026,18,0.0423797881010595
"small",0.5,20,22026,19,0.0323404255319149
"small",0.5,20,22026,20,0.0413368513632366
"small",0.5,20,22026,21,0.0467889908256881
"small",0.5,20,22026,22,0.0394610202117421
"small",0.5,20,22026,23,0.0360721442885772
"small",0.5,20,22026,24,0.0311850311850312
"small",0.5,20,22026,25,0.0354077253218884
"medium",1,1,103026,1,0.081
"medium",1,1,103026,2,0.078708741385564
"medium",1,1,103026,3,0.0775590551181102
"medium",1,1,103026,4,0.0734101579172002
"medium",1,1,103026,5,0.0672501151543068
"medium",1,1,103026,6,0.0646913580246914
"medium",1,1,103026,7,0.0586061246040127
"medium",1,1,103026,8,0.0465507571508693
"medium",1,1,103026,9,0.0547058823529412
"medium",1,1,103026,10,0.0373366521468575
"medium",1,1,103026,11,0.0555914673561732
"medium",1,1,103026,12,0.0520191649555099
"medium",1,1,103026,13,0.0317689530685921
"medium",1,1,103026,14,0.035048471290082
"medium",1,1,103026,15,0.035548686244204
"medium",1,1,103026,16,0.0376602564102564
"medium",1,1,103026,17,0.0291423813488759
"medium",1,1,103026,18,0.0385934819897084
"medium",1,1,103026,19,0.0285459411239964
"medium",1,1,103026,20,0.0284664830119376
"medium",1,1,103026,21,0.0368620037807183
"medium",1,1,103026,22,0.0304219823356232
"medium",1,1,103026,23,0.0303643724696356
"medium",1,1,103026,24,0.0260960334029228
"medium",1,1,103026,25,0.0246516613076099
"medium",1,2,104026,1,0.076
"medium",1,2,104026,2,0.0826118326118326
"medium",1,2,104026,3,0.0829728666928824
"medium",1,2,104026,4,0.0681818181818182
"medium",1,2,104026,5,0.0602853198343304
"medium",1,2,104026,6,0.0612144955925563
"medium",1,2,104026,7,0.0594679186228482
"medium",1,2,104026,8,0.0587909040488075
"medium",1,2,104026,9,0.0665880966411314
"medium",1,2,104026,10,0.0486111111111111
"medium",1,2,104026,11,0.0444591904445919
"medium",1,2,104026,12,0.0395833333333333
"medium",1,2,104026,13,0.0404916847433116
"medium",1,2,104026,14,0.0369253956292389
"medium",1,2,104026,15,0.0328638497652582
"medium",1,2,104026,16,0.0355987055016181
"medium",1,2,104026,17,0.0419463087248322
"medium",1,2,104026,18,0.0341506129597198
"medium",1,2,104026,19,0.0335448776065277
"medium",1,2,104026,20,0.0375234521575985
"medium",1,2,104026,21,0.0292397660818713
"medium",1,2,104026,22,0.035140562248996
"medium",1,2,104026,23,0.0291363163371488
"medium",1,2,104026,24,0.037513397642015
"medium",1,2,104026,25,0.0211581291759465
"medium",1,3,105026,1,0.0866666666666667
"medium",1,3,105026,2,0.0846715328467153
"medium",1,3,105026,3,0.0833333333333333
"medium",1,3,105026,4,0.0630709003914746
"medium",1,3,105026,5,0.0659238625812442
"medium",1,3,105026,6,0.062624254473161
"medium",1,3,105026,7,0.056203605514316
"medium",1,3,105026,8,0.0584269662921348
"medium",1,3,105026,9,0.0459427207637232
"medium",1,3,105026,10,0.0475297060662914
"medium",1,3,105026,11,0.0499015101772817
"medium",1,3,105026,12,0.0428472702142364
"medium",1,3,105026,13,0.0462093862815884
"medium",1,3,105026,14,0.044663133989402
"medium",1,3,105026,15,0.0412044374009509
"medium",1,3,105026,16,0.0363636363636364
"medium",1,3,105026,17,0.0351629502572899
"medium",1,3,105026,18,0.0337777777777778
"medium",1,3,105026,19,0.0367985280588776
"medium",1,3,105026,20,0.0362941738299905
"medium",1,3,105026,21,0.0317145688800793
"medium",1,3,105026,22,0.0204708290685773
"medium",1,3,105026,23,0.0229885057471264
"medium",1,3,105026,24,0.0320855614973262
"medium",1,3,105026,25,0.0276243093922652
"medium",1,4,106026,1,0.0816666666666667
"medium",1,4,106026,2,0.0856624319419238
"medium",1,4,106026,3,0.0714569273521239
"medium",1,4,106026,4,0.0773834972210346
"medium",1,4,106026,5,0.067191844300278
"medium",1,4,106026,6,0.0571286636860407
"medium",1,4,106026,7,0.0569020021074816
"medium",1,4,106026,8,0.053072625698324
"medium",1,4,106026,9,0.0566371681415929
"medium",1,4,106026,10,0.0475297060662914
"medium",1,4,106026,11,0.0551543007222587
"medium",1,4,106026,12,0.0416956219596942
"medium",1,4,106026,13,0.0449601160261059
"medium",1,4,106026,14,0.0341685649202733
"medium",1,4,106026,15,0.0361635220125786
"medium",1,4,106026,16,0.031810766721044
"medium",1,4,106026,17,0.0370682392586352
"medium",1,4,106026,18,0.0279965004374453
"medium",1,4,106026,19,0.0423042304230423
"medium",1,4,106026,20,0.0441729323308271
"medium",1,4,106026,21,0.0314650934119961
"medium",1,4,106026,22,0.0406091370558376
"medium",1,4,106026,23,0.0275132275132275
"medium",1,4,106026,24,0.0239390642002176
"medium",1,4,106026,25,0.0301003344481605
"medium",1,5,107026,1,0.08
"medium",1,5,107026,2,0.0815217391304348
"medium",1,5,107026,3,0.0785009861932939
"medium",1,5,107026,4,0.0714897260273973
"medium",1,5,107026,5,0.0723835869064085
"medium",1,5,107026,6,0.0531809145129225
"medium",1,5,107026,7,0.0614173228346457
"medium",1,5,107026,8,0.0486577181208054
"medium",1,5,107026,9,0.0458553791887125
"medium",1,5,107026,10,0.048675292667899
"medium",1,5,107026,11,0.0544041450777202
"medium",1,5,107026,12,0.0452054794520548
"medium",1,5,107026,13,0.0329985652797704
"medium",1,5,107026,14,0.0356083086053412
"medium",1,5,107026,15,0.0307692307692308
"medium",1,5,107026,16,0.0357142857142857
"medium",1,5,107026,17,0.0362139917695473
"medium",1,5,107026,18,0.0273270708795901
"medium",1,5,107026,19,0.0280948200175593
"medium",1,5,107026,20,0.02710027100271
"medium",1,5,107026,21,0.031569173630455
"medium",1,5,107026,22,0.0335570469798658
"medium",1,5,107026,23,0.0287698412698413
"medium",1,5,107026,24,0.024514811031665
"medium",1,5,107026,25,0.0209424083769634
"medium",1,6,108026,1,0.073
"medium",1,6,108026,2,0.0845019777058612
"medium",1,6,108026,3,0.0742340926944226
"medium",1,6,108026,4,0.0797624098430208
"medium",1,6,108026,5,0.0627017058552328
"medium",1,6,108026,6,0.059026069847516
"medium",1,6,108026,7,0.0590695243073706
"medium",1,6,108026,8,0.0483333333333333
"medium",1,6,108026,9,0.0566258026853473
"medium",1,6,108026,10,0.0501237623762376
"medium",1,6,108026,11,0.0560260586319218
"medium",1,6,108026,12,0.0476190476190476
"medium",1,6,108026,13,0.0478260869565217
"medium",1,6,108026,14,0.0464231354642314
"medium",1,6,108026,15,0.0399042298483639
"medium",1,6,108026,16,0.0332502078137988
"medium",1,6,108026,17,0.0404127257093723
"medium",1,6,108026,18,0.0412186379928315
"medium",1,6,108026,19,0.0261682242990654
"medium",1,6,108026,20,0.0316698656429942
"medium",1,6,108026,21,0.0376610505450942
"medium",1,6,108026,22,0.0381050463439753
"medium",1,6,108026,23,0.0267665952890792
"medium",1,6,108026,24,0.0242024202420242
"medium",1,6,108026,25,0.0259301014656144
"medium",1,7,109026,1,0.074
"medium",1,7,109026,2,0.0752339812814975
"medium",1,7,109026,3,0.0782405605293889
"medium",1,7,109026,4,0.0760135135135135
"medium",1,7,109026,5,0.0676416819012797
"medium",1,7,109026,6,0.0656862745098039
"medium",1,7,109026,7,0.0545645330535152
"medium",1,7,109026,8,0.0471698113207547
"medium",1,7,109026,9,0.0564938846825859
"medium",1,7,109026,10,0.0401234567901235
"medium",1,7,109026,11,0.0456591639871383
"medium",1,7,109026,12,0.043800539083558
"medium",1,7,109026,13,0.0387596899224806
"medium",1,7,109026,14,0.0410557184750733
"medium",1,7,109026,15,0.0504587155963303
"medium",1,7,109026,16,0.037037037037037
"medium",1,7,109026,17,0.0292642140468227
"medium",1,7,109026,18,0.037037037037037
"medium",1,7,109026,19,0.0286225402504472
"medium",1,7,109026,20,0.0303867403314917
"medium",1,7,109026,21,0.0389363722697056
"medium",1,7,109026,22,0.0276679841897233
"medium",1,7,109026,23,0.0284552845528455
"medium",1,7,109026,24,0.0313807531380753
"medium",1,7,109026,25,0.0129589632829374
"medium",1,8,110026,1,0.0806666666666667
"medium",1,8,110026,2,0.0844815083393764
"medium",1,8,110026,3,0.0776237623762376
"medium",1,8,110026,4,0.0837269214255045
"medium",1,8,110026,5,0.0646672914714152
"medium",1,8,110026,6,0.0691382765531062
"medium",1,8,110026,7,0.0522066738428418
"medium",1,8,110026,8,0.0573537762634867
"medium",1,8,110026,9,0.0475903614457831
"medium",1,8,110026,10,0.0550284629981025
"medium",1,8,110026,11,0.036144578313253
"medium",1,8,110026,12,0.0430555555555556
"medium",1,8,110026,13,0.0319303338171263
"medium",1,8,110026,14,0.0427286356821589
"medium",1,8,110026,15,0.0328895849647612
"medium",1,8,110026,16,0.0380566801619433
"medium",1,8,110026,17,0.0412457912457912
"medium",1,8,110026,18,0.0412642669007902
"medium",1,8,110026,19,0.0302197802197802
"medium",1,8,110026,20,0.0396600566572238
"medium",1,8,110026,21,0.0285152409046214
"medium",1,8,110026,22,0.0232793522267206
"medium",1,8,110026,23,0.0300518134715026
"medium",1,8,110026,24,0.0267094017094017
"medium",1,8,110026,25,0.0340285400658617
"medium",1,9,111026,1,0.0786666666666667
"medium",1,9,111026,2,0.0879160636758321
"medium",1,9,111026,3,0.0714002380007933
"medium",1,9,111026,4,0.0790260572404955
"medium",1,9,111026,5,0.0760667903525046
"medium",1,9,111026,6,0.0632530120481928
"medium",1,9,111026,7,0.0637727759914255
"medium",1,9,111026,8,0.0566685746994848
"medium",1,9,111026,9,0.0509708737864078
"medium",1,9,111026,10,0.051150895140665
"medium",1,9,111026,11,0.0471698113207547
"medium",1,9,111026,12,0.0523338048090523
"medium",1,9,111026,13,0.0447761194029851
"medium",1,9,111026,14,0.03984375
"medium",1,9,111026,15,0.03173311635476
"medium",1,9,111026,16,0.046218487394958
"medium",1,9,111026,17,0.0405286343612335
"medium",1,9,111026,18,0.0376492194674013
"medium",1,9,111026,19,0.0343511450381679
"medium",1,9,111026,20,0.0256916996047431
"medium",1,9,111026,21,0.0324543610547667
"medium",1,9,111026,22,0.0314465408805031
"medium",1,9,111026,23,0.0281385281385281
"medium",1,9,111026,24,0.0400890868596882
"medium",1,9,111026,25,0.0243619489559165
"medium",1,10,112026,1,0.0816666666666667
"medium",1,10,112026,2,0.0831215970961887
"medium",1,10,112026,3,0.0863024544734759
"medium",1,10,112026,4,0.0714904679376083
"medium",1,10,112026,5,0.0639290713952403
"medium",1,10,112026,6,0.061814556331007
"medium",1,10,112026,7,0.0600425079702444
"medium",1,10,112026,8,0.0576596947427925
"medium",1,10,112026,9,0.0557888422315537
"medium",1,10,112026,10,0.0400254129606099
"medium",1,10,112026,11,0.0489741892786234
"medium",1,10,112026,12,0.0417536534446764
"medium",1,10,112026,13,0.04720406681191
"medium",1,10,112026,14,0.0457317073170732
"medium",1,10,112026,15,0.0335463258785942
"medium",1,10,112026,16,0.0388429752066116
"medium",1,10,112026,17,0.0292347377472055
"medium",1,10,112026,18,0.0389725420726306
"medium",1,10,112026,19,0.0350230414746544
"medium",1,10,112026,20,0.0324737344794651
"medium",1,10,112026,21,0.0256663376110563
"medium",1,10,112026,22,0.0233029381965552
"medium",1,10,112026,23,0.0238589211618257
"medium",1,10,112026,24,0.0276301806588735
"medium",1,10,112026,25,0.0295081967213115
"medium",1,11,113026,1,0.077
"medium",1,11,113026,2,0.0881184543156374
"medium",1,11,113026,3,0.0796039603960396
"medium",1,11,113026,4,0.0748709122203098
"medium",1,11,113026,5,0.0697674418604651
"medium",1,11,113026,6,0.068
"medium",1,11,113026,7,0.0531115879828326
"medium",1,11,113026,8,0.056657223796034
"medium",1,11,113026,9,0.0576576576576577
"medium",1,11,113026,10,0.047163798597833
"medium",1,11,113026,11,0.051505016722408
"medium",1,11,113026,12,0.040197461212976
"medium",1,11,113026,13,0.0404114621601763
"medium",1,11,113026,14,0.0336906584992343
"medium",1,11,113026,15,0.0356576862123613
"medium",1,11,113026,16,0.0402629416598192
"medium",1,11,113026,17,0.038527397260274
"medium",1,11,113026,18,0.0356188780053428
"medium",1,11,113026,19,0.025854108956602
"medium",1,11,113026,20,0.0312796208530806
"medium",1,11,113026,21,0.0342465753424658
"medium",1,11,113026,22,0.0364741641337386
"medium",1,11,113026,23,0.0325972660357518
"medium",1,11,113026,24,0.0315217391304348
"medium",1,11,113026,25,0.0258136924803591
"medium",1,12,114026,1,0.0796666666666667
"medium",1,12,114026,2,0.0825787758058674
"medium",1,12,114026,3,0.0746150809317015
"medium",1,12,114026,4,0.0648464163822526
"medium",1,12,114026,5,0.0606751824817518
"medium",1,12,114026,6,0.0553666828557552
"medium",1,12,114026,7,0.0580976863753213
"medium",1,12,114026,8,0.064410480349345
"medium",1,12,114026,9,0.0560093348891482
"medium",1,12,114026,10,0.0457354758961681
"medium",1,12,114026,11,0.0414507772020725
"medium",1,12,114026,12,0.0405405405405405
"medium",1,12,114026,13,0.0514084507042254
"medium",1,12,114026,14,0.0356347438752784
"medium",1,12,114026,15,0.0338722093918399
"medium",1,12,114026,16,0.0318725099601594
"medium",1,12,114026,17,0.0288065843621399
"medium",1,12,114026,18,0.0296610169491525
"medium",1,12,114026,19,0.0410480349344978
"medium",1,12,114026,20,0.0318761384335155
"medium",1,12,114026,21,0.0319849482596425
"medium",1,12,114026,22,0.033041788143829
"medium",1,12,114026,23,0.021105527638191
"medium",1,12,114026,24,0.0318275154004107
"medium",1,12,114026,25,0.0381760339342524
"medium",1,13,115026,1,0.0786666666666667
"medium",1,13,115026,2,0.0842981186685962
"medium",1,13,115026,3,0.0798103516396681
"medium",1,13,115026,4,0.0725633319021039
"medium",1,13,115026,5,0.0657407407407407
"medium",1,13,115026,6,0.0550049554013875
"medium",1,13,115026,7,0.059255374934452
"medium",1,13,115026,8,0.0551839464882943
"medium",1,13,115026,9,0.0530973451327434
"medium",1,13,115026,10,0.0517133956386293
"medium",1,13,115026,11,0.0374507227332457
"medium",1,13,115026,12,0.0430034129692833
"medium",1,13,115026,13,0.0399429386590585
"medium",1,13,115026,14,0.0401188707280832
"medium",1,13,115026,15,0.0363777089783282
"medium",1,13,115026,16,0.0377510040160643
"medium",1,13,115026,17,0.0258764607679466
"medium",1,13,115026,18,0.0359897172236504
"medium",1,13,115026,19,0.0391111111111111
"medium",1,13,115026,20,0.0259019426456984
"medium",1,13,115026,21,0.0265906932573599
"medium",1,13,115026,22,0.0370731707317073
"medium",1,13,115026,23,0.0445795339412361
"medium",1,13,115026,24,0.0212089077412513
"medium",1,13,115026,25,0.0238353196099675
"medium",1,14,116026,1,0.082
"medium",1,14,116026,2,0.0773420479302832
"medium",1,14,116026,3,0.0672963400236127
"medium",1,14,116026,4,0.0725738396624473
"medium",1,14,116026,5,0.0618744313011829
"medium",1,14,116026,6,0.0601357904946654
"medium",1,14,116026,7,0.0448916408668731
"medium",1,14,116026,8,0.0480821177741761
"medium",1,14,116026,9,0.0527809307604994
"medium",1,14,116026,10,0.0491312162971839
"medium",1,14,116026,11,0.0447385003150599
"medium",1,14,116026,12,0.0481530343007916
"medium",1,14,116026,13,0.0388080388080388
"medium",1,14,116026,14,0.0396539293439077
"medium",1,14,116026,15,0.0277777777777778
"medium",1,14,116026,16,0.0455598455598456
"medium",1,14,116026,17,0.0226537216828479
"medium",1,14,116026,18,0.0372516556291391
"medium",1,14,116026,19,0.0343938091143594
"medium",1,14,116026,20,0.0365093499554764
"medium",1,14,116026,21,0.0231053604436229
"medium",1,14,116026,22,0.0406811731315043
"medium",1,14,116026,23,0.0404339250493097
"medium",1,14,116026,24,0.0184994861253854
"medium",1,14,116026,25,0.0303664921465969
"medium",1,15,117026,1,0.0673333333333333
"medium",1,15,117026,2,0.0782701929949964
"medium",1,15,117026,3,0.0736719658782474
"medium",1,15,117026,4,0.0699037254081206
"medium",1,15,117026,5,0.0648064806480648
"medium",1,15,117026,6,0.0678537054860443
"medium",1,15,117026,7,0.0635002581311306
"medium",1,15,117026,8,0.0551267916207277
"medium",1,15,117026,9,0.043757292882147
"medium",1,15,117026,10,0.0518608907870653
"medium",1,15,117026,11,0.0347490347490347
"medium",1,15,117026,12,0.046
"medium",1,15,117026,13,0.0461215932914046
"medium",1,15,117026,14,0.0344322344322344
"medium",1,15,117026,15,0.0477996965098634
"medium",1,15,117026,16,0.0366533864541833
"medium",1,15,117026,17,0.0372208436724566
"medium",1,15,117026,18,0.0292096219931271
"medium",1,15,117026,19,0.0345132743362832
"medium",1,15,117026,20,0.0320806599450046
"medium",1,15,117026,21,0.0378787878787879
"medium",1,15,117026,22,0.0334645669291339
"medium",1,15,117026,23,0.0254582484725051
"medium",1,15,117026,24,0.0313479623824451
"medium",1,15,117026,25,0.0312837108953614
"medium",1,16,118026,1,0.0723333333333333
"medium",1,16,118026,2,0.08300395256917
"medium",1,16,118026,3,0.0744514106583072
"medium",1,16,118026,4,0.0736663844199831
"medium",1,16,118026,5,0.0717550274223035
"medium",1,16,118026,6,0.0610536681437715
"medium",1,16,118026,7,0.0524383848977451
"medium",1,16,118026,8,0.0520199225235196
"medium",1,16,118026,9,0.0577933450087566
"medium",1,16,118026,10,0.0427509293680297
"medium",1,16,118026,11,0.0446601941747573
"medium",1,16,118026,12,0.0413279132791328
"medium",1,16,118026,13,0.03886925795053
"medium",1,16,118026,14,0.0389705882352941
"medium",1,16,118026,15,0.0474368783473604
"medium",1,16,118026,16,0.0393574297188755
"medium",1,16,118026,17,0.0309364548494983
"medium",1,16,118026,18,0.0241587575496117
"medium",1,16,118026,19,0.0318302387267905
"medium",1,16,118026,20,0.0264840182648402
"medium",1,16,118026,21,0.0337711069418387
"medium",1,16,118026,22,0.0300970873786408
"medium",1,16,118026,23,0.034034034034034
"medium",1,16,118026,24,0.0217616580310881
"medium",1,16,118026,25,0.0264830508474576
"medium",1,17,119026,1,0.0716666666666667
"medium",1,17,119026,2,0.0865350089766607
"medium",1,17,119026,3,0.0770440251572327
"medium",1,17,119026,4,0.0689948892674617
"medium",1,17,119026,5,0.0750228728270814
"medium",1,17,119026,6,0.0672601384767557
"medium",1,17,119026,7,0.0604453870625663
"medium",1,17,119026,8,0.0553047404063205
"medium",1,17,119026,9,0.0525686977299881
"medium",1,17,119026,10,0.0510718789407314
"medium",1,17,119026,11,0.053156146179402
"medium",1,17,119026,12,0.0442105263157895
"medium",1,17,119026,13,0.0308370044052863
"medium",1,17,119026,14,0.0340909090909091
"medium",1,17,119026,15,0.0384313725490196
"medium",1,17,119026,16,0.0424143556280587
"medium",1,17,119026,17,0.0315161839863714
"medium",1,17,119026,18,0.0378188214599824
"medium",1,17,119026,19,0.0255941499085923
"medium",1,17,119026,20,0.0300187617260788
"medium",1,17,119026,21,0.0299806576402321
"medium",1,17,119026,22,0.0338983050847458
"medium",1,17,119026,23,0.0309597523219814
"medium",1,17,119026,24,0.020234291799787
"medium",1,17,119026,25,0.033695652173913
"medium",1,18,120026,1,0.0756666666666667
"medium",1,18,120026,2,0.0811395600432744
"medium",1,18,120026,3,0.0883045525902669
"medium",1,18,120026,4,0.0675850193715024
"medium",1,18,120026,5,0.0683287165281625
"medium",1,18,120026,6,0.0530227948463826
"medium",1,18,120026,7,0.0612244897959184
"medium",1,18,120026,8,0.0479375696767001
"medium",1,18,120026,9,0.063231850117096
"medium",1,18,120026,10,0.04375
"medium",1,18,120026,11,0.0509803921568627
"medium",1,18,120026,12,0.0392561983471074
"medium",1,18,120026,13,0.0401433691756272
"medium",1,18,120026,14,0.0395817774458551
"medium",1,18,120026,15,0.0388802488335925
"medium",1,18,120026,16,0.0275080906148867
"medium",1,18,120026,17,0.0357737104825291
"medium",1,18,120026,18,0.0431406384814495
"medium",1,18,120026,19,0.0333633904418395
"medium",1,18,120026,20,0.0233208955223881
"medium",1,18,120026,21,0.0286532951289398
"medium",1,18,120026,22,0.0383480825958702
"medium",1,18,120026,23,0.0214723926380368
"medium",1,18,120026,24,0.0303030303030303
"medium",1,18,120026,25,0.0258620689655172
"medium",1,19,121026,1,0.0663333333333333
"medium",1,19,121026,2,0.0842556229917887
"medium",1,19,121026,3,0.0732943469785575
"medium",1,19,121026,4,0.0761464030290282
"medium",1,19,121026,5,0.0646630236794171
"medium",1,19,121026,6,0.0764362220058423
"medium",1,19,121026,7,0.0558777016341592
"medium",1,19,121026,8,0.0485762144053601
"medium",1,19,121026,9,0.0657276995305164
"medium",1,19,121026,10,0.0489949748743719
"medium",1,19,121026,11,0.0449141347424042
"medium",1,19,121026,12,0.0470262793914246
"medium",1,19,121026,13,0.0435413642960813
"medium",1,19,121026,14,0.0311077389984825
"medium",1,19,121026,15,0.0438527799530149
"medium",1,19,121026,16,0.0368550368550369
"medium",1,19,121026,17,0.0365646258503401
"medium",1,19,121026,18,0.0335392762577229
"medium",1,19,121026,19,0.0301369863013699
"medium",1,19,121026,20,0.0367231638418079
"medium",1,19,121026,21,0.0254154447702835
"medium",1,19,121026,22,0.0290872617853561
"medium",1,19,121026,23,0.0351239669421488
"medium",1,19,121026,24,0.0267665952890792
"medium",1,19,121026,25,0.0253025302530253
"medium",1,20,122026,1,0.0783333333333333
"medium",1,20,122026,2,0.0853526220614828
"medium",1,20,122026,3,0.085013839462238
"medium",1,20,122026,4,0.0751944684528954
"medium",1,20,122026,5,0.0649532710280374
"medium",1,20,122026,6,0.0659670164917541
"medium",1,20,122026,7,0.0583199571963617
"medium",1,20,122026,8,0.0607954545454545
"medium",1,20,122026,9,0.044767090139141
"medium",1,20,122026,10,0.0506649778340722
"medium",1,20,122026,11,0.0600400266844563
"medium",1,20,122026,12,0.0432931156848829
"medium",1,20,122026,13,0.043026706231454
"medium",1,20,122026,14,0.0372093023255814
"medium",1,20,122026,15,0.0426731078904992
"medium",1,20,122026,16,0.0420521446593776
"medium",1,20,122026,17,0.0324846356453029
"medium",1,20,122026,18,0.0245009074410163
"medium",1,20,122026,19,0.0232558139534884
"medium",1,20,122026,20,0.0266666666666667
"medium",1,20,122026,21,0.0244618395303327
"medium",1,20,122026,22,0.0270812437311936
"medium",1,20,122026,23,0.0319587628865979
"medium",1,20,122026,24,0.033013844515442
"medium",1,20,122026,25,0.0341409691629956
"strong",1.5,1,203026,1,0.112666666666667
"strong",1.5,1,203026,2,0.108189331329827
"strong",1.5,1,203026,3,0.0943555181128896
"strong",1.5,1,203026,4,0.08
"strong",1.5,1,203026,5,0.070273003033367
"strong",1.5,1,203026,6,0.0576400217509516
"strong",1.5,1,203026,7,0.0548182342758223
"strong",1.5,1,203026,8,0.0506715506715507
"strong",1.5,1,203026,9,0.0463022508038585
"strong",1.5,1,203026,10,0.0424814565070802
"strong",1.5,1,203026,11,0.0380281690140845
"strong",1.5,1,203026,12,0.0263543191800878
"strong",1.5,1,203026,13,0.0293233082706767
"strong",1.5,1,203026,14,0.0317583268783888
"strong",1.5,1,203026,15,0.032
"strong",1.5,1,203026,16,0.028099173553719
"strong",1.5,1,203026,17,0.0306122448979592
"strong",1.5,1,203026,18,0.0228070175438597
"strong",1.5,1,203026,19,0.0278276481149013
"strong",1.5,1,203026,20,0.0304709141274238
"strong",1.5,1,203026,21,0.0219047619047619
"strong",1.5,1,203026,22,0.0243427458617332
"strong",1.5,1,203026,23,0.0249500998003992
"strong",1.5,1,203026,24,0.0174002047082907
"strong",1.5,1,203026,25,0.0333333333333333
"strong",1.5,2,204026,1,0.114
"strong",1.5,2,204026,2,0.110233258088789
"strong",1.5,2,204026,3,0.0947145877378436
"strong",1.5,2,204026,4,0.0747314339093881
"strong",1.5,2,204026,5,0.0711761736496719
"strong",1.5,2,204026,6,0.0543478260869565
"strong",1.5,2,204026,7,0.0540229885057471
"strong",1.5,2,204026,8,0.0473876063183475
"strong",1.5,2,204026,9,0.0491071428571429
"strong",1.5,2,204026,10,0.0429242119382964
"strong",1.5,2,204026,11,0.0441485634197617
"strong",1.5,2,204026,12,0.0388563049853372
"strong",1.5,2,204026,13,0.0282227307398932
"strong",1.5,2,204026,14,0.0313971742543171
"strong",1.5,2,204026,15,0.0348460291734198
"strong",1.5,2,204026,16,0.0344248530646516
"strong",1.5,2,204026,17,0.0330434782608696
"strong",1.5,2,204026,18,0.0305755395683453
"strong",1.5,2,204026,19,0.0306122448979592
"strong",1.5,2,204026,20,0.0181818181818182
"strong",1.5,2,204026,21,0.0214424951267057
"strong",1.5,2,204026,22,0.0278884462151394
"strong",1.5,2,204026,23,0.0245901639344262
"strong",1.5,2,204026,24,0.0178571428571429
"strong",1.5,2,204026,25,0.027807486631016
"strong",1.5,3,205026,1,0.119333333333333
"strong",1.5,3,205026,2,0.106737320211961
"strong",1.5,3,205026,3,0.0906779661016949
"strong",1.5,3,205026,4,0.0796831314072693
"strong",1.5,3,205026,5,0.0622784810126582
"strong",1.5,3,205026,6,0.0620950323974082
"strong",1.5,3,205026,7,0.0535405872193437
"strong",1.5,3,205026,8,0.0474452554744526
"strong",1.5,3,205026,9,0.0434227330779055
"strong",1.5,3,205026,10,0.0500667556742323
"strong",1.5,3,205026,11,0.0498945888966971
"strong",1.5,3,205026,12,0.0355029585798817
"strong",1.5,3,205026,13,0.0475460122699387
"strong",1.5,3,205026,14,0.0305958132045089
"strong",1.5,3,205026,15,0.0332225913621262
"strong",1.5,3,205026,16,0.0223367697594502
"strong",1.5,3,205026,17,0.0351493848857645
"strong",1.5,3,205026,18,0.0282331511839709
"strong",1.5,3,205026,19,0.0318650421743205
"strong",1.5,3,205026,20,0.0290416263310745
"strong",1.5,3,205026,21,0.0279162512462612
"strong",1.5,3,205026,22,0.0184615384615385
"strong",1.5,3,205026,23,0.0250783699059561
"strong",1.5,3,205026,24,0.0246516613076099
"strong",1.5,3,205026,25,0.021978021978022
"strong",1.5,4,206026,1,0.114666666666667
"strong",1.5,4,206026,2,0.0997740963855422
"strong",1.5,4,206026,3,0.0924299456294437
"strong",1.5,4,206026,4,0.076036866359447
"strong",1.5,4,206026,5,0.0653366583541147
"strong",1.5,4,206026,6,0.0592315901814301
"strong",1.5,4,206026,7,0.0533182076006807
"strong",1.5,4,206026,8,0.0587177950868784
"strong",1.5,4,206026,9,0.0445576066199873
"strong",1.5,4,206026,10,0.0453031312458361
"strong",1.5,4,206026,11,0.0362875087229588
"strong",1.5,4,206026,12,0.0311368573497466
"strong",1.5,4,206026,13,0.0373692077727952
"strong",1.5,4,206026,14,0.046583850931677
"strong",1.5,4,206026,15,0.0399022801302932
"strong",1.5,4,206026,16,0.0271416454622561
"strong",1.5,4,206026,17,0.030514385353095
"strong",1.5,4,206026,18,0.0278776978417266
"strong",1.5,4,206026,19,0.030527289546716
"strong",1.5,4,206026,20,0.0362595419847328
"strong",1.5,4,206026,21,0.0287128712871287
"strong",1.5,4,206026,22,0.018348623853211
"strong",1.5,4,206026,23,0.0301142263759086
"strong",1.5,4,206026,24,0.019271948608137
"strong",1.5,4,206026,25,0.0163755458515284
"strong",1.5,5,207026,1,0.124
"strong",1.5,5,207026,2,0.109969558599696
"strong",1.5,5,207026,3,0.101752885848653
"strong",1.5,5,207026,4,0.0728224654926226
"strong",1.5,5,207026,5,0.0703285420944559
"strong",1.5,5,207026,6,0.0635008282716731
"strong",1.5,5,207026,7,0.0742924528301887
"strong",1.5,5,207026,8,0.043312101910828
"strong",1.5,5,207026,9,0.0512649800266312
"strong",1.5,5,207026,10,0.0407017543859649
"strong",1.5,5,207026,11,0.0395025603511339
"strong",1.5,5,207026,12,0.0434120335110434
"strong",1.5,5,207026,13,0.0374203821656051
"strong",1.5,5,207026,14,0.0289495450785773
"strong",1.5,5,207026,15,0.0374787052810903
"strong",1.5,5,207026,16,0.0265486725663717
"strong",1.5,5,207026,17,0.0281818181818182
"strong",1.5,5,207026,18,0.0215154349859682
"strong",1.5,5,207026,19,0.0372848948374761
"strong",1.5,5,207026,20,0.0278053624627607
"strong",1.5,5,207026,21,0.024514811031665
"strong",1.5,5,207026,22,0.0282722513089005
"strong",1.5,5,207026,23,0.021551724137931
"strong",1.5,5,207026,24,0.0198237885462555
"strong",1.5,5,207026,25,0.0157303370786517
"strong",1.5,6,208026,1,0.113333333333333
"strong",1.5,6,208026,2,0.107518796992481
"strong",1.5,6,208026,3,0.0964616680707666
"strong",1.5,6,208026,4,0.082051282051282
"strong",1.5,6,208026,5,0.0644997460639919
"strong",1.5,6,208026,6,0.0635179153094463
"strong",1.5,6,208026,7,0.0597101449275362
"strong",1.5,6,208026,8,0.0413070283600493
"strong",1.5,6,208026,9,0.0405144694533762
"strong",1.5,6,208026,10,0.0482573726541555
"strong",1.5,6,208026,11,0.0464788732394366
"strong",1.5,6,208026,12,0.0354505169867061
"strong",1.5,6,208026,13,0.0375191424196018
"strong",1.5,6,208026,14,0.0381861575178998
"strong",1.5,6,208026,15,0.032258064516129
"strong",1.5,6,208026,16,0.0384615384615385
"strong",1.5,6,208026,17,0.0248888888888889
"strong",1.5,6,208026,18,0.0273473108477666
"strong",1.5,6,208026,19,0.028116213683224
"strong",1.5,6,208026,20,0.0221793635486982
"strong",1.5,6,208026,21,0.0285996055226824
"strong",1.5,6,208026,22,0.0233502538071066
"strong",1.5,6,208026,23,0.0280665280665281
"strong",1.5,6,208026,24,0.0149732620320856
"strong",1.5,6,208026,25,0.01085776330076
"strong",1.5,7,209026,1,0.115666666666667
"strong",1.5,7,209026,2,0.118733509234828
"strong",1.5,7,209026,3,0.100940975192472
"strong",1.5,7,209026,4,0.0870599429115128
"strong",1.5,7,209026,5,0.0729546638874414
"strong",1.5,7,209026,6,0.0652051714446318
"strong",1.5,7,209026,7,0.0631389055923031
"strong",1.5,7,209026,8,0.0641848523748395
"strong",1.5,7,209026,9,0.0384087791495199
"strong",1.5,7,209026,10,0.0463623395149786
"strong",1.5,7,209026,11,0.0426327599102468
"strong",1.5,7,209026,12,0.034375
"strong",1.5,7,209026,13,0.0307443365695793
"strong",1.5,7,209026,14,0.0325542570951586
"strong",1.5,7,209026,15,0.0327868852459016
"strong",1.5,7,209026,16,0.0410347903657449
"strong",1.5,7,209026,17,0.0269767441860465
"strong",1.5,7,209026,18,0.0239005736137667
"strong",1.5,7,209026,19,0.0215475024485798
"strong",1.5,7,209026,20,0.024024024024024
"strong",1.5,7,209026,21,0.0348717948717949
"strong",1.5,7,209026,22,0.024442082890542
"strong",1.5,7,209026,23,0.0239651416122004
"strong",1.5,7,209026,24,0.0212053571428571
"strong",1.5,7,209026,25,0.0228050171037628
"strong",1.5,8,210026,1,0.12
"strong",1.5,8,210026,2,0.1125
"strong",1.5,8,210026,3,0.0964575330772514
"strong",1.5,8,210026,4,0.0845536136041568
"strong",1.5,8,210026,5,0.0634674922600619
"strong",1.5,8,210026,6,0.0633608815426997
"strong",1.5,8,210026,7,0.06
"strong",1.5,8,210026,8,0.0481852315394243
"strong",1.5,8,210026,9,0.0506245890861275
"strong",1.5,8,210026,10,0.0533240997229917
"strong",1.5,8,210026,11,0.0504754937820044
"strong",1.5,8,210026,12,0.0315870570107858
"strong",1.5,8,210026,13,0.0294351630867144
"strong",1.5,8,210026,14,0.0204918032786885
"strong",1.5,8,210026,15,0.0209205020920502
"strong",1.5,8,210026,16,0.035042735042735
"strong",1.5,8,210026,17,0.0310008857395926
"strong",1.5,8,210026,18,0.0292504570383912
"strong",1.5,8,210026,19,0.0301318267419962
"strong",1.5,8,210026,20,0.016504854368932
"strong",1.5,8,210026,21,0.018756169792695
"strong",1.5,8,210026,22,0.0291750503018109
"strong",1.5,8,210026,23,0.0227979274611399
"strong",1.5,8,210026,24,0.024390243902439
"strong",1.5,8,210026,25,0.0184782608695652
"strong",1.5,9,211026,1,0.111333333333333
"strong",1.5,9,211026,2,0.105401350337584
"strong",1.5,9,211026,3,0.10062893081761
"strong",1.5,9,211026,4,0.0871794871794872
"strong",1.5,9,211026,5,0.0709908069458631
"strong",1.5,9,211026,6,0.062671797691039
"strong",1.5,9,211026,7,0.0627565982404692
"strong",1.5,9,211026,8,0.0544430538172716
"strong",1.5,9,211026,9,0.0549305095962938
"strong",1.5,9,211026,10,0.0476190476190476
"strong",1.5,9,211026,11,0.0455882352941176
"strong",1.5,9,211026,12,0.0346687211093991
"strong",1.5,9,211026,13,0.0319233838786911
"strong",1.5,9,211026,14,0.0370981038746908
"strong",1.5,9,211026,15,0.0299657534246575
"strong",1.5,9,211026,16,0.0406001765225066
"strong",1.5,9,211026,17,0.0340386384544618
"strong",1.5,9,211026,18,0.0323809523809524
"strong",1.5,9,211026,19,0.0265748031496063
"strong",1.5,9,211026,20,0.032355915065723
"strong",1.5,9,211026,21,0.0229885057471264
"strong",1.5,9,211026,22,0.0192513368983957
"strong",1.5,9,211026,23,0.0294438386041439
"strong",1.5,9,211026,24,0.0269662921348315
"strong",1.5,9,211026,25,0.0207852193995381
"strong",1.5,10,212026,1,0.111
"strong",1.5,10,212026,2,0.0911136107986502
"strong",1.5,10,212026,3,0.0973597359735974
"strong",1.5,10,212026,4,0.0891224862888483
"strong",1.5,10,212026,5,0.0667335674862017
"strong",1.5,10,212026,6,0.0666666666666667
"strong",1.5,10,212026,7,0.0524193548387097
"strong",1.5,10,212026,8,0.0577507598784195
"strong",1.5,10,212026,9,0.0458064516129032
"strong",1.5,10,212026,10,0.0513860716700473
"strong",1.5,10,212026,11,0.0477548111190306
"strong",1.5,10,212026,12,0.0359281437125748
"strong",1.5,10,212026,13,0.0372670807453416
"strong",1.5,10,212026,14,0.0419354838709677
"strong",1.5,10,212026,15,0.031986531986532
"strong",1.5,10,212026,16,0.0304347826086957
"strong",1.5,10,212026,17,0.0349775784753363
"strong",1.5,10,212026,18,0.0204460966542751
"strong",1.5,10,212026,19,0.0227703984819734
"strong",1.5,10,212026,20,0.0252427184466019
"strong",1.5,10,212026,21,0.0268924302788845
"strong",1.5,10,212026,22,0.0235414534288639
"strong",1.5,10,212026,23,0.0209643605870021
"strong",1.5,10,212026,24,0.019271948608137
"strong",1.5,10,212026,25,0.0196506550218341
"strong",1.5,11,213026,1,0.117
"strong",1.5,11,213026,2,0.0992827482068705
"strong",1.5,11,213026,3,0.0850796311818944
"strong",1.5,11,213026,4,0.0806229958772332
"strong",1.5,11,213026,5,0.0538116591928251
"strong",1.5,11,213026,6,0.0716166403370195
"strong",1.5,11,213026,7,0.0527509926262053
"strong",1.5,11,213026,8,0.055688622754491
"strong",1.5,11,213026,9,0.0500951173113507
"strong",1.5,11,213026,10,0.0360480640854473
"strong",1.5,11,213026,11,0.0443213296398892
"strong",1.5,11,213026,12,0.0398550724637681
"strong",1.5,11,213026,13,0.0392452830188679
"strong",1.5,11,213026,14,0.0369206598586017
"strong",1.5,11,213026,15,0.0424143556280587
"strong",1.5,11,213026,16,0.0281090289608177
"strong",1.5,11,213026,17,0.0368098159509202
"strong",1.5,11,213026,18,0.0227479526842584
"strong",1.5,11,213026,19,0.0325884543761639
"strong",1.5,11,213026,20,0.0230991337824832
"strong",1.5,11,213026,21,0.032512315270936
"strong",1.5,11,213026,22,0.0244399185336049
"strong",1.5,11,213026,23,0.022964509394572
"strong",1.5,11,213026,24,0.0245726495726496
"strong",1.5,11,213026,25,0.0131434830230011
"strong",1.5,12,214026,1,0.115666666666667
"strong",1.5,12,214026,2,0.104033169996231
"strong",1.5,12,214026,3,0.0963399242742953
"strong",1.5,12,214026,4,0.0772811918063315
"strong",1.5,12,214026,5,0.058526740665994
"strong",1.5,12,214026,6,0.0589496248660236
"strong",1.5,12,214026,7,0.0569476082004556
"strong",1.5,12,214026,8,0.052536231884058
"strong",1.5,12,214026,9,0.0560866794136393
"strong",1.5,12,214026,10,0.0398379473328832
"strong",1.5,12,214026,11,0.0393811533052039
"strong",1.5,12,214026,12,0.0292825768667643
"strong",1.5,12,214026,13,0.0324283559577677
"strong",1.5,12,214026,14,0.0350740452065472
"strong",1.5,12,214026,15,0.0218093699515347
"strong",1.5,12,214026,16,0.0346820809248555
"strong",1.5,12,214026,17,0.029940119760479
"strong",1.5,12,214026,18,0.027336860670194
"strong",1.5,12,214026,19,0.0335448776065277
"strong",1.5,12,214026,20,0.0393996247654784
"strong",1.5,12,214026,21,0.025390625
"strong",1.5,12,214026,22,0.0250501002004008
"strong",1.5,12,214026,23,0.0195272353545735
"strong",1.5,12,214026,24,0.019916142557652
"strong",1.5,12,214026,25,0.0213903743315508
"strong",1.5,13,215026,1,0.118333333333333
"strong",1.5,13,215026,2,0.088468809073724
"strong",1.5,13,215026,3,0.0895893819991705
"strong",1.5,13,215026,4,0.0856492027334852
"strong",1.5,13,215026,5,0.0807174887892377
"strong",1.5,13,215026,6,0.0682926829268293
"strong",1.5,13,215026,7,0.0488656195462478
"strong",1.5,13,215026,8,0.0391437308868502
"strong",1.5,13,215026,9,0.0477402928071292
"strong",1.5,13,215026,10,0.0427807486631016
"strong",1.5,13,215026,11,0.0349162011173184
"strong",1.5,13,215026,12,0.0340086830680174
"strong",1.5,13,215026,13,0.0411985018726592
"strong",1.5,13,215026,14,0.025
"strong",1.5,13,215026,15,0.0336538461538462
"strong",1.5,13,215026,16,0.0414593698175788
"strong",1.5,13,215026,17,0.03719723183391
"strong",1.5,13,215026,18,0.0242587601078167
"strong",1.5,13,215026,19,0.0276243093922652
"strong",1.5,13,215026,20,0.0208333333333333
"strong",1.5,13,215026,21,0.0164410058027079
"strong",1.5,13,215026,22,0.0216322517207473
"strong",1.5,13,215026,23,0.0241206030150754
"strong",1.5,13,215026,24,0.0205973223480947
"strong",1.5,13,215026,25,0.0241850683491062
"strong",1.5,14,216026,1,0.118
"strong",1.5,14,216026,2,0.0963718820861678
"strong",1.5,14,216026,3,0.0941028858218319
"strong",1.5,14,216026,4,0.0775623268698061
"strong",1.5,14,216026,5,0.0715715715715716
"strong",1.5,14,216026,6,0.0636118598382749
"strong",1.5,14,216026,7,0.0587219343696028
"strong",1.5,14,216026,8,0.0440366972477064
"strong",1.5,14,216026,9,0.0511836212412028
"strong",1.5,14,216026,10,0.0472016183412003
"strong",1.5,14,216026,11,0.0452937013446568
"strong",1.5,14,216026,12,0.0459599703484062
"strong",1.5,14,216026,13,0.0466200466200466
"strong",1.5,14,216026,14,0.0244498777506112
"strong",1.5,14,216026,15,0.0284043441938179
"strong",1.5,14,216026,16,0.0283748925193465
"strong",1.5,14,216026,17,0.031858407079646
"strong",1.5,14,216026,18,0.030164533820841
"strong",1.5,14,216026,19,0.0301602262016965
"strong",1.5,14,216026,20,0.0281827016520894
"strong",1.5,14,216026,21,0.027
"strong",1.5,14,216026,22,0.0184994861253854
"strong",1.5,14,216026,23,0.0240837696335079
"strong",1.5,14,216026,24,0.0343347639484979
"strong",1.5,14,216026,25,0.0166666666666667
"strong",1.5,15,217026,1,0.119
"strong",1.5,15,217026,2,0.106696935300795
"strong",1.5,15,217026,3,0.0864040660736976
"strong",1.5,15,217026,4,0.0834492350486787
"strong",1.5,15,217026,5,0.0718259989883662
"strong",1.5,15,217026,6,0.0544959128065395
"strong",1.5,15,217026,7,0.0657060518731988
"strong",1.5,15,217026,8,0.0561381863047502
"strong",1.5,15,217026,9,0.0431372549019608
"strong",1.5,15,217026,10,0.0519125683060109
"strong",1.5,15,217026,11,0.0396253602305476
"strong",1.5,15,217026,12,0.0352588147036759
"strong",1.5,15,217026,13,0.0217729393468118
"strong",1.5,15,217026,14,0.0286168521462639
"strong",1.5,15,217026,15,0.0327332242225859
"strong",1.5,15,217026,16,0.0372250423011844
"strong",1.5,15,217026,17,0.0333919156414763
"strong",1.5,15,217026,18,0.0290909090909091
"strong",1.5,15,217026,19,0.0205992509363296
"strong",1.5,15,217026,20,0.0248565965583174
"strong",1.5,15,217026,21,0.0313725490196078
"strong",1.5,15,217026,22,0.0303643724696356
"strong",1.5,15,217026,23,0.0177453027139875
"strong",1.5,15,217026,24,0.0233793836344315
"strong",1.5,15,217026,25,0.0184983677910773
"strong",1.5,16,218026,1,0.127333333333333
"strong",1.5,16,218026,2,0.106569900687548
"strong",1.5,16,218026,3,0.0983326207781103
"strong",1.5,16,218026,4,0.0806069227121859
"strong",1.5,16,218026,5,0.072717895822589
"strong",1.5,16,218026,6,0.0639599555061179
"strong",1.5,16,218026,7,0.0516934046345811
"strong",1.5,16,218026,8,0.0588972431077694
"strong",1.5,16,218026,9,0.0466045272969374
"strong",1.5,16,218026,10,0.0384078212290503
"strong",1.5,16,218026,11,0.0392156862745098
"strong",1.5,16,218026,12,0.0400604686318972
"strong",1.5,16,218026,13,0.021259842519685
"strong",1.5,16,218026,14,0.0321802091713596
"strong",1.5,16,218026,15,0.0266001662510391
"strong",1.5,16,218026,16,0.0367207514944492
"strong",1.5,16,218026,17,0.0274822695035461
"strong",1.5,16,218026,18,0.0218778486782133
"strong",1.5,16,218026,19,0.0354147250698975
"strong",1.5,16,218026,20,0.0280193236714976
"strong",1.5,16,218026,21,0.0149105367793241
"strong",1.5,16,218026,22,0.0201816347124117
"strong",1.5,16,218026,23,0.0247167868177137
"strong",1.5,16,218026,24,0.0232312565997888
"strong",1.5,16,218026,25,0.0259459459459459
"strong",1.5,17,219026,1,0.119666666666667
"strong",1.5,17,219026,2,0.111321469140477
"strong",1.5,17,219026,3,0.0941627609714529
"strong",1.5,17,219026,4,0.0804327375352775
"strong",1.5,17,219026,5,0.0746803069053708
"strong",1.5,17,219026,6,0.0630182421227197
"strong",1.5,17,219026,7,0.0578171091445428
"strong",1.5,17,219026,8,0.0482154038822793
"strong",1.5,17,219026,9,0.0407894736842105
"strong",1.5,17,219026,10,0.0390946502057613
"strong",1.5,17,219026,11,0.039971448965025
"strong",1.5,17,219026,12,0.0408921933085502
"strong",1.5,17,219026,13,0.0364341085271318
"strong",1.5,17,219026,14,0.0362027353177796
"strong",1.5,17,219026,15,0.0317195325542571
"strong",1.5,17,219026,16,0.0370689655172414
"strong",1.5,17,219026,17,0.0340196956132498
"strong",1.5,17,219026,18,0.0222428174235403
"strong",1.5,17,219026,19,0.0293838862559242
"strong",1.5,17,219026,20,0.0263671875
"strong",1.5,17,219026,21,0.033099297893681
"strong",1.5,17,219026,22,0.0155601659751037
"strong",1.5,17,219026,23,0.0284510010537408
"strong",1.5,17,219026,24,0.0216919739696312
"strong",1.5,17,219026,25,0.0210643015521064
"strong",1.5,18,220026,1,0.112666666666667
"strong",1.5,18,220026,2,0.10931630353118
"strong",1.5,18,220026,3,0.0851961197806833
"strong",1.5,18,220026,4,0.0723835869064085
"strong",1.5,18,220026,5,0.0725646123260437
"strong",1.5,18,220026,6,0.0648445873526259
"strong",1.5,18,220026,7,0.0510028653295129
"strong",1.5,18,220026,8,0.0621980676328502
"strong",1.5,18,220026,9,0.0431423052157115
"strong",1.5,18,220026,10,0.0430686406460296
"strong",1.5,18,220026,11,0.0414908579465541
"strong",1.5,18,220026,12,0.0381511371973588
"strong",1.5,18,220026,13,0.0472921434019832
"strong",1.5,18,220026,14,0.0376301040832666
"strong",1.5,18,220026,15,0.0366056572379368
"strong",1.5,18,220026,16,0.0267702936096718
"strong",1.5,18,220026,17,0.0239574090505768
"strong",1.5,18,220026,18,0.0218181818181818
"strong",1.5,18,220026,19,0.0278810408921933
"strong",1.5,18,220026,20,0.0162523900573614
"strong",1.5,18,220026,21,0.021379980563654
"strong",1.5,18,220026,22,0.0297914597815293
"strong",1.5,18,220026,23,0.0276356192425793
"strong",1.5,18,220026,24,0.0210526315789474
"strong",1.5,18,220026,25,0.0301075268817204
"strong",1.5,19,221026,1,0.122666666666667
"strong",1.5,19,221026,2,0.106003039513678
"strong",1.5,19,221026,3,0.101997450063748
"strong",1.5,19,221026,4,0.0785612872692854
"strong",1.5,19,221026,5,0.0580380071905496
"strong",1.5,19,221026,6,0.069247546346783
"strong",1.5,19,221026,7,0.0620972466315173
"strong",1.5,19,221026,8,0.0524672079950031
"strong",1.5,19,221026,9,0.0580092287409361
"strong",1.5,19,221026,10,0.046186144156753
"strong",1.5,19,221026,11,0.0520909757887014
"strong",1.5,19,221026,12,0.0402476780185759
"strong",1.5,19,221026,13,0.0403225806451613
"strong",1.5,19,221026,14,0.0277310924369748
"strong",1.5,19,221026,15,0.0354364736387208
"strong",1.5,19,221026,16,0.0295698924731183
"strong",1.5,19,221026,17,0.0323176361957525
"strong",1.5,19,221026,18,0.0286259541984733
"strong",1.5,19,221026,19,0.0235756385068762
"strong",1.5,19,221026,20,0.0231388329979879
"strong",1.5,19,221026,21,0.0288362512873326
"strong",1.5,19,221026,22,0.0254506892895016
"strong",1.5,19,221026,23,0.0239390642002176
"strong",1.5,19,221026,24,0.0267558528428094
"strong",1.5,19,221026,25,0.0126002290950745
"strong",1.5,20,222026,1,0.116333333333333
"strong",1.5,20,222026,2,0.113919275745002
"strong",1.5,20,222026,3,0.108556832694764
"strong",1.5,20,222026,4,0.0778414517669532
"strong",1.5,20,222026,5,0.0745727602278612
"strong",1.5,20,222026,6,0.0688304420817012
"strong",1.5,20,222026,7,0.0546875
"strong",1.5,20,222026,8,0.0521296884933249
"strong",1.5,20,222026,9,0.0536552649228706
"strong",1.5,20,222026,10,0.0460666194188519
"strong",1.5,20,222026,11,0.0423476968796434
"strong",1.5,20,222026,12,0.0426687354538402
"strong",1.5,20,222026,13,0.0380875202593193
"strong",1.5,20,222026,14,0.0328559393428812
"strong",1.5,20,222026,15,0.0278745644599303
"strong",1.5,20,222026,16,0.0385304659498208
"strong",1.5,20,222026,17,0.0298229263746505
"strong",1.5,20,222026,18,0.0307396733909702
"strong",1.5,20,222026,19,0.0287413280475719
"strong",1.5,20,222026,20,0.0204081632653061
"strong",1.5,20,222026,21,0.021875
"strong",1.5,20,222026,22,0.0191693290734824
"strong",1.5,20,222026,23,0.0271444082519001
"strong",1.5,20,222026,24,0.0279017857142857
"strong",1.5,20,222026,25,0.026406429391504
