"method","estimand","tau","beta_trt","scenario","conf_mult","t_star","mean_est","truth","bias","emp_sd","rmse","coverage","n_reps"
"Federated CCW","RD",2,-1,"small",0.4,25,-0.152349795600157,-0.158884966736931,0.00653517113677467,0.0306492086147152,0.0311879577819418,0.95,100
"Federated CCW","RD",5,-1,"small",0.4,25,-0.116241078211825,-0.120971162827715,0.00473008461588982,0.0194277561017996,0.0199006791480336,0.93,100
"Federated CCW","RD",8,-1,"small",0.4,25,-0.0988319409911688,-0.101768486263082,0.00293654527191344,0.011509780484208,0.0118225883147772,0.99,100
"Federated CCW","RD",2,-0.7,"small",0.4,25,-0.0996946850383291,-0.105367498999536,0.00567281396120723,0.0305714703508527,0.0309426803890258,0.94,100
"Federated CCW","RD",5,-0.7,"small",0.4,25,-0.0818444015968396,-0.0821353199189906,0.00029091832215102,0.016022375767248,0.0159447167878514,0.98,100
"Federated CCW","RD",8,-0.7,"small",0.4,25,-0.0719865645828914,-0.0698427863991118,-0.00214377818377959,0.0123282667824748,0.012452392747682,0.97,100
"Federated CCW","RD",2,-0.5,"small",0.4,25,-0.0659442946268771,-0.0718312691569835,0.0058869745301063,0.0325082032924642,0.032876616577885,0.95,100
"Federated CCW","RD",5,-0.5,"small",0.4,25,-0.0527646480366227,-0.0569676227881472,0.00420297475152449,0.0196953842009695,0.0200423071026645,0.91,100
"Federated CCW","RD",8,-0.5,"small",0.4,25,-0.0508537862372899,-0.0489632870192666,-0.00189049921802337,0.0122611581012849,0.01234530782517,0.97,100
"Federated CCW","RD",2,-1,"medium",1,25,-0.15104990472796,-0.157561792455253,0.00651188772729294,0.0419607959847239,0.0422552481645508,0.94,100
"Federated CCW","RD",5,-1,"medium",1,25,-0.122929146050851,-0.123633070025923,0.000703923975071362,0.0251260868509754,0.0250100489204042,0.96,100
"Federated CCW","RD",8,-1,"medium",1,25,-0.104353912469056,-0.107296828776202,0.00294291630714615,0.0254765068049568,0.025519064077353,0.93,100
"Federated CCW","RD",2,-0.7,"medium",1,25,-0.0944045973062916,-0.103208945273067,0.00880434796677585,0.0443301693904174,0.0449780926910128,0.9,100
"Federated CCW","RD",5,-0.7,"medium",1,25,-0.0782382010686104,-0.0831784790995589,0.00494027803094846,0.0348442937488171,0.0350198501682744,0.89,100
"Federated CCW","RD",8,-0.7,"medium",1,25,-0.0755548616304396,-0.0730403093091784,-0.00251455232126121,0.0205617577824494,0.0206126416950724,0.99,100
"Federated CCW","RD",2,-0.5,"medium",1,25,-0.0770785476474594,-0.0704769067816117,-0.00660164086584778,0.0556627375465766,0.0557757887419704,0.93,100
"Federated CCW","RD",5,-0.5,"medium",1,25,-0.0675423822184411,-0.057593918015868,-0.00994846420257307,0.032857240929111,0.034172711900708,0.9,100
"Federated CCW","RD",8,-0.5,"medium",1,25,-0.0553925080214092,-0.0512113647691539,-0.00418114325225534,0.0233166710878672,0.0235735537840493,0.98,100
"Federated CCW","RD",2,-1,"strong",2,25,-0.118989321689909,-0.158281734212093,0.0392924125221834,0.0568683688940328,0.0688880610024303,0.86,100
"Federated CCW","RD",5,-1,"strong",2,25,-0.123361597229251,-0.129431014759885,0.00606941753063409,0.092874416774686,0.0926079831736275,0.82,100
"Federated CCW","RD",8,-1,"strong",2,25,-0.108974859781718,-0.111633512871676,0.00265865308995818,0.0587403258460457,0.0585063249396796,0.87,100
"Federated CCW","RD",2,-0.7,"strong",2,25,-0.0754065340644103,-0.102744180069684,0.0273376460052732,0.0883004241442855,0.0920127281637152,0.77,100
"Federated CCW","RD",5,-0.7,"strong",2,25,-0.0994028199254125,-0.0864289105015962,-0.0129739094238164,0.116028631318822,0.116173745651069,0.76,100
"Federated CCW","RD",8,-0.7,"strong",2,25,-0.0602003458567863,-0.073695298677964,0.0134949528211776,0.065121784653122,0.0661857395493117,0.83,100
"Federated CCW","RD",2,-0.5,"strong",2,25,-0.0243509163213061,-0.0679421293508451,0.043591213029539,0.0959957615439782,0.104991562639342,0.58,100
"Federated CCW","RD",5,-0.5,"strong",2,25,-0.0417673594418793,-0.0592813176469181,0.0175139582050388,0.0586687815250753,0.0609454214719079,0.76,100
"Federated CCW","RD",8,-0.5,"strong",2,25,-0.04250689121388,-0.0495488313631018,0.0070419401492218,0.0590109565341139,0.0591359364703527,0.8,100
"Pooled CCW","RD",2,-1,"small",0.4,25,-0.152093683652033,-0.158884966736931,0.00679128308489856,0.0303104991171181,0.030913760998959,0.95,100
"Pooled CCW","RD",5,-1,"small",0.4,25,-0.116037141746795,-0.120971162827715,0.00493402108091976,0.0190507760841482,0.0195869168768652,0.92,100
"Pooled CCW","RD",8,-1,"small",0.4,25,-0.0988363106209168,-0.101768486263082,0.0029321756421654,0.0114272796051503,0.0117419992326285,0.99,100
"Pooled CCW","RD",2,-0.7,"small",0.4,25,-0.0994770488036447,-0.105367498999536,0.00589045019589168,0.0303207184002355,0.0307384109571981,0.94,100
"Pooled CCW","RD",5,-0.7,"small",0.4,25,-0.0819290526761424,-0.0821353199189906,0.000206267242848214,0.0155123283463644,0.0154359500385832,0.98,100
"Pooled CCW","RD",8,-0.7,"small",0.4,25,-0.0719044610214902,-0.0698427863991118,-0.00206167462237843,0.0121946638957864,0.0123074461812532,0.97,100
"Pooled CCW","RD",2,-0.5,"small",0.4,25,-0.0655797080136268,-0.0718312691569835,0.00625156114335662,0.0319448766810668,0.0323937094423594,0.95,100
"Pooled CCW","RD",5,-0.5,"small",0.4,25,-0.0526507327494086,-0.0569676227881472,0.0043168900387386,0.019698662378347,0.0200696902344731,0.91,100
"Pooled CCW","RD",8,-0.5,"small",0.4,25,-0.050968304802747,-0.0489632870192666,-0.00200501778348045,0.0127085068439841,0.0128027802079716,0.97,100
"Pooled CCW","RD",2,-1,"medium",1,25,-0.15060827224373,-0.157561792455253,0.00695352021152323,0.0400816595833105,0.0404824095618692,0.95,100
"Pooled CCW","RD",5,-1,"medium",1,25,-0.122388493933311,-0.123633070025923,0.00124457609261175,0.0236879433227193,0.0236020431726166,0.96,100
"Pooled CCW","RD",8,-1,"medium",1,25,-0.104051449963956,-0.107296828776202,0.00324537881224623,0.0238400187137251,0.0239415018531217,0.95,100
"Pooled CCW","RD",2,-0.7,"medium",1,25,-0.0925292150401102,-0.103208945273067,0.0106797302329572,0.0441534269398905,0.0452115748153017,0.91,100
"Pooled CCW","RD",5,-0.7,"medium",1,25,-0.0783546757490702,-0.0831784790995589,0.00482380335048871,0.0346131328847563,0.0347758156939706,0.88,100
"Pooled CCW","RD",8,-0.7,"medium",1,25,-0.0760568036108822,-0.0730403093091784,-0.00301649430170385,0.0206561175469243,0.0207727628895013,0.99,100
"Pooled CCW","RD",2,-0.5,"medium",1,25,-0.077498903586432,-0.0704769067816117,-0.00702199680482028,0.0568040562305231,0.0569538605831504,0.92,100
"Pooled CCW","RD",5,-0.5,"medium",1,25,-0.0673986508599648,-0.057593918015868,-0.00980473284409683,0.0330132648273799,0.0342798728725939,0.92,100
"Pooled CCW","RD",8,-0.5,"medium",1,25,-0.0562735255374956,-0.0512113647691539,-0.00506216076834172,0.0233523139619851,0.0237803013721415,0.97,100
"Pooled CCW","RD",2,-1,"strong",2,25,-0.120854771231825,-0.158281734212093,0.0374269629802681,0.0590362265161996,0.0696505623723575,0.85,100
"Pooled CCW","RD",5,-1,"strong",2,25,-0.124177907965931,-0.129431014759885,0.00525310679395436,0.0934610170295282,0.0931407924496057,0.83,100
"Pooled CCW","RD",8,-1,"strong",2,25,-0.110876296754841,-0.111633512871676,0.000757216116835185,0.0596808838213166,0.0593865573257463,0.86,100
"Pooled CCW","RD",2,-0.7,"strong",2,25,-0.0738766494348515,-0.102744180069684,0.0288675306348321,0.0854336439331172,0.0897733410622927,0.79,100
"Pooled CCW","RD",5,-0.7,"strong",2,25,-0.0947886555951309,-0.0864289105015962,-0.00835974509353468,0.112130566579592,0.111881261433158,0.76,100
"Pooled CCW","RD",8,-0.7,"strong",2,25,-0.058149034799875,-0.073695298677964,0.015546263878089,0.0628949172193941,0.0644817743744794,0.82,100
"Pooled CCW","RD",2,-0.5,"strong",2,25,-0.0217578213918586,-0.0679421293508451,0.0461843079589865,0.0855082876776234,0.0968067192430056,0.64,100
"Pooled CCW","RD",5,-0.5,"strong",2,25,-0.0404177398857214,-0.0592813176469181,0.0188635777611968,0.0562480192364539,0.0590595956411569,0.76,100
"Pooled CCW","RD",8,-0.5,"strong",2,25,-0.0390516326359688,-0.0495488313631018,0.010497198727133,0.0565737734081881,0.0572606068810096,0.76,100
"CC-Gcomp","RD",2,-1,"small",0.4,25,-0.159656417882816,-0.158884966736931,-0.00077145114588418,0.0158083542347418,0.0157480208231211,NA,100
"CC-Gcomp","RD",5,-1,"small",0.4,25,-0.131821567647692,-0.120971162827715,-0.0108504048199772,0.00937042341280979,0.0143058754133875,NA,100
"CC-Gcomp","RD",8,-1,"small",0.4,25,-0.111333043754662,-0.101768486263082,-0.0095645574915793,0.00613965203047794,0.0113489706050604,NA,100
"CC-Gcomp","RD",2,-0.7,"small",0.4,25,-0.105892132031259,-0.105367498999536,-0.000524633031722548,0.0142689405260342,0.0142071065638335,NA,100
"CC-Gcomp","RD",5,-0.7,"small",0.4,25,-0.0921542416631086,-0.0821353199189906,-0.0100189217441181,0.00767176416662961,0.0125954832653956,NA,100
"CC-Gcomp","RD",8,-0.7,"small",0.4,25,-0.0777015787883198,-0.0698427863991118,-0.00785879238920795,0.00592596729766188,0.0098247918728847,NA,100
"CC-Gcomp","RD",2,-0.5,"small",0.4,25,-0.0729845820715691,-0.0718312691569835,-0.00115331291458565,0.013922044965362,0.0139001882482337,NA,100
"CC-Gcomp","RD",5,-0.5,"small",0.4,25,-0.0611252536864628,-0.0569676227881472,-0.00415763089831564,0.00714804238396839,0.00823829226905718,NA,100
"CC-Gcomp","RD",8,-0.5,"small",0.4,25,-0.0555665833394241,-0.0489632870192666,-0.00660329632015757,0.00521496800742555,0.00839806255615507,NA,100
"CC-Gcomp","RD",2,-1,"medium",1,25,-0.161898667988221,-0.157561792455253,-0.00433687553296803,0.0143211505389906,0.0148947268730005,NA,100
"CC-Gcomp","RD",5,-1,"medium",1,25,-0.135326776855089,-0.123633070025923,-0.0116937068291663,0.00818680531183913,0.0142511867157899,NA,100
"CC-Gcomp","RD",8,-1,"medium",1,25,-0.112796581165708,-0.107296828776202,-0.00549975238950572,0.00632562560495461,0.00835827017073453,NA,100
"CC-Gcomp","RD",2,-0.7,"medium",1,25,-0.108010002254163,-0.103208945273067,-0.00480105698109515,0.0127691821703382,0.0135820337689911,NA,100
"CC-Gcomp","RD",5,-0.7,"medium",1,25,-0.0900768164925481,-0.0831784790995589,-0.00689833739298924,0.00770216628559505,0.0103110227729145,NA,100
"CC-Gcomp","RD",8,-0.7,"medium",1,25,-0.0771022128750854,-0.0730403093091784,-0.00406190356590701,0.00581396624990995,0.00706846815783088,NA,100
"CC-Gcomp","RD",2,-0.5,"medium",1,25,-0.0740272273341314,-0.0704769067816117,-0.00355032055251973,0.010014007087884,0.0105774434814029,NA,100
"CC-Gcomp","RD",5,-0.5,"medium",1,25,-0.0641375752989994,-0.057593918015868,-0.00654365728313137,0.00680390215810204,0.00941539188617944,NA,100
"CC-Gcomp","RD",8,-0.5,"medium",1,25,-0.0543267486093855,-0.0512113647691539,-0.00311538384023163,0.00580147959017722,0.00655943673289611,NA,100
"CC-Gcomp","RD",2,-1,"strong",2,25,-0.163027538981705,-0.158281734212093,-0.00474580476961212,0.00906809960889895,0.0101946451200136,NA,100
"CC-Gcomp","RD",5,-1,"strong",2,25,-0.135216631065248,-0.129431014759885,-0.00578561630536287,0.00714268200495782,0.00916411933546206,NA,100
"CC-Gcomp","RD",8,-1,"strong",2,25,-0.114478130549364,-0.111633512871676,-0.00284461767768837,0.00591583682679296,0.00653750746384619,NA,100
"CC-Gcomp","RD",2,-0.7,"strong",2,25,-0.109819213885879,-0.102744180069684,-0.00707503381619575,0.00935497541015934,0.0116917283912924,NA,100
"CC-Gcomp","RD",5,-0.7,"strong",2,25,-0.0914248547530018,-0.0864289105015962,-0.00499594425140564,0.00742888396239537,0.0089216530262402,NA,100
"CC-Gcomp","RD",8,-0.7,"strong",2,25,-0.079479113082359,-0.073695298677964,-0.00578381440439504,0.00631591390615119,0.00854074761655573,NA,100
"CC-Gcomp","RD",2,-0.5,"strong",2,25,-0.0738042887319964,-0.0679421293508451,-0.00586215938115132,0.0106419151410856,0.0121030065232316,NA,100
"CC-Gcomp","RD",5,-0.5,"strong",2,25,-0.0601217601166889,-0.0592813176469181,-0.000840442469770725,0.00802646269723474,0.00803033037556949,NA,100
"CC-Gcomp","RD",8,-0.5,"strong",2,25,-0.0562912676117989,-0.0495488313631018,-0.00674243624869702,0.00594147587826237,0.00896708262611634,NA,100
"G-comp (no cloning)","RD",2,-1,"small",0.4,25,-0.159656417882816,-0.158884966736931,-0.00077145114588418,0.0158083542347418,0.0157480208231211,NA,100
"G-comp (no cloning)","RD",5,-1,"small",0.4,25,-0.131821567647692,-0.120971162827715,-0.0108504048199772,0.00937042341280979,0.0143058754133875,NA,100
"G-comp (no cloning)","RD",8,-1,"small",0.4,25,-0.111333043754662,-0.101768486263082,-0.0095645574915793,0.00613965203047794,0.0113489706050604,NA,100
"G-comp (no cloning)","RD",2,-0.7,"small",0.4,25,-0.105892132031259,-0.105367498999536,-0.000524633031722548,0.0142689405260342,0.0142071065638335,NA,100
"G-comp (no cloning)","RD",5,-0.7,"small",0.4,25,-0.0921542416631086,-0.0821353199189906,-0.0100189217441181,0.00767176416662961,0.0125954832653956,NA,100
"G-comp (no cloning)","RD",8,-0.7,"small",0.4,25,-0.0777015787883198,-0.0698427863991118,-0.00785879238920795,0.00592596729766188,0.0098247918728847,NA,100
"G-comp (no cloning)","RD",2,-0.5,"small",0.4,25,-0.0729845820715691,-0.0718312691569835,-0.00115331291458565,0.013922044965362,0.0139001882482337,NA,100
"G-comp (no cloning)","RD",5,-0.5,"small",0.4,25,-0.0611252536864628,-0.0569676227881472,-0.00415763089831564,0.00714804238396839,0.00823829226905718,NA,100
"G-comp (no cloning)","RD",8,-0.5,"small",0.4,25,-0.0555665833394241,-0.0489632870192666,-0.00660329632015757,0.00521496800742555,0.00839806255615507,NA,100
"G-comp (no cloning)","RD",2,-1,"medium",1,25,-0.161898667988221,-0.157561792455253,-0.00433687553296803,0.0143211505389906,0.0148947268730005,NA,100
"G-comp (no cloning)","RD",5,-1,"medium",1,25,-0.135326776855089,-0.123633070025923,-0.0116937068291663,0.00818680531183913,0.0142511867157899,NA,100
"G-comp (no cloning)","RD",8,-1,"medium",1,25,-0.112796581165708,-0.107296828776202,-0.00549975238950572,0.00632562560495461,0.00835827017073453,NA,100
"G-comp (no cloning)","RD",2,-0.7,"medium",1,25,-0.108010002254163,-0.103208945273067,-0.00480105698109515,0.0127691821703382,0.0135820337689911,NA,100
"G-comp (no cloning)","RD",5,-0.7,"medium",1,25,-0.0900768164925481,-0.0831784790995589,-0.00689833739298924,0.00770216628559505,0.0103110227729145,NA,100
"G-comp (no cloning)","RD",8,-0.7,"medium",1,25,-0.0771022128750854,-0.0730403093091784,-0.00406190356590701,0.00581396624990995,0.00706846815783088,NA,100
"G-comp (no cloning)","RD",2,-0.5,"medium",1,25,-0.0740272273341314,-0.0704769067816117,-0.00355032055251973,0.010014007087884,0.0105774434814029,NA,100
"G-comp (no cloning)","RD",5,-0.5,"medium",1,25,-0.0641375752989994,-0.057593918015868,-0.00654365728313137,0.00680390215810204,0.00941539188617944,NA,100
"G-comp (no cloning)","RD",8,-0.5,"medium",1,25,-0.0543267486093855,-0.0512113647691539,-0.00311538384023163,0.00580147959017722,0.00655943673289611,NA,100
"G-comp (no cloning)","RD",2,-1,"strong",2,25,-0.163027538981705,-0.158281734212093,-0.00474580476961212,0.00906809960889895,0.0101946451200136,NA,100
"G-comp (no cloning)","RD",5,-1,"strong",2,25,-0.135216631065248,-0.129431014759885,-0.00578561630536287,0.00714268200495782,0.00916411933546206,NA,100
"G-comp (no cloning)","RD",8,-1,"strong",2,25,-0.114478130549364,-0.111633512871676,-0.00284461767768837,0.00591583682679296,0.00653750746384619,NA,100
"G-comp (no cloning)","RD",2,-0.7,"strong",2,25,-0.109819213885879,-0.102744180069684,-0.00707503381619575,0.00935497541015934,0.0116917283912924,NA,100
"G-comp (no cloning)","RD",5,-0.7,"strong",2,25,-0.0914248547530018,-0.0864289105015962,-0.00499594425140564,0.00742888396239537,0.0089216530262402,NA,100
"G-comp (no cloning)","RD",8,-0.7,"strong",2,25,-0.079479113082359,-0.073695298677964,-0.00578381440439504,0.00631591390615119,0.00854074761655573,NA,100
"G-comp (no cloning)","RD",2,-0.5,"strong",2,25,-0.0738042887319964,-0.0679421293508451,-0.00586215938115132,0.0106419151410856,0.0121030065232316,NA,100
"G-comp (no cloning)","RD",5,-0.5,"strong",2,25,-0.0601217601166889,-0.0592813176469181,-0.000840442469770725,0.00802646269723474,0.00803033037556949,NA,100
"G-comp (no cloning)","RD",8,-0.5,"strong",2,25,-0.0562912676117989,-0.0495488313631018,-0.00674243624869702,0.00594147587826237,0.00896708262611634,NA,100
"IPTW (no cloning)","RD",2,-1,"small",0.4,25,-0.157744487530333,-0.158884966736931,0.00114047920659829,0.0321517844093518,0.032010944395926,NA,100
"IPTW (no cloning)","RD",5,-1,"small",0.4,25,-0.115189581789405,-0.120971162827715,0.00578158103830996,0.0205779096978122,0.0212753976028309,NA,100
"IPTW (no cloning)","RD",8,-1,"small",0.4,25,-0.0876948808296353,-0.101768486263082,0.0140736054334469,0.0133789593534243,0.0193719631876359,NA,100
"IPTW (no cloning)","RD",2,-0.7,"small",0.4,25,-0.0990388599706453,-0.105367498999536,0.00632863902889101,0.0320764545462892,0.032537080675063,NA,100
"IPTW (no cloning)","RD",5,-0.7,"small",0.4,25,-0.0748688070855193,-0.0821353199189906,0.00726651283347129,0.0169063219008187,0.0183239649576985,NA,100
"IPTW (no cloning)","RD",8,-0.7,"small",0.4,25,-0.0529529154695267,-0.0698427863991118,0.0168898709295851,0.0130132900792548,0.0212819172425326,NA,100
"IPTW (no cloning)","RD",2,-0.5,"small",0.4,25,-0.0647567263957159,-0.0718312691569835,0.0070745427612675,0.0324959158209463,0.0330979433631851,NA,100
"IPTW (no cloning)","RD",5,-0.5,"small",0.4,25,-0.040688331206022,-0.0569676227881472,0.0162792915821252,0.0196399783955794,0.0254339693772107,NA,100
"IPTW (no cloning)","RD",8,-0.5,"small",0.4,25,-0.0256601862903923,-0.0489632870192666,0.0233031007288743,0.0142873662754896,0.0272969238252071,NA,100
"IPTW (no cloning)","RD",2,-1,"medium",1,25,-0.142792390461495,-0.157561792455253,0.0147694019937577,0.042403260518368,0.0447011339097334,NA,100
"IPTW (no cloning)","RD",5,-1,"medium",1,25,-0.0869096400563339,-0.123633070025923,0.0367234299695888,0.026540711938423,0.0452324618501764,NA,100
"IPTW (no cloning)","RD",8,-1,"medium",1,25,-0.045509098056386,-0.107296828776202,0.0617877307198159,0.0254086771308471,0.0667597822967445,NA,100
"IPTW (no cloning)","RD",2,-0.7,"medium",1,25,-0.0837544335143268,-0.103208945273067,0.0194545117587407,0.0435036170256106,0.047456475586993,NA,100
"IPTW (no cloning)","RD",5,-0.7,"medium",1,25,-0.0380977950574375,-0.0831784790995589,0.0450806840421214,0.0332152943491087,0.0558971492530391,NA,100
"IPTW (no cloning)","RD",8,-0.7,"medium",1,25,-0.0134090520396386,-0.0730403093091784,0.0596312572695398,0.0254069434004313,0.0647683911238286,NA,100
"IPTW (no cloning)","RD",2,-0.5,"medium",1,25,-0.0672049960063178,-0.0704769067816117,0.00327191077529391,0.0540679146485037,0.0538963022907415,NA,100
"IPTW (no cloning)","RD",5,-0.5,"medium",1,25,-0.0249442703533838,-0.057593918015868,0.0326496476624842,0.0328420209832144,0.0461932013539183,NA,100
"IPTW (no cloning)","RD",8,-0.5,"medium",1,25,0.00661714094928591,-0.0512113647691539,0.0578285057184398,0.0258892138264432,0.063306278932294,NA,100
"IPTW (no cloning)","RD",2,-1,"strong",2,25,-0.105429973831843,-0.158281734212093,0.05285176038025,0.0554436974766116,0.0763974615368247,NA,100
"IPTW (no cloning)","RD",5,-1,"strong",2,25,-0.0741392016094481,-0.129431014759885,0.055291813150437,0.0997671748294879,0.11362719253412,NA,100
"IPTW (no cloning)","RD",8,-1,"strong",2,25,-0.0256743135915273,-0.111633512871676,0.0859591992801488,0.0647002316821089,0.107392936084296,NA,100
"IPTW (no cloning)","RD",2,-0.7,"strong",2,25,-0.0621843707938378,-0.102744180069684,0.0405598092758457,0.0890671589819368,0.0974614146701937,NA,100
"IPTW (no cloning)","RD",5,-0.7,"strong",2,25,-0.0481355968693095,-0.0864289105015962,0.0382933136322867,0.125403193534953,0.130518501401978,NA,100
"IPTW (no cloning)","RD",8,-0.7,"strong",2,25,0.0176626935681374,-0.073695298677964,0.0913579922461014,0.0655958400295258,0.112276751084657,NA,100
"IPTW (no cloning)","RD",2,-0.5,"strong",2,25,-0.013727602412381,-0.0679421293508451,0.0542145269384641,0.0947952483225845,0.108791050388607,NA,100
"IPTW (no cloning)","RD",5,-0.5,"strong",2,25,0.0106435480765065,-0.0592813176469181,0.0699248657234247,0.061800094900334,0.0931157669722606,NA,100
"IPTW (no cloning)","RD",8,-0.5,"strong",2,25,0.0399271251817035,-0.0495488313631018,0.0894759565448053,0.0578503899920287,0.106391483426144,NA,100
"Per-protocol (no IPTW)","RD",2,-1,"small",0.4,25,-0.0602026502704369,-0.158884966736931,0.0986823164664945,0.0240770063227437,0.101548534181071,NA,100
"Per-protocol (no IPTW)","RD",5,-1,"small",0.4,25,-0.0244174031162907,-0.120971162827715,0.0965537597114242,0.0182904650291916,0.0982538763321106,NA,100
"Per-protocol (no IPTW)","RD",8,-1,"small",0.4,25,-0.00525888208331633,-0.101768486263082,0.0965096041797659,0.011615389052417,0.0971991347139763,NA,100
"Per-protocol (no IPTW)","RD",2,-0.7,"small",0.4,25,-0.00449151872933285,-0.105367498999536,0.100875980270203,0.0215557696222853,0.103130829956146,NA,100
"Per-protocol (no IPTW)","RD",5,-0.7,"small",0.4,25,0.0108487034142855,-0.0821353199189906,0.0929840233332761,0.0132949734125296,0.0939202712416372,NA,100
"Per-protocol (no IPTW)","RD",8,-0.7,"small",0.4,25,0.0273064586855811,-0.0698427863991118,0.0971492450846928,0.0122008044952814,0.0979047846356575,NA,100
"Per-protocol (no IPTW)","RD",2,-0.5,"small",0.4,25,0.0213397900823136,-0.0718312691569835,0.0931710592392971,0.021839500462781,0.0956715235711848,NA,100
"Per-protocol (no IPTW)","RD",5,-0.5,"small",0.4,25,0.0374515272257852,-0.0569676227881472,0.0944191500139324,0.0149948875627268,0.0955906589361225,NA,100
"Per-protocol (no IPTW)","RD",8,-0.5,"small",0.4,25,0.0495657039163611,-0.0489632870192666,0.0985289909356276,0.0135137328464734,0.0994422285575117,NA,100
"Per-protocol (no IPTW)","RD",2,-1,"medium",1,25,0.0455767513201899,-0.157561792455253,0.203138543775443,0.0165091891733036,0.203801608828527,NA,100
"Per-protocol (no IPTW)","RD",5,-1,"medium",1,25,0.0781845737041115,-0.123633070025923,0.201817643730034,0.0115687751647764,0.202145639364217,NA,100
"Per-protocol (no IPTW)","RD",8,-1,"medium",1,25,0.104670029051264,-0.107296828776202,0.211966857827466,0.0133437645782206,0.21238225987553,NA,100
"Per-protocol (no IPTW)","RD",2,-0.7,"medium",1,25,0.0813826466576965,-0.103208945273067,0.184591591930764,0.0130317833698017,0.185046439888892,NA,100
"Per-protocol (no IPTW)","RD",5,-0.7,"medium",1,25,0.11211886967395,-0.0831784790995589,0.195297348773509,0.0152886310896336,0.195888895183343,NA,100
"Per-protocol (no IPTW)","RD",8,-0.7,"medium",1,25,0.134964039990954,-0.0730403093091784,0.208004349300133,0.0140314727756852,0.2084723548429,NA,100
"Per-protocol (no IPTW)","RD",2,-0.5,"medium",1,25,0.0978855220410439,-0.0704769067816117,0.168362428822656,0.0132879946250008,0.168880764245684,NA,100
"Per-protocol (no IPTW)","RD",5,-0.5,"medium",1,25,0.129899209300774,-0.057593918015868,0.187493127316642,0.0143102506275677,0.188032997719198,NA,100
"Per-protocol (no IPTW)","RD",8,-0.5,"medium",1,25,0.151147194691663,-0.0512113647691539,0.202358559460817,0.0128361638352366,0.202761204420475,NA,100
"Per-protocol (no IPTW)","RD",2,-1,"strong",2,25,0.109947366290804,-0.158281734212093,0.268229100502897,0.0122904482057631,0.268507718552969,NA,100
"Per-protocol (no IPTW)","RD",5,-1,"strong",2,25,0.140875481442754,-0.129431014759885,0.270306496202639,0.0125203024830596,0.270593407687386,NA,100
"Per-protocol (no IPTW)","RD",8,-1,"strong",2,25,0.168408276288206,-0.111633512871676,0.280041789159882,0.0156892317607123,0.28047654830516,NA,100
"Per-protocol (no IPTW)","RD",2,-0.7,"strong",2,25,0.135674378263401,-0.102744180069684,0.238418558333084,0.0104902038154004,0.238646920973127,NA,100
"Per-protocol (no IPTW)","RD",5,-0.7,"strong",2,25,0.171948239671049,-0.0864289105015962,0.258377150172646,0.0147863595813988,0.258795675768958,NA,100
"Per-protocol (no IPTW)","RD",8,-0.7,"strong",2,25,0.201375016285702,-0.073695298677964,0.275070314963666,0.0102974150546195,0.275261066196165,NA,100
"Per-protocol (no IPTW)","RD",2,-0.5,"strong",2,25,0.153347506250777,-0.0679421293508451,0.221289635601622,0.0115043833832012,0.221585491748346,NA,100
"Per-protocol (no IPTW)","RD",5,-0.5,"strong",2,25,0.192485029601465,-0.0592813176469181,0.251766347248383,0.0125172933088357,0.252074214096276,NA,100
"Per-protocol (no IPTW)","RD",8,-0.5,"strong",2,25,0.220915404956976,-0.0495488313631018,0.270464236320078,0.0117232289063591,0.270715649498203,NA,100
"Federated CCW","RR",2,-1,"small",0.4,25,0.821029351688729,0.812875296768163,0.00815405492056665,0.035645222263227,0.0363918213770694,0.94,100
"Federated CCW","RR",5,-1,"small",0.4,25,0.863181349883478,0.857532775183329,0.00564857470014937,0.0226994880923031,0.0232813334712436,0.92,100
"Federated CCW","RR",8,-1,"small",0.4,25,0.883658296895723,0.880160884950332,0.00349741194539109,0.0131052479960792,0.0135004422188354,0.99,100
"Federated CCW","RR",2,-0.7,"small",0.4,25,0.882384591456163,0.875904798386529,0.00647979306963456,0.0360317411107169,0.0364320082073485,0.94,100
"Federated CCW","RR",5,-0.7,"small",0.4,25,0.903489442089176,0.903269582479312,0.00021985960986429,0.0186888536730337,0.0185964743256348,0.98,100
"Federated CCW","RR",8,-0.7,"small",0.4,25,0.915318508616582,0.91775550544168,-0.00243699682509789,0.0144049489835433,0.0145384484451346,0.97,100
"Federated CCW","RR",2,-0.5,"small",0.4,25,0.922517608114949,0.915401656935726,0.00711595117922339,0.0380611836369094,0.0385331535697405,0.95,100
"Federated CCW","RR",5,-0.5,"small",0.4,25,0.937971437604195,0.932909472527854,0.00506196507634102,0.0229889511577492,0.0234271305757692,0.91,100
"Federated CCW","RR",8,-0.5,"small",0.4,25,0.940124532681643,0.942342495189099,-0.00221796250745591,0.0142053941238235,0.0143071537237672,0.97,100
"Federated CCW","RR",2,-1,"medium",1,25,0.822397804135536,0.81443192717203,0.00796587696350611,0.0490751693264674,0.049474677540889,0.94,100
"Federated CCW","RR",5,-1,"medium",1,25,0.854988438486514,0.854391316429979,0.000597122056535351,0.0296100162876915,0.0294676447762997,0.95,100
"Federated CCW","RR",8,-1,"medium",1,25,0.877155164897198,0.873643531949712,0.0035116329474858,0.0300077817486594,0.0300631645336663,0.92,100
"Federated CCW","RR",2,-0.7,"medium",1,25,0.888687286019459,0.878445879711798,0.0102414063076606,0.0520568866831531,0.0527987372935168,0.9,100
"Federated CCW","RR",5,-0.7,"medium",1,25,0.907963431376316,0.902036657016575,0.00592677435974147,0.0405100532948149,0.0407404028954126,0.91,100
"Federated CCW","RR",8,-0.7,"medium",1,25,0.911086572910882,0.91398519774654,-0.00289862483565792,0.0239286999122686,0.0239845550018003,0.99,100
"Federated CCW","RR",2,-0.5,"medium",1,25,0.909165350793476,0.916995969857005,-0.00783061906352844,0.0657045149638793,0.0658424714655393,0.93,100
"Federated CCW","RR",5,-0.5,"medium",1,25,0.920289337236124,0.932168839759687,-0.0118795025235624,0.0386139387247679,0.0402150280543114,0.9,100
"Federated CCW","RR",8,-0.5,"medium",1,25,0.934761528793156,0.939691720155475,-0.00493019136231892,0.027417944732977,0.027722428524858,0.98,100
"Federated CCW","RR",2,-1,"strong",2,25,0.85917537986652,0.813498147909376,0.0456772319571444,0.0671440845629046,0.0809299346974861,0.85,100
"Federated CCW","RR",5,-1,"strong",2,25,0.853924218046878,0.847647016881975,0.00627720116490321,0.109169721752378,0.108803727511889,0.85,100
"Federated CCW","RR",8,-1,"strong",2,25,0.870797336950009,0.868015909419281,0.00278142753072845,0.0691450341636347,0.0688546420447017,0.86,100
"Federated CCW","RR",2,-0.7,"strong",2,25,0.911299518435162,0.878937516259128,0.0323620021760343,0.103978190119699,0.10840040851032,0.77,100
"Federated CCW","RR",5,-0.7,"strong",2,25,0.882639843389764,0.898264705974939,-0.0156248625851745,0.136355932648318,0.1365692033202,0.8,100
"Federated CCW","RR",8,-0.7,"strong",2,25,0.928585165099454,0.912870188119348,0.0157149769801066,0.0774527295813093,0.078650470868805,0.83,100
"Federated CCW","RR",2,-0.5,"strong",2,25,0.971456234399939,0.919944439439018,0.0515117949609204,0.112853260066597,0.123539324689259,0.56,100
"Federated CCW","RR",5,-0.5,"strong",2,25,0.951174895220729,0.930220082076693,0.0209548131440359,0.0683891420712579,0.0711997766823164,0.76,100
"Federated CCW","RR",8,-0.5,"strong",2,25,0.949982917360253,0.941418510637448,0.0085644067228047,0.0687821246081804,0.0689711528211087,0.79,100
"Pooled CCW","RR",2,-1,"small",0.4,25,0.82132688693246,0.812875296768163,0.00845159016429791,0.035259342090196,0.0360862628834351,0.95,100
"Pooled CCW","RR",5,-1,"small",0.4,25,0.863418769760409,0.857532775183329,0.00588599457707996,0.0222592848663575,0.0229164992373497,0.92,100
"Pooled CCW","RR",8,-1,"small",0.4,25,0.883651716786012,0.880160884950332,0.00349083183567961,0.0130089199570224,0.0134061771347662,0.99,100
"Pooled CCW","RR",2,-0.7,"small",0.4,25,0.882642414636036,0.875904798386529,0.00673761624950718,0.0357338224853134,0.0361874630423769,0.95,100
"Pooled CCW","RR",5,-0.7,"small",0.4,25,0.903391248537632,0.903269582479312,0.000121666058319737,0.0180826839540582,0.0179924547247527,0.98,100
"Pooled CCW","RR",8,-0.7,"small",0.4,25,0.915414917427469,0.91775550544168,-0.00234058801421064,0.014251951955735,0.014372379950981,0.97,100
"Pooled CCW","RR",2,-0.5,"small",0.4,25,0.922946059761416,0.915401656935726,0.00754440282569038,0.0373838289326825,0.0379538294906808,0.95,100
"Pooled CCW","RR",5,-0.5,"small",0.4,25,0.93810523101526,0.932909472527854,0.00519575848740565,0.0229981251569625,0.02346530480065,0.91,100
"Pooled CCW","RR",8,-0.5,"small",0.4,25,0.939993022923513,0.942342495189099,-0.00234947226558622,0.0147245630751345,0.0148379462899296,0.97,100
"Pooled CCW","RR",2,-1,"medium",1,25,0.822915858987057,0.81443192717203,0.00848393181502675,0.0468935916903957,0.0474235801184528,0.95,100
"Pooled CCW","RR",5,-1,"medium",1,25,0.855632298245302,0.854391316429979,0.00124098181532298,0.0278979854849302,0.0277858714825029,0.96,100
"Pooled CCW","RR",8,-1,"medium",1,25,0.877533115078871,0.873643531949712,0.00388958312915937,0.0280570757876465,0.0281861023139923,0.94,100
"Pooled CCW","RR",2,-0.7,"medium",1,25,0.890898717939422,0.878445879711798,0.0124528382276241,0.0518543346032196,0.0530759500799996,0.9,100
"Pooled CCW","RR",5,-0.7,"medium",1,25,0.907826667330433,0.902036657016575,0.00579001031385768,0.0402430109872074,0.0404577452834177,0.89,100
"Pooled CCW","RR",8,-0.7,"medium",1,25,0.910499937195731,0.91398519774654,-0.00348526055080861,0.0240663704611943,0.0241980438550457,0.99,100
"Pooled CCW","RR",2,-0.5,"medium",1,25,0.908678260392419,0.916995969857005,-0.00831770946458581,0.0670110837697469,0.0671919994140175,0.92,100
"Pooled CCW","RR",5,-0.5,"medium",1,25,0.92046434114428,0.932168839759687,-0.0117044986154065,0.0387886793377681,0.0403300299548434,0.91,100
"Pooled CCW","RR",8,-0.5,"medium",1,25,0.933749377970851,0.939691720155475,-0.00594234218462389,0.0274262969693896,0.0279283221557933,0.97,100
"Pooled CCW","RR",2,-1,"strong",2,25,0.856937420738569,0.813498147909376,0.0434392728291932,0.0697378162226341,0.081863910273795,0.83,100
"Pooled CCW","RR",5,-1,"strong",2,25,0.853037318321523,0.847647016881975,0.00539030143954797,0.1099440771842,0.109525697698831,0.86,100
"Pooled CCW","RR",8,-1,"strong",2,25,0.868580410400155,0.868015909419281,0.000564500980873454,0.0702951157103516,0.0699450350000757,0.86,100
"Pooled CCW","RR",2,-0.7,"strong",2,25,0.913046573737766,0.878937516259128,0.0341090574786388,0.100670127898313,0.10581378788529,0.78,100
"Pooled CCW","RR",5,-0.7,"strong",2,25,0.888055760790318,0.898264705974939,-0.0102089451846211,0.131943959371708,0.131678923493164,0.79,100
"Pooled CCW","RR",8,-0.7,"strong",2,25,0.930967680489724,0.912870188119348,0.0180974923703766,0.0747604024624327,0.0765555081537397,0.8,100
"Pooled CCW","RR",2,-0.5,"strong",2,25,0.974463912849193,0.919944439439018,0.0545194734101747,0.100681880224474,0.114051942449056,0.58,100
"Pooled CCW","RR",5,-0.5,"strong",2,25,0.95263107392793,0.930220082076693,0.0224109918512378,0.0659681237138796,0.0693579697556285,0.75,100
"Pooled CCW","RR",8,-0.5,"strong",2,25,0.954114992350498,0.941418510637448,0.0126964817130497,0.0657465661319602,0.0666377182716559,0.77,100
"CC-Gcomp","RR",2,-1,"small",0.4,25,0.81230982858498,0.812875296768163,-0.000565468183182244,0.0189259824578286,0.0188396029188591,NA,100
"CC-Gcomp","RR",5,-1,"small",0.4,25,0.844829793799541,0.857532775183329,-0.0127029813837879,0.0111164857127342,0.0168435812133962,NA,100
"CC-Gcomp","RR",8,-1,"small",0.4,25,0.868995444182948,0.880160884950332,-0.0111654407673842,0.00705272429235715,0.0131875160009203,NA,100
"CC-Gcomp","RR",2,-0.7,"small",0.4,25,0.875108539781901,0.875904798386529,-0.000796258604628214,0.0169746302560615,0.0169083032670976,NA,100
"CC-Gcomp","RR",5,-0.7,"small",0.4,25,0.891388826578978,0.903269582479312,-0.0118807559003335,0.00902945393210137,0.0148952371143306,NA,100
"CC-Gcomp","RR",8,-0.7,"small",0.4,25,0.908505777552548,0.91775550544168,-0.00924972788913179,0.00708164356556081,0.0116277962166842,NA,100
"CC-Gcomp","RR",2,-0.5,"small",0.4,25,0.914196426532997,0.915401656935726,-0.00120523040272817,0.0162916360393117,0.0162547165805094,NA,100
"CC-Gcomp","RR",5,-0.5,"small",0.4,25,0.9281163919175,0.932909472527854,-0.0047930806103535,0.0083161578397232,0.00956245356278316,NA,100
"CC-Gcomp","RR",8,-0.5,"small",0.4,25,0.934516664826819,0.942342495189099,-0.00782583036228002,0.00610097723409922,0.00990420743109062,NA,100
"CC-Gcomp","RR",2,-1,"medium",1,25,0.809619470904903,0.81443192717203,-0.0048124562671268,0.0170373835192132,0.0176218457640497,NA,100
"CC-Gcomp","RR",5,-1,"medium",1,25,0.840285685919417,0.854391316429979,-0.0141056305105622,0.00974683321978961,0.0171178141810441,NA,100
"CC-Gcomp","RR",8,-1,"medium",1,25,0.867287333039905,0.873643531949712,-0.00635619890980634,0.00750072824726876,0.00980303930309397,NA,100
"CC-Gcomp","RR",2,-0.7,"medium",1,25,0.872403073645415,0.878445879711798,-0.00604280606638288,0.0152822020091485,0.016362327047882,NA,100
"CC-Gcomp","RR",5,-0.7,"medium",1,25,0.893762890145341,0.902036657016575,-0.00827376687123386,0.00889698885696945,0.0121169329804763,NA,100
"CC-Gcomp","RR",8,-0.7,"medium",1,25,0.909199820058953,0.91398519774654,-0.00478537768758649,0.0067341050476223,0.00823374329799871,NA,100
"CC-Gcomp","RR",2,-0.5,"medium",1,25,0.912781311844473,0.916995969857005,-0.0042146580125319,0.0118304688386155,0.0125029490591075,NA,100
"CC-Gcomp","RR",5,-0.5,"medium",1,25,0.924299450378168,0.932168839759687,-0.00786938938151884,0.00795899599049028,0.011164203968167,NA,100
"CC-Gcomp","RR",8,-0.5,"medium",1,25,0.935954514842243,0.939691720155475,-0.00373720531323189,0.00673888204050696,0.00767626923691172,NA,100
"CC-Gcomp","RR",2,-1,"strong",2,25,0.807190077607949,0.813498147909376,-0.00630807030142662,0.0109565200160366,0.0125951033533247,NA,100
"CC-Gcomp","RR",5,-1,"strong",2,25,0.84046934830268,0.847647016881975,-0.00717766857929569,0.00830163445527465,0.0109428921915973,NA,100
"CC-Gcomp","RR",8,-1,"strong",2,25,0.865028838346018,0.868015909419281,-0.00298707107326324,0.00699450535902119,0.00757340529497322,NA,100
"CC-Gcomp","RR",2,-0.7,"strong",2,25,0.8706879388508,0.878937516259128,-0.00824957740832728,0.0109322590602253,0.0136519109539384,NA,100
"CC-Gcomp","RR",5,-0.7,"strong",2,25,0.892370769769179,0.898264705974939,-0.00589393620575954,0.00870815713100213,0.0104791299548008,NA,100
"CC-Gcomp","RR",8,-0.7,"strong",2,25,0.906206841110527,0.912870188119348,-0.00666334700882025,0.00734291188684736,0.00988834489629978,NA,100
"CC-Gcomp","RR",2,-0.5,"strong",2,25,0.913185363302003,0.919944439439018,-0.00675907613701567,0.0124564611212286,0.0141172553867247,NA,100
"CC-Gcomp","RR",5,-0.5,"strong",2,25,0.929240585395688,0.930220082076693,-0.000979496681004312,0.00944564573025851,0.00944920286463539,NA,100
"CC-Gcomp","RR",8,-0.5,"strong",2,25,0.933539470784798,0.941418510637448,-0.00787903985264987,0.00687428768161917,0.0104337213791633,NA,100
"G-comp (no cloning)","RR",2,-1,"small",0.4,25,0.81230982858498,0.812875296768163,-0.000565468183182244,0.0189259824578286,0.0188396029188591,NA,100
"G-comp (no cloning)","RR",5,-1,"small",0.4,25,0.844829793799541,0.857532775183329,-0.0127029813837879,0.0111164857127342,0.0168435812133962,NA,100
"G-comp (no cloning)","RR",8,-1,"small",0.4,25,0.868995444182948,0.880160884950332,-0.0111654407673842,0.00705272429235715,0.0131875160009203,NA,100
"G-comp (no cloning)","RR",2,-0.7,"small",0.4,25,0.875108539781901,0.875904798386529,-0.000796258604628214,0.0169746302560615,0.0169083032670976,NA,100
"G-comp (no cloning)","RR",5,-0.7,"small",0.4,25,0.891388826578978,0.903269582479312,-0.0118807559003335,0.00902945393210137,0.0148952371143306,NA,100
"G-comp (no cloning)","RR",8,-0.7,"small",0.4,25,0.908505777552548,0.91775550544168,-0.00924972788913179,0.00708164356556081,0.0116277962166842,NA,100
"G-comp (no cloning)","RR",2,-0.5,"small",0.4,25,0.914196426532997,0.915401656935726,-0.00120523040272817,0.0162916360393117,0.0162547165805094,NA,100
"G-comp (no cloning)","RR",5,-0.5,"small",0.4,25,0.9281163919175,0.932909472527854,-0.0047930806103535,0.0083161578397232,0.00956245356278316,NA,100
"G-comp (no cloning)","RR",8,-0.5,"small",0.4,25,0.934516664826819,0.942342495189099,-0.00782583036228002,0.00610097723409922,0.00990420743109062,NA,100
"G-comp (no cloning)","RR",2,-1,"medium",1,25,0.809619470904903,0.81443192717203,-0.0048124562671268,0.0170373835192132,0.0176218457640497,NA,100
"G-comp (no cloning)","RR",5,-1,"medium",1,25,0.840285685919417,0.854391316429979,-0.0141056305105622,0.00974683321978961,0.0171178141810441,NA,100
"G-comp (no cloning)","RR",8,-1,"medium",1,25,0.867287333039905,0.873643531949712,-0.00635619890980634,0.00750072824726876,0.00980303930309397,NA,100
"G-comp (no cloning)","RR",2,-0.7,"medium",1,25,0.872403073645415,0.878445879711798,-0.00604280606638288,0.0152822020091485,0.016362327047882,NA,100
"G-comp (no cloning)","RR",5,-0.7,"medium",1,25,0.893762890145341,0.902036657016575,-0.00827376687123386,0.00889698885696945,0.0121169329804763,NA,100
"G-comp (no cloning)","RR",8,-0.7,"medium",1,25,0.909199820058953,0.91398519774654,-0.00478537768758649,0.0067341050476223,0.00823374329799871,NA,100
"G-comp (no cloning)","RR",2,-0.5,"medium",1,25,0.912781311844473,0.916995969857005,-0.0042146580125319,0.0118304688386155,0.0125029490591075,NA,100
"G-comp (no cloning)","RR",5,-0.5,"medium",1,25,0.924299450378168,0.932168839759687,-0.00786938938151884,0.00795899599049028,0.011164203968167,NA,100
"G-comp (no cloning)","RR",8,-0.5,"medium",1,25,0.935954514842243,0.939691720155475,-0.00373720531323189,0.00673888204050696,0.00767626923691172,NA,100
"G-comp (no cloning)","RR",2,-1,"strong",2,25,0.807190077607949,0.813498147909376,-0.00630807030142662,0.0109565200160366,0.0125951033533247,NA,100
"G-comp (no cloning)","RR",5,-1,"strong",2,25,0.84046934830268,0.847647016881975,-0.00717766857929569,0.00830163445527465,0.0109428921915973,NA,100
"G-comp (no cloning)","RR",8,-1,"strong",2,25,0.865028838346018,0.868015909419281,-0.00298707107326324,0.00699450535902119,0.00757340529497322,NA,100
"G-comp (no cloning)","RR",2,-0.7,"strong",2,25,0.8706879388508,0.878937516259128,-0.00824957740832728,0.0109322590602253,0.0136519109539384,NA,100
"G-comp (no cloning)","RR",5,-0.7,"strong",2,25,0.892370769769179,0.898264705974939,-0.00589393620575954,0.00870815713100213,0.0104791299548008,NA,100
"G-comp (no cloning)","RR",8,-0.7,"strong",2,25,0.906206841110527,0.912870188119348,-0.00666334700882025,0.00734291188684736,0.00988834489629978,NA,100
"G-comp (no cloning)","RR",2,-0.5,"strong",2,25,0.913185363302003,0.919944439439018,-0.00675907613701567,0.0124564611212286,0.0141172553867247,NA,100
"G-comp (no cloning)","RR",5,-0.5,"strong",2,25,0.929240585395688,0.930220082076693,-0.000979496681004312,0.00944564573025851,0.00944920286463539,NA,100
"G-comp (no cloning)","RR",8,-0.5,"strong",2,25,0.933539470784798,0.941418510637448,-0.00787903985264987,0.00687428768161917,0.0104337213791633,NA,100
"IPTW (no cloning)","RR",2,-1,"small",0.4,25,0.814640836630839,0.812875296768163,0.001765539862676,0.0373877780885882,0.0372422424392544,NA,100
"IPTW (no cloning)","RR",5,-1,"small",0.4,25,0.86364760384426,0.857532775183329,0.00611482866093126,0.0240936805075506,0.02474048333296,NA,100
"IPTW (no cloning)","RR",8,-1,"small",0.4,25,0.895271635920681,0.880160884950332,0.0151107509703487,0.0154632457250984,0.0215651488183857,NA,100
"IPTW (no cloning)","RR",2,-0.7,"small",0.4,25,0.883093221834213,0.875904798386529,0.00718842344768398,0.0378197910586352,0.0383106598928398,NA,100
"IPTW (no cloning)","RR",5,-0.7,"small",0.4,25,0.911201024253656,0.903269582479312,0.00793144177434381,0.0198612354247527,0.0212939370359565,NA,100
"IPTW (no cloning)","RR",8,-0.7,"small",0.4,25,0.936790212902627,0.91775550544168,0.0190347074609473,0.0154264393221235,0.0244523080297424,NA,100
"IPTW (no cloning)","RR",2,-0.5,"small",0.4,25,0.923884180474543,0.915401656935726,0.00848252353881762,0.0380347716487098,0.0387831228940166,NA,100
"IPTW (no cloning)","RR",5,-0.5,"small",0.4,25,0.951936332721,0.932909472527854,0.0190268601931456,0.0230161853599092,0.029773625063905,NA,100
"IPTW (no cloning)","RR",8,-0.5,"small",0.4,25,0.969388952541533,0.942342495189099,0.0270464573524337,0.0168993757087715,0.0318471955699363,NA,100
"IPTW (no cloning)","RR",2,-1,"medium",1,25,0.831786562749081,0.81443192717203,0.0173546355770507,0.0497134294166965,0.0524203604502812,NA,100
"IPTW (no cloning)","RR",5,-1,"medium",1,25,0.895660895356551,0.854391316429979,0.0412695789265725,0.0317936290513992,0.0519990831126087,NA,100
"IPTW (no cloning)","RR",8,-1,"medium",1,25,0.944284463906252,0.873643531949712,0.0706409319565402,0.0311059692195599,0.0771235811899698,NA,100
"IPTW (no cloning)","RR",2,-0.7,"medium",1,25,0.901059826196632,0.878445879711798,0.0226139464848336,0.0512123175770195,0.0557482289630112,NA,100
"IPTW (no cloning)","RR",5,-0.7,"medium",1,25,0.954457673537037,0.902036657016575,0.0524210165204624,0.039646097168806,0.065605318866307,NA,100
"IPTW (no cloning)","RR",8,-0.7,"medium",1,25,0.983725363020838,0.91398519774654,0.0697401652742986,0.0310259254705679,0.0762671136419798,NA,100
"IPTW (no cloning)","RR",2,-0.5,"medium",1,25,0.920654727799839,0.916995969857005,0.00365875794283446,0.0639200153758365,0.0637047658474227,NA,100
"IPTW (no cloning)","RR",5,-0.5,"medium",1,25,0.970091966772041,0.932168839759687,0.0379231270123549,0.0393816988685042,0.0545304739215335,NA,100
"IPTW (no cloning)","RR",8,-0.5,"medium",1,25,1.00820206767573,0.939691720155475,0.0685103475202595,0.0317043611029692,0.0754240184898996,NA,100
"IPTW (no cloning)","RR",2,-1,"strong",2,25,0.874620198589161,0.813498147909376,0.0611220506797846,0.0657711879302241,0.0895460537904238,NA,100
"IPTW (no cloning)","RR",5,-1,"strong",2,25,0.908911726027686,0.847647016881975,0.0612647091457105,0.123023664749506,0.136882571769467,NA,100
"IPTW (no cloning)","RR",8,-1,"strong",2,25,0.967979196086086,0.868015909419281,0.0999632866668044,0.0819913690309779,0.129027196477518,NA,100
"IPTW (no cloning)","RR",2,-0.7,"strong",2,25,0.926564669411664,0.878937516259128,0.0476271531525361,0.10533215127964,0.115118457206827,NA,100
"IPTW (no cloning)","RR",5,-0.7,"strong",2,25,0.941248322310486,0.898264705974939,0.0429836163355472,0.15369317464721,0.15884888191954,NA,100
"IPTW (no cloning)","RR",8,-0.7,"strong",2,25,1.02274419825186,0.912870188119348,0.109874010132517,0.0834150840891214,0.137698197496045,NA,100
"IPTW (no cloning)","RR",2,-0.5,"strong",2,25,0.983871525998868,0.919944439439018,0.0639270865598492,0.111963031430908,0.128440786353701,NA,100
"IPTW (no cloning)","RR",5,-0.5,"strong",2,25,1.01385353585562,0.930220082076693,0.0836334537789309,0.0748619285579579,0.111994731371325,NA,100
"IPTW (no cloning)","RR",8,-0.5,"strong",2,25,1.0517502985448,0.941418510637448,0.110331787907352,0.0721589181322964,0.131635647885351,NA,100
"Per-protocol (no IPTW)","RR",2,-1,"small",0.4,25,0.928769335898428,0.812875296768163,0.115894039130265,0.0283350734854671,0.119273953281762,NA,100
"Per-protocol (no IPTW)","RR",5,-1,"small",0.4,25,0.970582784669933,0.857532775183329,0.113050009486603,0.0220332547100572,0.115156043327774,NA,100
"Per-protocol (no IPTW)","RR",8,-1,"small",0.4,25,0.993634916203278,0.880160884950332,0.113474031252946,0.0142625279889046,0.114357952396773,NA,100
"Per-protocol (no IPTW)","RR",2,-0.7,"small",0.4,25,0.994715007048918,0.875904798386529,0.118810208662389,0.0256371314416988,0.121517717086332,NA,100
"Per-protocol (no IPTW)","RR",5,-0.7,"small",0.4,25,1.013164840942,0.903269582479312,0.109895258462692,0.016064513178889,0.111051590400227,NA,100
"Per-protocol (no IPTW)","RR",8,-0.7,"small",0.4,25,1.03360568386899,0.91775550544168,0.115850178427306,0.0151767757486255,0.1168301973744,NA,100
"Per-protocol (no IPTW)","RR",2,-0.5,"small",0.4,25,1.02545148544998,0.915401656935726,0.110049828514258,0.0260563956678959,0.113062421492145,NA,100
"Per-protocol (no IPTW)","RR",5,-0.5,"small",0.4,25,1.0453110963551,0.932909472527854,0.112401623827243,0.0183313220108143,0.11387186672747,NA,100
"Per-protocol (no IPTW)","RR",8,-0.5,"small",0.4,25,1.06107168267282,0.942342495189099,0.118729187483717,0.0169583149399521,0.119922177105364,NA,100
"Per-protocol (no IPTW)","RR",2,-1,"medium",1,25,1.05497399245797,0.81443192717203,0.240542065285939,0.0200173441023926,0.241365225946675,NA,100
"Per-protocol (no IPTW)","RR",5,-1,"medium",1,25,1.09852922349915,0.854391316429979,0.24413790706917,0.0151835487378845,0.24460489042304,NA,100
"Per-protocol (no IPTW)","RR",8,-1,"medium",1,25,1.13651985043371,0.873643531949712,0.262876318484003,0.0187499779477764,0.263537482867266,NA,100
"Per-protocol (no IPTW)","RR",2,-0.7,"medium",1,25,1.09857720813414,0.878445879711798,0.220131328422344,0.0161776491717934,0.220719054280287,NA,100
"Per-protocol (no IPTW)","RR",5,-0.7,"medium",1,25,1.14129809026157,0.902036657016575,0.239261433244992,0.0208632954549438,0.240160275159561,NA,100
"Per-protocol (no IPTW)","RR",8,-0.7,"medium",1,25,1.17621004597833,0.91398519774654,0.262224848231786,0.0204172996489845,0.263010586277226,NA,100
"Per-protocol (no IPTW)","RR",2,-0.5,"medium",1,25,1.11820906088152,0.916995969857005,0.201213091024516,0.0164966679783998,0.201881466840039,NA,100
"Per-protocol (no IPTW)","RR",5,-0.5,"medium",1,25,1.16410835771287,0.932168839759687,0.23193951795318,0.0196704113389422,0.232763819825535,NA,100
"Per-protocol (no IPTW)","RR",8,-0.5,"medium",1,25,1.19734904011231,0.939691720155475,0.257657319956831,0.0191667673859719,0.258362121545796,NA,100
"Per-protocol (no IPTW)","RR",2,-1,"strong",2,25,1.13780440338483,0.813498147909376,0.32430625547545,0.0162336113882971,0.324708241622886,NA,100
"Per-protocol (no IPTW)","RR",5,-1,"strong",2,25,1.18764319343678,0.847647016881975,0.339996176554803,0.0184666823101586,0.340492302767439,NA,100
"Per-protocol (no IPTW)","RR",8,-1,"strong",2,25,1.23550503099605,0.868015909419281,0.36748912157677,0.0248931295925279,0.368322855249532,NA,100
"Per-protocol (no IPTW)","RR",2,-0.7,"strong",2,25,1.16926970006021,0.878937516259128,0.290332183801083,0.0144844789608009,0.290689661116738,NA,100
"Per-protocol (no IPTW)","RR",5,-0.7,"strong",2,25,1.22845490845077,0.898264705974939,0.330190202475836,0.0228561452175885,0.330972429594217,NA,100
"Per-protocol (no IPTW)","RR",8,-0.7,"strong",2,25,1.28177316319204,0.912870188119348,0.368902975072689,0.0174865829265986,0.369313048502358,NA,100
"Per-protocol (no IPTW)","RR",2,-0.5,"strong",2,25,1.19116433310316,0.919944439439018,0.271219893664142,0.0161773607950486,0.27169711196746,NA,100
"Per-protocol (no IPTW)","RR",5,-0.5,"strong",2,25,1.25590815589362,0.930220082076693,0.325688073816923,0.0198804456700983,0.326288218030346,NA,100
"Per-protocol (no IPTW)","RR",8,-0.5,"strong",2,25,1.3100631426458,0.941418510637448,0.368644632008355,0.0205352817459836,0.369210435289956,NA,100
"Federated CCW","OR",2,-1,"small",0.4,25,0.412358202292133,0.395980211524218,0.0163779907679141,0.0689155195969573,0.0704988931437884,0.95,100
"Federated CCW","OR",5,-1,"small",0.4,25,0.490402157148713,0.475944887890831,0.0144572692578818,0.0513769438832362,0.0531244491128923,0.96,100
"Federated CCW","OR",8,-1,"small",0.4,25,0.535044676194642,0.52550094078331,0.00954373541133228,0.0385837387343915,0.0395588262133504,0.99,100
"Federated CCW","OR",2,-0.7,"small",0.4,25,0.544331312935828,0.515785553758757,0.0285457591770708,0.0951285482165899,0.0988625644313025,0.93,100
"Federated CCW","OR",5,-0.7,"small",0.4,25,0.590900104833738,0.584882879899219,0.00601722493451837,0.0559361520738313,0.055980099800296,0.98,100
"Federated CCW","OR",8,-0.7,"small",0.4,25,0.620604122966113,0.627234826617113,-0.00663070365100007,0.0445819273288725,0.044851298674851,0.97,100
"Federated CCW","OR",2,-0.5,"small",0.4,25,0.660738840073395,0.620201383623443,0.0405374564499523,0.148043606296264,0.152777700097177,0.95,100
"Federated CCW","OR",5,-0.5,"small",0.4,25,0.701657784137024,0.677219536705431,0.0244382474315932,0.091732698273869,0.0944879198141562,0.93,100
"Federated CCW","OR",8,-0.5,"small",0.4,25,0.706150660603983,0.711357484010723,-0.00520682340673998,0.0568278492348725,0.0567822279781602,0.96,100
"Federated CCW","OR",2,-1,"medium",1,25,0.420759247482428,0.398450887254619,0.0223083602278082,0.0856712737828098,0.0881126234776103,0.95,100
"Federated CCW","OR",5,-1,"medium",1,25,0.478395019168344,0.46965661300255,0.00873840616579379,0.0631042151224602,0.0633930618354872,0.96,100
"Federated CCW","OR",8,-1,"medium",1,25,0.524806963279381,0.510506292913528,0.0143006703658524,0.0742385312295199,0.0752379897182135,0.96,100
"Federated CCW","OR",2,-0.7,"medium",1,25,0.574259044678005,0.521686810592693,0.0525722340853121,0.14986714290744,0.158111981566001,0.92,100
"Federated CCW","OR",5,-0.7,"medium",1,25,0.614190183795881,0.581533658138423,0.0326565256574576,0.115950076982225,0.119901729831885,0.89,100
"Federated CCW","OR",8,-0.7,"medium",1,25,0.612823110390225,0.615800458666507,-0.00297734827628209,0.0763505970624004,0.0760262069146255,1,100
"Federated CCW","OR",2,-0.5,"medium",1,25,0.653935139667412,0.625092641725385,0.028842497942027,0.231714468907734,0.232350099715316,0.89,100
"Federated CCW","OR",5,-0.5,"medium",1,25,0.65708839334247,0.674696170529515,-0.0176077771870443,0.131672538926886,0.132190448784496,0.88,100
"Federated CCW","OR",8,-0.5,"medium",1,25,0.694564163631469,0.70152040342131,-0.00695623978984068,0.101098778105452,0.100832249687712,0.97,100
"Federated CCW","OR",2,-1,"strong",2,25,0.517656875311455,0.397593206336786,0.120063668974669,0.162703676781029,0.201551596821618,0.88,100
"Federated CCW","OR",5,-1,"strong",2,25,0.532774260986886,0.455656781888052,0.0771174790988337,0.190021021714547,0.204191122209231,0.82,100
"Federated CCW","OR",8,-1,"strong",2,25,0.54782024526255,0.503489084518633,0.0443311607439165,0.167864054797993,0.172805698103952,0.88,100
"Federated CCW","OR",2,-0.7,"strong",2,25,0.738537031587233,0.523482950163268,0.215054081423964,0.433941122066267,0.482358897899722,0.89,100
"Federated CCW","OR",5,-0.7,"strong",2,25,0.648726286700057,0.570523220850352,0.0782030658497052,0.299013767117993,0.307621293322042,0.79,100
"Federated CCW","OR",8,-0.7,"strong",2,25,0.739354589090159,0.617658730232718,0.121695858857441,0.25344688080673,0.280005089667678,0.84,100
"Federated CCW","OR",2,-0.5,"strong",2,25,1.10995171845064,0.634874527339976,0.475077191110664,0.604372489212158,0.766362696230012,0.67,100
"Federated CCW","OR",5,-0.5,"strong",2,25,0.834044400199593,0.667293803841424,0.16675059635817,0.33669789266563,0.374215950491192,0.79,100
"Federated CCW","OR",8,-0.5,"strong",2,25,0.823258125805168,0.712467200321173,0.110790925483996,0.302151769854889,0.320401879326226,0.83,100
"Pooled CCW","OR",2,-1,"small",0.4,25,0.412709664647744,0.395980211524218,0.0167294531235256,0.0681456818607711,0.0698374556990658,0.95,100
"Pooled CCW","OR",5,-1,"small",0.4,25,0.490789483015381,0.475944887890831,0.0148445951245505,0.0504040973546597,0.052302287753486,0.97,100
"Pooled CCW","OR",8,-1,"small",0.4,25,0.535019690793024,0.52550094078331,0.00951875000971435,0.0383192671494482,0.0392974448821996,0.99,100
"Pooled CCW","OR",2,-0.7,"small",0.4,25,0.544882352125591,0.515785553758757,0.0290967983668331,0.0953512061350186,0.0992348611199155,0.93,100
"Pooled CCW","OR",5,-0.7,"small",0.4,25,0.590344140757023,0.584882879899219,0.0054612608578033,0.0538211855415247,0.0538291573696008,0.99,100
"Pooled CCW","OR",8,-0.7,"small",0.4,25,0.620841762537879,0.627234826617113,-0.00639306407923387,0.0440688909819777,0.0443115983595584,0.97,100
"Pooled CCW","OR",2,-0.5,"small",0.4,25,0.661346322885564,0.620201383623443,0.0411449392621215,0.144561307693948,0.149605808684844,0.95,100
"Pooled CCW","OR",5,-0.5,"small",0.4,25,0.702138827881678,0.677219536705431,0.0249192911762475,0.0916967119611596,0.0945789362774271,0.92,100
"Pooled CCW","OR",8,-0.5,"small",0.4,25,0.705826954397453,0.711357484010723,-0.00553052961327065,0.0583136674525035,0.0582843523722004,0.96,100
"Pooled CCW","OR",2,-1,"medium",1,25,0.420776505228399,0.398450887254619,0.0223256179737798,0.0831385235267412,0.0856815451026392,0.95,100
"Pooled CCW","OR",5,-1,"medium",1,25,0.479060995099928,0.46965661300255,0.00940438209737757,0.05990357736198,0.060340671172838,0.96,100
"Pooled CCW","OR",8,-1,"medium",1,25,0.524608834909329,0.510506292913528,0.0141025419958011,0.0700501806872884,0.0711114563690118,0.96,100
"Pooled CCW","OR",2,-0.7,"medium",1,25,0.579750433704005,0.521686810592693,0.0580636231113126,0.14910399210077,0.159314358375493,0.93,100
"Pooled CCW","OR",5,-0.7,"medium",1,25,0.613564370725869,0.581533658138423,0.0320307125874461,0.115311075892685,0.119120293527815,0.87,100
"Pooled CCW","OR",8,-0.7,"medium",1,25,0.610958735284407,0.615800458666507,-0.00484172338209977,0.0756624095316198,0.0754386803919449,1,100
"Pooled CCW","OR",2,-0.5,"medium",1,25,0.654482554808258,0.625092641725385,0.029389913082873,0.237493847317325,0.238124045886735,0.9,100
"Pooled CCW","OR",5,-0.5,"medium",1,25,0.65770916819791,0.674696170529515,-0.016987002331605,0.131855752713265,0.132289978367826,0.89,100
"Pooled CCW","OR",8,-0.5,"medium",1,25,0.690415367021489,0.70152040342131,-0.0111050363998211,0.100090527713936,0.100206059867231,0.97,100
"Pooled CCW","OR",2,-1,"strong",2,25,0.513933575687579,0.397593206336786,0.116340369350792,0.159855249713372,0.197061526922416,0.89,100
"Pooled CCW","OR",5,-1,"strong",2,25,0.530650122536523,0.455656781888052,0.0749933406484707,0.191999415356677,0.205229478593964,0.83,100
"Pooled CCW","OR",8,-1,"strong",2,25,0.541878308282838,0.503489084518633,0.038389223764205,0.16474137199834,0.168350987382417,0.88,100
"Pooled CCW","OR",2,-0.7,"strong",2,25,0.739962525662758,0.523482950163268,0.21647957549949,0.430641051787388,0.48006312599297,0.88,100
"Pooled CCW","OR",5,-0.7,"strong",2,25,0.665134631124537,0.570523220850352,0.0946114102741848,0.309705432679893,0.322350119334856,0.79,100
"Pooled CCW","OR",8,-0.7,"strong",2,25,0.746735415735326,0.617658730232718,0.129076685502608,0.250415713970322,0.280609586873957,0.83,100
"Pooled CCW","OR",2,-0.5,"strong",2,25,1.10151732343744,0.634874527339976,0.466642796097465,0.597120756291155,0.755475456098637,0.72,100
"Pooled CCW","OR",5,-0.5,"strong",2,25,0.837636045147633,0.667293803841424,0.170342241306209,0.333878374991136,0.373331623047227,0.81,100
"Pooled CCW","OR",8,-0.5,"strong",2,25,0.835423982587463,0.712467200321173,0.12295678226629,0.295077058561904,0.318305099063665,0.83,100
"CC-Gcomp","OR",2,-1,"small",0.4,25,0.393565291693931,0.395980211524218,-0.00241491983028769,0.0293155474102742,0.0292683983940207,NA,100
"CC-Gcomp","OR",5,-1,"small",0.4,25,0.450704997658132,0.475944887890831,-0.0252398902326989,0.0223239919358737,0.0336218540350189,NA,100
"CC-Gcomp","OR",8,-1,"small",0.4,25,0.499191180888479,0.52550094078331,-0.0263097598948311,0.019568132318617,0.0327305079419519,NA,100
"CC-Gcomp","OR",2,-0.7,"small",0.4,25,0.517754417634205,0.515785553758757,0.00196886387544788,0.0391152650664457,0.0389689664549391,NA,100
"CC-Gcomp","OR",5,-0.7,"small",0.4,25,0.554785102349841,0.584882879899219,-0.0300977775493784,0.0245702785976164,0.0387754795956505,NA,100
"CC-Gcomp","OR",8,-0.7,"small",0.4,25,0.599702108030506,0.627234826617113,-0.0275327185866066,0.0204639011522456,0.034243745861609,NA,100
"CC-Gcomp","OR",2,-0.5,"small",0.4,25,0.616961675853312,0.620201383623443,-0.00323970777013053,0.0517625629212683,0.051604893153773,NA,100
"CC-Gcomp","OR",5,-0.5,"small",0.4,25,0.659640395542786,0.677219536705431,-0.0175791411626444,0.0314442657943684,0.0358870538892453,NA,100
"CC-Gcomp","OR",8,-0.5,"small",0.4,25,0.683986247183531,0.711357484010723,-0.0273712368271922,0.0240240618682755,0.0363396284875681,NA,100
"CC-Gcomp","OR",2,-1,"medium",1,25,0.389709440619233,0.398450887254619,-0.00874144663538616,0.025789765696137,0.0271085555460694,NA,100
"CC-Gcomp","OR",5,-1,"medium",1,25,0.445711797614221,0.46965661300255,-0.023944815388329,0.0195497302105646,0.0308500278083174,NA,100
"CC-Gcomp","OR",8,-1,"medium",1,25,0.495271819605191,0.510506292913528,-0.0152344733083375,0.0178185129572419,0.0233754911595408,NA,100
"CC-Gcomp","OR",2,-0.7,"medium",1,25,0.513331787069285,0.521686810592693,-0.00835502352340731,0.0339236200642975,0.0347722633195027,NA,100
"CC-Gcomp","OR",5,-0.7,"medium",1,25,0.56191188013218,0.581533658138423,-0.0196217780062432,0.0274016119100594,0.0335909812902675,NA,100
"CC-Gcomp","OR",8,-0.7,"medium",1,25,0.601906912681082,0.615800458666507,-0.0138935459854251,0.023495778835368,0.0271948842045493,NA,100
"CC-Gcomp","OR",2,-0.5,"medium",1,25,0.613986764008117,0.625092641725385,-0.0111058777172681,0.0356530794160982,0.0371721827581191,NA,100
"CC-Gcomp","OR",5,-0.5,"medium",1,25,0.651553551184324,0.674696170529515,-0.023142619345191,0.0280357178799374,0.0362453071780253,NA,100
"CC-Gcomp","OR",8,-0.5,"medium",1,25,0.6896777288462,0.70152040342131,-0.0118426745751098,0.0271838054706402,0.0295265749479838,NA,100
"CC-Gcomp","OR",2,-1,"strong",2,25,0.392959750334044,0.397593206336786,-0.00463345600274227,0.0168161477679487,0.0173615642159715,NA,100
"CC-Gcomp","OR",5,-1,"strong",2,25,0.445546749885345,0.455656781888052,-0.0101100320027071,0.0187126483726656,0.0211866543872221,NA,100
"CC-Gcomp","OR",8,-1,"strong",2,25,0.493346717783676,0.503489084518633,-0.0101423667349571,0.0167929655374602,0.0195461315255287,NA,100
"CC-Gcomp","OR",2,-0.7,"strong",2,25,0.504347900524334,0.523482950163268,-0.0191350496389338,0.0268432607352597,0.0328558239147428,NA,100
"CC-Gcomp","OR",5,-0.7,"strong",2,25,0.55566053117341,0.570523220850352,-0.0148626896769414,0.0247639741203805,0.028775361240575,NA,100
"CC-Gcomp","OR",8,-0.7,"strong",2,25,0.596322014130821,0.617658730232718,-0.0213367161018963,0.0235602194917809,0.0316983999136992,NA,100
"CC-Gcomp","OR",2,-0.5,"strong",2,25,0.613461402049843,0.634874527339976,-0.0214131252901326,0.0398118228845877,0.0450294721673568,NA,100
"CC-Gcomp","OR",5,-0.5,"strong",2,25,0.664786596478532,0.667293803841424,-0.00250720736289118,0.0335175619389664,0.0334436657307428,NA,100
"CC-Gcomp","OR",8,-0.5,"strong",2,25,0.682974493036184,0.712467200321173,-0.0294927072849889,0.0274420104330154,0.0401914553137568,NA,100
"G-comp (no cloning)","OR",2,-1,"small",0.4,25,0.393565291693931,0.395980211524218,-0.00241491983028769,0.0293155474102742,0.0292683983940207,NA,100
"G-comp (no cloning)","OR",5,-1,"small",0.4,25,0.450704997658132,0.475944887890831,-0.0252398902326989,0.0223239919358737,0.0336218540350189,NA,100
"G-comp (no cloning)","OR",8,-1,"small",0.4,25,0.499191180888479,0.52550094078331,-0.0263097598948311,0.019568132318617,0.0327305079419519,NA,100
"G-comp (no cloning)","OR",2,-0.7,"small",0.4,25,0.517754417634205,0.515785553758757,0.00196886387544788,0.0391152650664457,0.0389689664549391,NA,100
"G-comp (no cloning)","OR",5,-0.7,"small",0.4,25,0.554785102349841,0.584882879899219,-0.0300977775493784,0.0245702785976164,0.0387754795956505,NA,100
"G-comp (no cloning)","OR",8,-0.7,"small",0.4,25,0.599702108030506,0.627234826617113,-0.0275327185866066,0.0204639011522456,0.034243745861609,NA,100
"G-comp (no cloning)","OR",2,-0.5,"small",0.4,25,0.616961675853312,0.620201383623443,-0.00323970777013053,0.0517625629212683,0.051604893153773,NA,100
"G-comp (no cloning)","OR",5,-0.5,"small",0.4,25,0.659640395542786,0.677219536705431,-0.0175791411626444,0.0314442657943684,0.0358870538892453,NA,100
"G-comp (no cloning)","OR",8,-0.5,"small",0.4,25,0.683986247183531,0.711357484010723,-0.0273712368271922,0.0240240618682755,0.0363396284875681,NA,100
"G-comp (no cloning)","OR",2,-1,"medium",1,25,0.389709440619233,0.398450887254619,-0.00874144663538616,0.025789765696137,0.0271085555460694,NA,100
"G-comp (no cloning)","OR",5,-1,"medium",1,25,0.445711797614221,0.46965661300255,-0.023944815388329,0.0195497302105646,0.0308500278083174,NA,100
"G-comp (no cloning)","OR",8,-1,"medium",1,25,0.495271819605191,0.510506292913528,-0.0152344733083375,0.0178185129572419,0.0233754911595408,NA,100
"G-comp (no cloning)","OR",2,-0.7,"medium",1,25,0.513331787069285,0.521686810592693,-0.00835502352340731,0.0339236200642975,0.0347722633195027,NA,100
"G-comp (no cloning)","OR",5,-0.7,"medium",1,25,0.56191188013218,0.581533658138423,-0.0196217780062432,0.0274016119100594,0.0335909812902675,NA,100
"G-comp (no cloning)","OR",8,-0.7,"medium",1,25,0.601906912681082,0.615800458666507,-0.0138935459854251,0.023495778835368,0.0271948842045493,NA,100
"G-comp (no cloning)","OR",2,-0.5,"medium",1,25,0.613986764008117,0.625092641725385,-0.0111058777172681,0.0356530794160982,0.0371721827581191,NA,100
"G-comp (no cloning)","OR",5,-0.5,"medium",1,25,0.651553551184324,0.674696170529515,-0.023142619345191,0.0280357178799374,0.0362453071780253,NA,100
"G-comp (no cloning)","OR",8,-0.5,"medium",1,25,0.6896777288462,0.70152040342131,-0.0118426745751098,0.0271838054706402,0.0295265749479838,NA,100
"G-comp (no cloning)","OR",2,-1,"strong",2,25,0.392959750334044,0.397593206336786,-0.00463345600274227,0.0168161477679487,0.0173615642159715,NA,100
"G-comp (no cloning)","OR",5,-1,"strong",2,25,0.445546749885345,0.455656781888052,-0.0101100320027071,0.0187126483726656,0.0211866543872221,NA,100
"G-comp (no cloning)","OR",8,-1,"strong",2,25,0.493346717783676,0.503489084518633,-0.0101423667349571,0.0167929655374602,0.0195461315255287,NA,100
"G-comp (no cloning)","OR",2,-0.7,"strong",2,25,0.504347900524334,0.523482950163268,-0.0191350496389338,0.0268432607352597,0.0328558239147428,NA,100
"G-comp (no cloning)","OR",5,-0.7,"strong",2,25,0.55566053117341,0.570523220850352,-0.0148626896769414,0.0247639741203805,0.028775361240575,NA,100
"G-comp (no cloning)","OR",8,-0.7,"strong",2,25,0.596322014130821,0.617658730232718,-0.0213367161018963,0.0235602194917809,0.0316983999136992,NA,100
"G-comp (no cloning)","OR",2,-0.5,"strong",2,25,0.613461402049843,0.634874527339976,-0.0214131252901326,0.0398118228845877,0.0450294721673568,NA,100
"G-comp (no cloning)","OR",5,-0.5,"strong",2,25,0.664786596478532,0.667293803841424,-0.00250720736289118,0.0335175619389664,0.0334436657307428,NA,100
"G-comp (no cloning)","OR",8,-0.5,"strong",2,25,0.682974493036184,0.712467200321173,-0.0294927072849889,0.0274420104330154,0.0401914553137568,NA,100
"IPTW (no cloning)","OR",2,-1,"small",0.4,25,0.402860576698305,0.395980211524218,0.00688036517408629,0.070589979696198,0.0705723402339991,NA,100
"IPTW (no cloning)","OR",5,-1,"small",0.4,25,0.49978387051926,0.475944887890831,0.0238389826284288,0.0551763959452361,0.0598522131217296,NA,100
"IPTW (no cloning)","OR",8,-1,"small",0.4,25,0.584161267425115,0.52550094078331,0.0586603266418049,0.0480891313945465,0.0756998866209348,NA,100
"IPTW (no cloning)","OR",2,-0.7,"small",0.4,25,0.548125955206486,0.515785553758757,0.0323404014477286,0.101616619705624,0.106153566083263,NA,100
"IPTW (no cloning)","OR",5,-0.7,"small",0.4,25,0.621259161867067,0.584882879899219,0.0363762819678476,0.0630351176053976,0.0725046597179478,NA,100
"IPTW (no cloning)","OR",8,-0.7,"small",0.4,25,0.709333702171941,0.627234826617113,0.0820988755548276,0.0541056953554551,0.0981752380927361,NA,100
"IPTW (no cloning)","OR",2,-0.5,"small",0.4,25,0.665717222472236,0.620201383623443,0.0455158388487936,0.146665961009255,0.152864275302276,NA,100
"IPTW (no cloning)","OR",5,-0.5,"small",0.4,25,0.762380954124649,0.677219536705431,0.0851614174192179,0.101234968747841,0.131903376474042,NA,100
"IPTW (no cloning)","OR",8,-0.5,"small",0.4,25,0.842661441663224,0.711357484010723,0.131303957652501,0.0805394162453625,0.153826073500763,NA,100
"IPTW (no cloning)","OR",2,-1,"medium",1,25,0.440453541551039,0.398450887254619,0.0420026542964196,0.0909422443892586,0.0997597607472803,NA,100
"IPTW (no cloning)","OR",5,-1,"medium",1,25,0.597723798718075,0.46965661300255,0.128067185715524,0.0864056780451133,0.154248130761919,NA,100
"IPTW (no cloning)","OR",8,-1,"medium",1,25,0.768820989172166,0.510506292913528,0.258314696258638,0.117465404545326,0.283525346936635,NA,100
"IPTW (no cloning)","OR",2,-0.7,"medium",1,25,0.611835538394077,0.521686810592693,0.0901487278013846,0.162885906353379,0.185454289321882,NA,100
"IPTW (no cloning)","OR",5,-0.7,"medium",1,25,0.799360233115446,0.581533658138423,0.217826574977023,0.159818486454336,0.269694171039438,NA,100
"IPTW (no cloning)","OR",8,-0.7,"medium",1,25,0.9333008137063,0.615800458666507,0.317500355039793,0.151098019467359,0.351295859387046,NA,100
"IPTW (no cloning)","OR",2,-0.5,"medium",1,25,0.694811062051314,0.625092641725385,0.0697184203259287,0.246667914536275,0.25514166181516,NA,100
"IPTW (no cloning)","OR",5,-0.5,"medium",1,25,0.874990301703384,0.674696170529515,0.200294131173869,0.191622166339648,0.27653137809129,NA,100
"IPTW (no cloning)","OR",8,-0.5,"medium",1,25,1.07057810917806,0.70152040342131,0.369057705756751,0.187206110945441,0.413399633374293,NA,100
"IPTW (no cloning)","OR",2,-1,"strong",2,25,0.560469223401467,0.397593206336786,0.162876017064681,0.176172960482252,0.239280462679017,NA,100
"IPTW (no cloning)","OR",5,-1,"strong",2,25,0.750157229753323,0.455656781888052,0.294500447865272,0.306029076234038,0.423612761066634,NA,100
"IPTW (no cloning)","OR",8,-1,"strong",2,25,0.937794458694015,0.503489084518633,0.434305374175381,0.311897184006491,0.533786673583076,NA,100
"IPTW (no cloning)","OR",2,-0.7,"strong",2,25,0.81125746819528,0.523482950163268,0.287774518032011,0.477438525351824,0.555411778110421,NA,100
"IPTW (no cloning)","OR",5,-0.7,"strong",2,25,0.951079535373618,0.570523220850352,0.380556314523266,0.474001354855534,0.606014537849022,NA,100
"IPTW (no cloning)","OR",8,-0.7,"strong",2,25,1.24099742307712,0.617658730232718,0.623338692844401,0.429480146070158,0.755751142841826,NA,100
"IPTW (no cloning)","OR",2,-0.5,"strong",2,25,1.20320848513401,0.634874527339976,0.568333957794033,0.650721961921508,0.861515042579952,NA,100
"IPTW (no cloning)","OR",5,-0.5,"strong",2,25,1.27677915550674,0.667293803841424,0.60948535166532,0.710040646288314,0.933053340427175,NA,100
"IPTW (no cloning)","OR",8,-0.5,"strong",2,25,1.44468897210093,0.712467200321173,0.732221771779756,0.555501646529528,0.917412111088758,NA,100
"Per-protocol (no IPTW)","OR",2,-1,"small",0.4,25,0.680654878435276,0.395980211524218,0.284674666911057,0.110708969041107,0.305243471754606,NA,100
"Per-protocol (no IPTW)","OR",5,-1,"small",0.4,25,0.857734378009514,0.475944887890831,0.381789490118683,0.0996434382139327,0.394452457713711,NA,100
"Per-protocol (no IPTW)","OR",8,-1,"small",0.4,25,0.968964518658105,0.52550094078331,0.443463577874795,0.0734842278860383,0.449450639483405,NA,100
"Per-protocol (no IPTW)","OR",2,-0.7,"small",0.4,25,0.98758641891785,0.515785553758757,0.471800865159093,0.170397312250578,0.501339154611793,NA,100
"Per-protocol (no IPTW)","OR",5,-0.7,"small",0.4,25,1.08868765065739,0.584882879899219,0.503804770758168,0.109478268562621,0.515446295372549,NA,100
"Per-protocol (no IPTW)","OR",8,-0.7,"small",0.4,25,1.21801312001078,0.627234826617113,0.590778293393663,0.106599779352047,0.600224016325118,NA,100
"Per-protocol (no IPTW)","OR",2,-0.5,"small",0.4,25,1.21711207588729,0.620201383623443,0.596910692263851,0.233917654526174,0.640681409865267,NA,100
"Per-protocol (no IPTW)","OR",5,-0.5,"small",0.4,25,1.35098629825637,0.677219536705431,0.673766761550944,0.159289803526714,0.692156888330493,NA,100
"Per-protocol (no IPTW)","OR",8,-0.5,"small",0.4,25,1.45476363261999,0.711357484010723,0.743406148609264,0.153715886353604,0.758976277475363,NA,100
"Per-protocol (no IPTW)","OR",2,-1,"medium",1,25,1.46718735909458,0.398450887254619,1.06873647183996,0.217876464605618,1.09050130606602,NA,100
"Per-protocol (no IPTW)","OR",5,-1,"medium",1,25,1.78294940910581,0.46965661300255,1.31329279610326,0.163569873195331,1.32333877774351,NA,100
"Per-protocol (no IPTW)","OR",8,-1,"medium",1,25,2.08202532418695,0.510506292913528,1.57151903127342,0.205928906186181,1.58482008850013,NA,100
"Per-protocol (no IPTW)","OR",2,-0.7,"medium",1,25,2.10391366876968,0.521686810592693,1.58222685817699,0.325956727011367,1.61512449697902,NA,100
"Per-protocol (no IPTW)","OR",5,-0.7,"medium",1,25,2.54695738329663,0.581533658138423,1.96542372515821,0.349845203204065,1.99601056333818,NA,100
"Per-protocol (no IPTW)","OR",8,-0.7,"medium",1,25,2.81863111375275,0.615800458666507,2.20283065508624,0.31085663174841,2.22443890049482,NA,100
"Per-protocol (no IPTW)","OR",2,-0.5,"medium",1,25,2.68654121050376,0.625092641725385,2.06144856877837,0.510212016962942,2.1230363494178,NA,100
"Per-protocol (no IPTW)","OR",5,-0.5,"medium",1,25,3.15841114350574,0.674696170529515,2.48371497297622,0.450607475028197,2.52385750242997,NA,100
"Per-protocol (no IPTW)","OR",8,-0.5,"medium",1,25,3.43030507427228,0.70152040342131,2.72878467085097,0.367828652385051,2.75321824747176,NA,100
"Per-protocol (no IPTW)","OR",2,-1,"strong",2,25,2.53657637239765,0.397593206336786,2.13898316606086,0.327067541035445,2.16359710420557,NA,100
"Per-protocol (no IPTW)","OR",5,-1,"strong",2,25,2.76253393194058,0.455656781888052,2.30687715005253,0.275816431002895,2.32314359048457,NA,100
"Per-protocol (no IPTW)","OR",8,-1,"strong",2,25,3.06121158311257,0.503489084518633,2.55772249859394,0.34274480745573,2.58035727038352,NA,100
"Per-protocol (no IPTW)","OR",2,-0.7,"strong",2,25,3.76983192341675,0.523482950163268,3.24634897325348,0.481675115664059,3.28153507737209,NA,100
"Per-protocol (no IPTW)","OR",5,-0.7,"strong",2,25,4.11968195439377,0.570523220850352,3.54915873354342,0.54336619078369,3.59010056474765,NA,100
"Per-protocol (no IPTW)","OR",8,-0.7,"strong",2,25,4.39769685511821,0.617658730232718,3.78003812488549,0.379572542853058,3.79885808996899,NA,100
"Per-protocol (no IPTW)","OR",2,-0.5,"strong",2,25,5.49321561841975,0.634874527339976,4.85834109107977,0.98385263476115,4.95598269812672,NA,100
"Per-protocol (no IPTW)","OR",5,-0.5,"strong",2,25,5.76540691507166,0.667293803841424,5.09811311123024,0.813918468364554,5.16203408893346,NA,100
"Per-protocol (no IPTW)","OR",8,-0.5,"strong",2,25,5.74598391766939,0.712467200321173,5.03351671734821,0.595316983093106,5.06824908928906,NA,100
"Federated CCW","RMST_diff",2,-1,"small",0.4,25,3.72022123429961,3.79861853657404,-0.078397302274431,0.550891859433146,0.553708550941486,0.95,100
"Federated CCW","RMST_diff",5,-1,"small",0.4,25,2.2499954601302,2.29737493833465,-0.047379478204457,0.300924156042642,0.303141236337129,0.94,100
"Federated CCW","RMST_diff",8,-1,"small",0.4,25,1.66917955133642,1.69602919128171,-0.0268496399452853,0.166565443443382,0.167891362628299,0.97,100
"Federated CCW","RMST_diff",2,-0.7,"small",0.4,25,2.58846808540683,2.63492614076516,-0.046458055358328,0.558696499426887,0.557833946255349,0.96,100
"Federated CCW","RMST_diff",5,-0.7,"small",0.4,25,1.63124717548318,1.61557277851707,0.0156743969661132,0.257092269560952,0.256283353805066,0.98,100
"Federated CCW","RMST_diff",8,-0.7,"small",0.4,25,1.23681140113931,1.20128404026569,0.03552736087362,0.169006414253441,0.171871259228709,0.97,100
"Federated CCW","RMST_diff",2,-0.5,"small",0.4,25,1.82873389449338,1.85122454220699,-0.0224906477136113,0.646641096370923,0.643792738134883,0.95,100
"Federated CCW","RMST_diff",5,-0.5,"small",0.4,25,1.07803059152993,1.14714745904953,-0.0691168675196009,0.290725554604445,0.297410954732309,0.98,100
"Federated CCW","RMST_diff",8,-0.5,"small",0.4,25,0.881453713689662,0.858500773417477,0.0229529402721853,0.173549091623985,0.174197967263151,0.97,100
"Federated CCW","RMST_diff",2,-1,"medium",1,25,3.787914754732,3.80085387894506,-0.0129391242130615,0.652350155482976,0.649209164322622,0.99,100
"Federated CCW","RMST_diff",5,-1,"medium",1,25,2.4117125485126,2.42954199126714,-0.0178294427545328,0.322655417331473,0.321532801093373,1,100
"Federated CCW","RMST_diff",8,-1,"medium",1,25,1.89864767895343,1.91150841078624,-0.0128607318328056,0.309077559064977,0.307797086675076,0.94,100
"Federated CCW","RMST_diff",2,-0.7,"medium",1,25,2.44700755156972,2.61874108299344,-0.171733531423717,0.840244705054823,0.853488991460465,0.91,100
"Federated CCW","RMST_diff",5,-0.7,"medium",1,25,1.62570681823089,1.69836049771415,-0.0726536794832666,0.580258063907111,0.58190289882797,0.85,100
"Federated CCW","RMST_diff",8,-0.7,"medium",1,25,1.35570765618964,1.34562023897707,0.0100874172125626,0.353936207321182,0.352306523428667,0.96,100
"Federated CCW","RMST_diff",2,-0.5,"medium",1,25,1.9298204628731,1.84038146532659,0.0894389975465197,0.876051218596317,0.876236506036,0.95,100
"Federated CCW","RMST_diff",5,-0.5,"medium",1,25,1.36427438763271,1.20547707966547,0.158797307967239,0.487607751877609,0.510490246245574,0.95,100
"Federated CCW","RMST_diff",8,-0.5,"medium",1,25,1.11064283814655,0.961489413733808,0.149153424412743,0.312040339409595,0.344444807913713,0.97,100
"Federated CCW","RMST_diff",2,-1,"strong",2,25,3.12298477221921,3.81340268711301,-0.690417914893794,0.98252055546642,1.19681664122003,0.88,100
"Federated CCW","RMST_diff",5,-1,"strong",2,25,2.60773948127461,2.68750354122519,-0.0797640599505835,1.47731354938695,1.47207101568846,0.87,100
"Federated CCW","RMST_diff",8,-1,"strong",2,25,2.0622562169824,2.15938097189966,-0.097124754917259,0.917268782489988,0.917824284465766,0.87,100
"Federated CCW","RMST_diff",2,-0.7,"strong",2,25,2.26278766462799,2.63829403421436,-0.375506369586364,1.36497845077642,1.40909174398727,0.87,100
"Federated CCW","RMST_diff",5,-0.7,"strong",2,25,2.14862154157288,1.89353651644522,0.255085025127657,1.9363037066998,1.94341135485464,0.77,100
"Federated CCW","RMST_diff",8,-0.7,"strong",2,25,1.15012666705509,1.49856180557954,-0.348435138524451,0.976392835035987,1.03209330217043,0.76,100
"Federated CCW","RMST_diff",2,-0.5,"strong",2,25,1.29130372884285,1.83320062381724,-0.541896894974394,1.74019523605356,1.81429019447567,0.75,100
"Federated CCW","RMST_diff",5,-0.5,"strong",2,25,0.969681656891379,1.34794250784726,-0.378260850955885,1.03694793063351,1.09890385025376,0.82,100
"Federated CCW","RMST_diff",8,-0.5,"strong",2,25,0.887153645106373,1.03856783340449,-0.151414188298118,0.760204051618796,0.771399607541147,0.87,100
"Pooled CCW","RMST_diff",2,-1,"small",0.4,25,3.71413212368923,3.79861853657404,-0.0844864128848086,0.545404068389127,0.549207516153412,0.94,100
"Pooled CCW","RMST_diff",5,-1,"small",0.4,25,2.24823433099176,2.29737493833465,-0.0491406073428937,0.294080546662592,0.296704117828087,0.96,100
"Pooled CCW","RMST_diff",8,-1,"small",0.4,25,1.66785523121813,1.69602919128171,-0.0281739600635806,0.16684626017517,0.1683836981859,0.97,100
"Pooled CCW","RMST_diff",2,-0.7,"small",0.4,25,2.58575206932614,2.63492614076516,-0.0491740714390138,0.553307640245807,0.552725918162636,0.96,100
"Pooled CCW","RMST_diff",5,-0.7,"small",0.4,25,1.63361159041323,1.61557277851707,0.0180388118961601,0.247281637501403,0.246702502819787,1,100
"Pooled CCW","RMST_diff",8,-0.7,"small",0.4,25,1.23528351842286,1.20128404026569,0.0339994781571646,0.167534029499502,0.170126244433057,0.97,100
"Pooled CCW","RMST_diff",2,-0.5,"small",0.4,25,1.82370518261693,1.85122454220699,-0.0275193595900629,0.638911909866512,0.636304690722792,0.95,100
"Pooled CCW","RMST_diff",5,-0.5,"small",0.4,25,1.07663529074031,1.14714745904953,-0.0705121683092239,0.291197072189348,0.298194137069796,0.99,100
"Pooled CCW","RMST_diff",8,-0.5,"small",0.4,25,0.881979306287389,0.858500773417477,0.0234785328699122,0.17634372927011,0.177023674264445,0.96,100
"Pooled CCW","RMST_diff",2,-1,"medium",1,25,3.78149756116762,3.80085387894506,-0.0193563177774451,0.61340536442364,0.610637492077388,0.99,100
"Pooled CCW","RMST_diff",5,-1,"medium",1,25,2.40347907039721,2.42954199126714,-0.0260629208699274,0.310261190538684,0.309804231951742,0.99,100
"Pooled CCW","RMST_diff",8,-1,"medium",1,25,1.88977477290612,1.91150841078624,-0.0217336378801139,0.301743987615919,0.301017093762525,0.93,100
"Pooled CCW","RMST_diff",2,-0.7,"medium",1,25,2.41387903713566,2.61874108299344,-0.204862045857781,0.830953045982606,0.851790228175065,0.91,100
"Pooled CCW","RMST_diff",5,-0.7,"medium",1,25,1.62152126554487,1.69836049771415,-0.0768392321692785,0.573548817382764,0.57582369789921,0.84,100
"Pooled CCW","RMST_diff",8,-0.7,"medium",1,25,1.36397698490043,1.34562023897707,0.0183567459233618,0.358815232608397,0.357488262130653,0.96,100
"Pooled CCW","RMST_diff",2,-0.5,"medium",1,25,1.93504943382927,1.84038146532659,0.0946679685026859,0.89272587647848,0.893281545700656,0.95,100
"Pooled CCW","RMST_diff",5,-0.5,"medium",1,25,1.36378658590062,1.20547707966547,0.158309506235152,0.489925665223254,0.512531741099438,0.95,100
"Pooled CCW","RMST_diff",8,-0.5,"medium",1,25,1.12286447393807,0.961489413733808,0.161375060204257,0.318409881014163,0.355545937763472,0.97,100
"Pooled CCW","RMST_diff",2,-1,"strong",2,25,3.15620023774112,3.81340268711301,-0.65720244937189,0.984371794733264,1.17949693150264,0.87,100
"Pooled CCW","RMST_diff",5,-1,"strong",2,25,2.62515602293826,2.68750354122519,-0.0623475182869331,1.49544790489305,1.48925753478808,0.85,100
"Pooled CCW","RMST_diff",8,-1,"strong",2,25,2.08339363014321,2.15938097189966,-0.0759873417564464,0.936604660144879,0.935002717973731,0.86,100
"Pooled CCW","RMST_diff",2,-0.7,"strong",2,25,2.23864782023953,2.63829403421436,-0.399646213974827,1.34847137474487,1.39996728331974,0.89,100
"Pooled CCW","RMST_diff",5,-0.7,"strong",2,25,2.0859526392187,1.89353651644522,0.192416122773474,1.83860381775489,1.83947909011747,0.8,100
"Pooled CCW","RMST_diff",8,-0.7,"strong",2,25,1.109924860807,1.49856180557954,-0.388636944772545,0.929319950203662,1.00301440118784,0.77,100
"Pooled CCW","RMST_diff",2,-0.5,"strong",2,25,1.2198692921334,1.83320062381724,-0.613331331683845,1.57698109738441,1.6846886982816,0.73,100
"Pooled CCW","RMST_diff",5,-0.5,"strong",2,25,0.941794146437524,1.34794250784726,-0.40614836140974,0.999041919563834,1.07380650070259,0.8,100
"Pooled CCW","RMST_diff",8,-0.5,"strong",2,25,0.833160280857009,1.03856783340449,-0.205407552547482,0.714256910395318,0.739765886852413,0.84,100
"CC-Gcomp","RMST_diff",2,-1,"small",0.4,25,3.85692362228242,3.79861853657404,0.0583050857083815,0.332995471750548,0.3364173113616,NA,100
"CC-Gcomp","RMST_diff",5,-1,"small",0.4,25,2.52291533959674,2.29737493833465,0.225540401262083,0.164469064717005,0.278653988160692,NA,100
"CC-Gcomp","RMST_diff",8,-1,"small",0.4,25,1.83816834062492,1.69602919128171,0.142139149343214,0.10173165812071,0.174497492066109,NA,100
"CC-Gcomp","RMST_diff",2,-0.7,"small",0.4,25,2.66758182092095,2.63492614076516,0.0326556801557926,0.323517350243933,0.323547886094477,NA,100
"CC-Gcomp","RMST_diff",5,-0.7,"small",0.4,25,1.82358895899355,1.61557277851707,0.208016180476481,0.141283660511455,0.251062130438394,NA,100
"CC-Gcomp","RMST_diff",8,-0.7,"small",0.4,25,1.32127944522795,1.20128404026569,0.119995404962258,0.0917926774029273,0.150799648144836,NA,100
"CC-Gcomp","RMST_diff",2,-0.5,"small",0.4,25,1.91211655653279,1.85122454220699,0.0608920143257967,0.34387071532315,0.347523287819592,NA,100
"CC-Gcomp","RMST_diff",5,-0.5,"small",0.4,25,1.2528599642141,1.14714745904953,0.105712505164575,0.141418927436307,0.175995606919699,NA,100
"CC-Gcomp","RMST_diff",8,-0.5,"small",0.4,25,0.964729156420947,0.858500773417477,0.10622838300347,0.0868523959295571,0.136939310088263,NA,100
"CC-Gcomp","RMST_diff",2,-1,"medium",1,25,3.92733014724796,3.80085387894506,0.126476268302894,0.298933351373468,0.323208575878743,NA,100
"CC-Gcomp","RMST_diff",5,-1,"medium",1,25,2.67915024313189,2.42954199126714,0.249608251864758,0.151183477617238,0.291431224930305,NA,100
"CC-Gcomp","RMST_diff",8,-1,"medium",1,25,2.01266164569381,1.91150841078624,0.101153234907578,0.110497180794792,0.149397147316234,NA,100
"CC-Gcomp","RMST_diff",2,-0.7,"medium",1,25,2.72111714285067,2.61874108299344,0.102376059857234,0.286896486506359,0.303261200389843,NA,100
"CC-Gcomp","RMST_diff",5,-0.7,"medium",1,25,1.84795203845491,1.69836049771415,0.149591540740756,0.155028527693461,0.214874696081245,NA,100
"CC-Gcomp","RMST_diff",8,-0.7,"medium",1,25,1.41627304325394,1.34562023897707,0.0706528042768679,0.104832465168108,0.125983197482346,NA,100
"CC-Gcomp","RMST_diff",2,-0.5,"medium",1,25,1.93734688894512,1.84038146532659,0.0969654236185378,0.242785913906697,0.260303367955771,NA,100
"CC-Gcomp","RMST_diff",5,-0.5,"medium",1,25,1.34890575368133,1.20547707966547,0.143428674015865,0.136622969112659,0.197613162168455,NA,100
"CC-Gcomp","RMST_diff",8,-0.5,"medium",1,25,1.01006130568322,0.961489413733808,0.0485718919494125,0.106499631285454,0.116567484475062,NA,100
"CC-Gcomp","RMST_diff",2,-1,"strong",2,25,3.96398249968279,3.81340268711301,0.150579812569786,0.200786868400966,0.250172925814517,NA,100
"CC-Gcomp","RMST_diff",5,-1,"strong",2,25,2.87312910000312,2.68750354122519,0.185625558777923,0.145253836497822,0.235254199364812,NA,100
"CC-Gcomp","RMST_diff",8,-1,"strong",2,25,2.29698005594643,2.15938097189966,0.137599084046768,0.105260979104905,0.172923633189369,NA,100
"CC-Gcomp","RMST_diff",2,-0.7,"strong",2,25,2.81337213630236,2.63829403421436,0.175078102088006,0.226005126366644,0.284991010039441,NA,100
"CC-Gcomp","RMST_diff",5,-0.7,"strong",2,25,2.01874534259396,1.89353651644522,0.125208826148739,0.157489165629525,0.200579308661991,NA,100
"CC-Gcomp","RMST_diff",8,-0.7,"strong",2,25,1.63134304964908,1.49856180557954,0.132781244069533,0.126714988665004,0.183103741757237,NA,100
"CC-Gcomp","RMST_diff",2,-0.5,"strong",2,25,1.95820212945788,1.83320062381724,0.125001505640633,0.27167038729928,0.297812235736567,NA,100
"CC-Gcomp","RMST_diff",5,-0.5,"strong",2,25,1.36322495986659,1.34794250784726,0.0152824520193223,0.172430286276027,0.172245275490224,NA,100
"CC-Gcomp","RMST_diff",8,-0.5,"strong",2,25,1.1744070222369,1.03856783340449,0.135839188832412,0.122405304903587,0.182443178289851,NA,100
"G-comp (no cloning)","RMST_diff",2,-1,"small",0.4,25,3.85692362228242,3.79861853657404,0.0583050857083815,0.332995471750548,0.3364173113616,NA,100
"G-comp (no cloning)","RMST_diff",5,-1,"small",0.4,25,2.52291533959674,2.29737493833465,0.225540401262083,0.164469064717005,0.278653988160692,NA,100
"G-comp (no cloning)","RMST_diff",8,-1,"small",0.4,25,1.83816834062492,1.69602919128171,0.142139149343214,0.10173165812071,0.174497492066109,NA,100
"G-comp (no cloning)","RMST_diff",2,-0.7,"small",0.4,25,2.66758182092095,2.63492614076516,0.0326556801557926,0.323517350243933,0.323547886094477,NA,100
"G-comp (no cloning)","RMST_diff",5,-0.7,"small",0.4,25,1.82358895899355,1.61557277851707,0.208016180476481,0.141283660511455,0.251062130438394,NA,100
"G-comp (no cloning)","RMST_diff",8,-0.7,"small",0.4,25,1.32127944522795,1.20128404026569,0.119995404962258,0.0917926774029273,0.150799648144836,NA,100
"G-comp (no cloning)","RMST_diff",2,-0.5,"small",0.4,25,1.91211655653279,1.85122454220699,0.0608920143257967,0.34387071532315,0.347523287819592,NA,100
"G-comp (no cloning)","RMST_diff",5,-0.5,"small",0.4,25,1.2528599642141,1.14714745904953,0.105712505164575,0.141418927436307,0.175995606919699,NA,100
"G-comp (no cloning)","RMST_diff",8,-0.5,"small",0.4,25,0.964729156420947,0.858500773417477,0.10622838300347,0.0868523959295571,0.136939310088263,NA,100
"G-comp (no cloning)","RMST_diff",2,-1,"medium",1,25,3.92733014724796,3.80085387894506,0.126476268302894,0.298933351373468,0.323208575878743,NA,100
"G-comp (no cloning)","RMST_diff",5,-1,"medium",1,25,2.67915024313189,2.42954199126714,0.249608251864758,0.151183477617238,0.291431224930305,NA,100
"G-comp (no cloning)","RMST_diff",8,-1,"medium",1,25,2.01266164569381,1.91150841078624,0.101153234907578,0.110497180794792,0.149397147316234,NA,100
"G-comp (no cloning)","RMST_diff",2,-0.7,"medium",1,25,2.72111714285067,2.61874108299344,0.102376059857234,0.286896486506359,0.303261200389843,NA,100
"G-comp (no cloning)","RMST_diff",5,-0.7,"medium",1,25,1.84795203845491,1.69836049771415,0.149591540740756,0.155028527693461,0.214874696081245,NA,100
"G-comp (no cloning)","RMST_diff",8,-0.7,"medium",1,25,1.41627304325394,1.34562023897707,0.0706528042768679,0.104832465168108,0.125983197482346,NA,100
"G-comp (no cloning)","RMST_diff",2,-0.5,"medium",1,25,1.93734688894512,1.84038146532659,0.0969654236185378,0.242785913906697,0.260303367955771,NA,100
"G-comp (no cloning)","RMST_diff",5,-0.5,"medium",1,25,1.34890575368133,1.20547707966547,0.143428674015865,0.136622969112659,0.197613162168455,NA,100
"G-comp (no cloning)","RMST_diff",8,-0.5,"medium",1,25,1.01006130568322,0.961489413733808,0.0485718919494125,0.106499631285454,0.116567484475062,NA,100
"G-comp (no cloning)","RMST_diff",2,-1,"strong",2,25,3.96398249968279,3.81340268711301,0.150579812569786,0.200786868400966,0.250172925814517,NA,100
"G-comp (no cloning)","RMST_diff",5,-1,"strong",2,25,2.87312910000312,2.68750354122519,0.185625558777923,0.145253836497822,0.235254199364812,NA,100
"G-comp (no cloning)","RMST_diff",8,-1,"strong",2,25,2.29698005594643,2.15938097189966,0.137599084046768,0.105260979104905,0.172923633189369,NA,100
"G-comp (no cloning)","RMST_diff",2,-0.7,"strong",2,25,2.81337213630236,2.63829403421436,0.175078102088006,0.226005126366644,0.284991010039441,NA,100
"G-comp (no cloning)","RMST_diff",5,-0.7,"strong",2,25,2.01874534259396,1.89353651644522,0.125208826148739,0.157489165629525,0.200579308661991,NA,100
"G-comp (no cloning)","RMST_diff",8,-0.7,"strong",2,25,1.63134304964908,1.49856180557954,0.132781244069533,0.126714988665004,0.183103741757237,NA,100
"G-comp (no cloning)","RMST_diff",2,-0.5,"strong",2,25,1.95820212945788,1.83320062381724,0.125001505640633,0.27167038729928,0.297812235736567,NA,100
"G-comp (no cloning)","RMST_diff",5,-0.5,"strong",2,25,1.36322495986659,1.34794250784726,0.0152824520193223,0.172430286276027,0.172245275490224,NA,100
"G-comp (no cloning)","RMST_diff",8,-0.5,"strong",2,25,1.1744070222369,1.03856783340449,0.135839188832412,0.122405304903587,0.182443178289851,NA,100
"IPTW (no cloning)","RMST_diff",2,-1,"small",0.4,25,3.93271128011738,3.79861853657404,0.134092743543334,0.612429725463871,0.623939364695331,NA,100
"IPTW (no cloning)","RMST_diff",5,-1,"small",0.4,25,2.07711139332504,2.29737493833465,-0.220263545009614,0.436039044065817,0.4865642575555,NA,100
"IPTW (no cloning)","RMST_diff",8,-1,"small",0.4,25,0.973426270945273,1.69602919128171,-0.722602920336435,0.319621713352124,0.789488087135221,NA,100
"IPTW (no cloning)","RMST_diff",2,-0.7,"small",0.4,25,2.54875312494274,2.63492614076516,-0.0861730158224196,0.646760687660937,0.649262798786857,NA,100
"IPTW (no cloning)","RMST_diff",5,-0.7,"small",0.4,25,1.25485764074575,1.61557277851707,-0.360715137771314,0.374325305147371,0.518491707118169,NA,100
"IPTW (no cloning)","RMST_diff",8,-0.7,"small",0.4,25,0.284878465176079,1.20128404026569,-0.916405575089611,0.306145395344198,0.965705405967509,NA,100
"IPTW (no cloning)","RMST_diff",2,-0.5,"small",0.4,25,1.77171942563543,1.85122454220699,-0.0795051165715607,0.700461541895412,0.701470577799818,NA,100
"IPTW (no cloning)","RMST_diff",5,-0.5,"small",0.4,25,0.483971895995544,1.14714745904953,-0.663175563053986,0.393698472823881,0.770227453458255,NA,100
"IPTW (no cloning)","RMST_diff",8,-0.5,"small",0.4,25,-0.286997520131533,0.858500773417477,-1.14549829354901,0.339246057837284,1.19419569141923,NA,100
"IPTW (no cloning)","RMST_diff",2,-1,"medium",1,25,3.42150227322797,3.80085387894506,-0.379351605717088,0.710777206152628,0.802533385709534,NA,100
"IPTW (no cloning)","RMST_diff",5,-1,"medium",1,25,0.84041240170801,2.42954199126714,-1.58912958955913,0.488919228493197,1.66192191281144,NA,100
"IPTW (no cloning)","RMST_diff",8,-1,"medium",1,25,-0.639228140249037,1.91150841078624,-2.55073655103527,0.440611493557752,2.58813717877549,NA,100
"IPTW (no cloning)","RMST_diff",2,-0.7,"medium",1,25,1.94908582043825,2.61874108299344,-0.66965526255519,0.85182736451504,1.08018143430404,NA,100
"IPTW (no cloning)","RMST_diff",5,-0.7,"medium",1,25,-0.179325605450811,1.69836049771415,-1.87768610316496,0.656563546534021,1.98808199925199,NA,100
"IPTW (no cloning)","RMST_diff",8,-0.7,"medium",1,25,-1.32448021114051,1.34562023897707,-2.67010045011759,0.595300426388206,2.73500917464632,NA,100
"IPTW (no cloning)","RMST_diff",2,-0.5,"medium",1,25,1.45900318702652,1.84038146532659,-0.381378278300068,0.903160594068395,0.976212814528841,NA,100
"IPTW (no cloning)","RMST_diff",5,-0.5,"medium",1,25,-0.54859776912773,1.20547707966547,-1.7540748487932,0.618157813190821,1.85878359858205,NA,100
"IPTW (no cloning)","RMST_diff",8,-0.5,"medium",1,25,-1.62712922246832,0.961489413733808,-2.58861863620213,0.531870478106648,2.64215892540921,NA,100
"IPTW (no cloning)","RMST_diff",2,-1,"strong",2,25,2.48856589442162,3.81340268711301,-1.32483679269138,0.999744642339962,1.65670968599129,NA,100
"IPTW (no cloning)","RMST_diff",5,-1,"strong",2,25,0.353859909644212,2.68750354122519,-2.33364363158098,1.85929727597644,2.97797063384906,NA,100
"IPTW (no cloning)","RMST_diff",8,-1,"strong",2,25,-1.43325141869547,2.15938097189966,-3.59263239059513,1.31604791146997,3.8238292035844,NA,100
"IPTW (no cloning)","RMST_diff",2,-0.7,"strong",2,25,1.57970062523388,2.63829403421436,-1.05859340898047,1.59970078244039,1.91156275673698,NA,100
"IPTW (no cloning)","RMST_diff",5,-0.7,"strong",2,25,-0.253696503074918,1.89353651644522,-2.14723301952014,2.42496792534494,3.22990315407131,NA,100
"IPTW (no cloning)","RMST_diff",8,-0.7,"strong",2,25,-2.21387522810738,1.49856180557954,-3.71243703368692,1.2605834691181,3.91859269443481,NA,100
"IPTW (no cloning)","RMST_diff",2,-0.5,"strong",2,25,0.678559546279183,1.83320062381724,-1.15464107753806,1.81973348387515,2.14744305413468,NA,100
"IPTW (no cloning)","RMST_diff",5,-0.5,"strong",2,25,-1.52580704160692,1.34794250784726,-2.87374954945418,1.48962627832969,3.23345528151969,NA,100
"IPTW (no cloning)","RMST_diff",8,-0.5,"strong",2,25,-2.69674885740744,1.03856783340449,-3.73531669081193,0.977372664273037,3.85983102379854,NA,100
"Per-protocol (no IPTW)","RMST_diff",2,-1,"small",0.4,25,1.60791299331022,3.79861853657404,-2.19070554326382,0.475017091616602,2.24111035030438,NA,100
"Per-protocol (no IPTW)","RMST_diff",5,-1,"small",0.4,25,0.0928648291782376,2.29737493833465,-2.20451010915642,0.425330630232519,2.24476321801135,NA,100
"Per-protocol (no IPTW)","RMST_diff",8,-1,"small",0.4,25,-0.675464665853347,1.69602919128171,-2.37149385713506,0.304870639515282,2.3908157102126,NA,100
"Per-protocol (no IPTW)","RMST_diff",2,-0.7,"small",0.4,25,0.150803534365046,2.63492614076516,-2.48412260640011,0.600342677631149,2.55493098554688,NA,100
"Per-protocol (no IPTW)","RMST_diff",5,-0.7,"small",0.4,25,-0.730940968227891,1.61557277851707,-2.34651374674496,0.345012983729517,2.37149117287322,NA,100
"Per-protocol (no IPTW)","RMST_diff",8,-0.7,"small",0.4,25,-1.44837777210986,1.20128404026569,-2.64966181237555,0.300807085741033,2.66651228644553,NA,100
"Per-protocol (no IPTW)","RMST_diff",2,-0.5,"small",0.4,25,-0.628226463671187,1.85122454220699,-2.47945100587818,0.565919761245856,2.54258526208212,NA,100
"Per-protocol (no IPTW)","RMST_diff",5,-0.5,"small",0.4,25,-1.47266976174572,1.14714745904953,-2.61981722079525,0.380002665572542,2.64696057317807,NA,100
"Per-protocol (no IPTW)","RMST_diff",8,-0.5,"small",0.4,25,-1.97563290814359,0.858500773417477,-2.83413368156107,0.344147969778673,2.85474467716653,NA,100
"Per-protocol (no IPTW)","RMST_diff",2,-1,"medium",1,25,-1.38103657965256,3.80085387894506,-5.18189045859762,0.389574664377463,5.19636791036188,NA,100
"Per-protocol (no IPTW)","RMST_diff",5,-1,"medium",1,25,-2.83633406576724,2.42954199126714,-5.26587605703437,0.284794339202329,5.27349479809482,NA,100
"Per-protocol (no IPTW)","RMST_diff",8,-1,"medium",1,25,-3.72879318774125,1.91150841078624,-5.64030159852749,0.30898524568722,5.64867411748842,NA,100
"Per-protocol (no IPTW)","RMST_diff",2,-0.7,"medium",1,25,-2.67026053637721,2.61874108299344,-5.28900161937065,0.338791854093296,5.29973303581429,NA,100
"Per-protocol (no IPTW)","RMST_diff",5,-0.7,"medium",1,25,-3.88801662287219,1.69836049771415,-5.58637712058634,0.351781689620133,5.5973317024267,NA,100
"Per-protocol (no IPTW)","RMST_diff",8,-0.7,"medium",1,25,-4.53299550027061,1.34562023897707,-5.87861573924768,0.307575257061541,5.88657621398887,NA,100
"Per-protocol (no IPTW)","RMST_diff",2,-0.5,"medium",1,25,-3.38802987803281,1.84038146532659,-5.22841134335939,0.33008915619052,5.23871686941501,NA,100
"Per-protocol (no IPTW)","RMST_diff",5,-0.5,"medium",1,25,-4.44366277242842,1.20547707966547,-5.64913985209389,0.346644724186657,5.65965917769558,NA,100
"Per-protocol (no IPTW)","RMST_diff",8,-0.5,"medium",1,25,-4.96106097772144,0.961489413733808,-5.92255039145525,0.289128053787716,5.92953305248389,NA,100
"Per-protocol (no IPTW)","RMST_diff",2,-1,"strong",2,25,-3.16893173466798,3.81340268711301,-6.98233442178099,0.325430149968601,6.98983831803506,NA,100
"Per-protocol (no IPTW)","RMST_diff",5,-1,"strong",2,25,-4.28497325421283,2.68750354122519,-6.97247679543803,0.32382901490034,6.97991756695623,NA,100
"Per-protocol (no IPTW)","RMST_diff",8,-1,"strong",2,25,-5.08256874443223,2.15938097189966,-7.24194971633189,0.305630723017122,7.24833165158321,NA,100
"Per-protocol (no IPTW)","RMST_diff",2,-0.7,"strong",2,25,-4.3236979115512,2.63829403421436,-6.96199194576555,0.284212439465777,6.96773283045095,NA,100
"Per-protocol (no IPTW)","RMST_diff",5,-0.7,"strong",2,25,-5.37608712383975,1.89353651644522,-7.26962364028497,0.278607665830493,7.27490713896302,NA,100
"Per-protocol (no IPTW)","RMST_diff",8,-0.7,"strong",2,25,-6.10340086676178,1.49856180557954,-7.60196267234132,0.282802978490046,7.60716860737733,NA,100
"Per-protocol (no IPTW)","RMST_diff",2,-0.5,"strong",2,25,-5.06099294592743,1.83320062381724,-6.89419356974468,0.302960175622434,6.90078053530482,NA,100
"Per-protocol (no IPTW)","RMST_diff",5,-0.5,"strong",2,25,-6.16142032080434,1.34794250784726,-7.5093628286516,0.308826706596111,7.51564703054197,NA,100
"Per-protocol (no IPTW)","RMST_diff",8,-0.5,"strong",2,25,-6.65977399981883,1.03856783340449,-7.69834183322332,0.279617305576111,7.70336750780839,NA,100
