"model","heterogeneity","tau","site","strategy","interval","replicates","mean_risk_n","mean_weight","mean_q95","mean_q99","median_max","max_across_reps","mean_ess","mean_ess_fraction","p10_ess_fraction","mean_design_effect","mean_prop_weight_gt_10"
"Federated: site-specific slopes","low",5,"1","Do not initiate by tau",5,10,494.8,0.838287982619459,1.13774529844429,1.72949508031343,2.93674976747327,5.50437891155286,465.267314534654,0.94052367687001,0.90410683339083,1.06377185612997,0
"Federated: site-specific slopes","low",5,"1","Initiate by tau",5,10,110,1.63637073651861,5.45322725117769,15.1208110291958,16.2277963881169,50.9857705718582,38.2097482855438,0.348454085068325,0.181796680240186,3.28895214514633,0.0152808508320087
"Federated: site-specific slopes","low",5,"2","Do not initiate by tau",5,10,488.2,0.86095989697536,1.20855557023156,1.89211325144502,3.97911363297212,10.9128932399112,435.189468037369,0.89197899312194,0.774109615720812,1.12742339959838,0.000196463654223969
"Federated: site-specific slopes","low",5,"2","Initiate by tau",5,10,125.6,1.60146699098241,5.59211866512665,18.0583832069753,14.3445887227846,57.3199728100542,42.1706629557248,0.329445621496058,0.10645109198307,4.15243261665672,0.0151851335942245
"Federated: site-specific slopes","low",5,"3","Do not initiate by tau",5,10,468.5,0.902900658782193,1.3786682132323,2.34444578867043,3.83712510687012,7.46474020723689,409.29722232434,0.874110799136807,0.813225198204011,1.14641549145171,0
"Federated: site-specific slopes","low",5,"3","Initiate by tau",5,10,156.3,1.32514233482138,4.61048433407281,11.3385383652541,10.9726179467735,44.9764141151335,48.4169939310346,0.30788346376912,0.131565953516576,3.88278928340702,0.0077329795188768
"Federated: site-specific slopes","low",5,"4","Do not initiate by tau",5,10,438.6,0.954795835223257,1.59830858499313,3.019779642496,6.22948637005993,11.9102730993511,349.131378234998,0.796349210325583,0.701066229549219,1.26350957219942,0.000441014869056996
"Federated: site-specific slopes","low",5,"4","Initiate by tau",5,10,187.4,0.986207415765314,2.8993514692509,7.85693576603862,12.6391767591117,17.4520890307808,68.6192069849225,0.364850290363478,0.264337578377514,2.90763651491993,0.00541169848157488
"Federated: site-specific slopes","low",5,"5","Do not initiate by tau",5,10,407.2,0.986448938813253,1.68623937300817,3.0389264266537,5.89840888047414,11.1790416159102,328.291045116362,0.806016182839516,0.725456328389074,1.24520906964612,0.000242130750605327
"Federated: site-specific slopes","low",5,"5","Initiate by tau",5,10,214.5,0.935592630327859,3.23208081644713,7.6064037850521,8.57336243541619,27.7262188770538,76.6612764295919,0.354148356485245,0.19983882918295,3.09217170959736,0.00252020091723084
"Federated: site-specific slopes","low",10,"1","Do not initiate by tau",10,10,320.8,0.736428129064658,1.08476570472959,1.71140679454558,2.76751703875935,4.29145779624202,295.232479824533,0.919776432263651,0.877738008815277,1.08798248625472,0
"Federated: site-specific slopes","low",10,"1","Initiate by tau",10,10,103.8,1.83233388476526,6.06052211951479,18.7861288944078,20.2744598466098,40.0968186353402,31.0573737834831,0.300839359731313,0.182817743379399,3.62853874211827,0.0230816129882747
"Federated: site-specific slopes","low",10,"2","Do not initiate by tau",10,10,292.2,0.766782933139434,1.1402239186245,1.90772280257657,2.61873712299094,5.9765111435615,260.272662767722,0.890290455463731,0.80286689320209,1.12745064683113,0
"Federated: site-specific slopes","low",10,"2","Initiate by tau",10,10,124.9,1.54724452878698,5.06919224287035,15.9626020513449,14.7051841008158,56.982848224353,42.8277321522266,0.339396326519339,0.167278054401082,3.56639288722543,0.0143533586134498
"Federated: site-specific slopes","low",10,"3","Do not initiate by tau",10,10,266.8,0.792193495455133,1.33048006505568,1.86449332616322,2.87118028758063,4.76070204791265,237.580210945526,0.889092354254243,0.826814970564942,1.12716262204489,0
"Federated: site-specific slopes","low",10,"3","Initiate by tau",10,10,133.8,1.45487480127539,4.7860710016996,13.8872794197734,15.4151682548309,62.1834615687793,40.7273187444202,0.302230794699385,0.13849042642409,3.95914589856323,0.0146477565501782
"Federated: site-specific slopes","low",10,"4","Do not initiate by tau",10,10,242.8,0.85245450042777,1.49311913975246,2.83911983453284,4.69230616423963,13.4682185312741,182.93558199705,0.749969485500524,0.499693360383361,1.39652372477734,0.000849904363203291
"Federated: site-specific slopes","low",10,"4","Initiate by tau",10,10,151.2,1.22444142949398,4.08581351759164,8.81105946007783,10.3596983437013,22.5185172254604,57.8837340157172,0.382205473525478,0.268378261562662,2.73338403746427,0.00537700807173805
"Federated: site-specific slopes","low",10,"5","Do not initiate by tau",10,10,220,0.903036472476007,1.72252806081419,3.38320647340062,4.23767024345568,13.4306651283266,163.392467442965,0.736784103245755,0.483803504384781,1.41736968777738,0.000986523172387047
"Federated: site-specific slopes","low",10,"5","Initiate by tau",10,10,167.1,1.08410123613033,3.53639930683167,9.64255912008765,11.8007612765757,27.573236019017,56.3081334906461,0.338912896532656,0.204239434947178,3.2161201004904,0.00769347611675756
"Federated: site-specific slopes","low",15,"1","Do not initiate by tau",15,10,222.4,0.670427933183753,1.02746859449439,1.68254771425109,2.07328914193156,3.62008095005393,202.251324554004,0.909707867243803,0.84941324056535,1.10077076493388,0
"Federated: site-specific slopes","low",15,"1","Initiate by tau",15,10,88.6,2.19477738565447,8.44788188496456,31.9103136643717,24.2582109106996,139.9614694345,23.0655160352744,0.258356602628697,0.0900410605166095,5.7928305463795,0.0326302959351246
"Federated: site-specific slopes","low",15,"2","Do not initiate by tau",15,10,202.3,0.709705692634754,1.15462140119062,1.90789814319882,2.31926013640438,3.10768386269124,180.992080283703,0.894380079888468,0.845592669207387,1.11950972658201,0
"Federated: site-specific slopes","low",15,"2","Initiate by tau",15,10,107.1,1.53176576910867,5.33384920033976,12.1637216225156,12.999663947407,19.3575139095373,38.4862035489147,0.359932619416472,0.299116584037485,2.82036784008486,0.0160133077730502
"Federated: site-specific slopes","low",15,"3","Do not initiate by tau",15,10,184,0.744407817851987,1.2760832670699,2.27441907445527,3.60909526582847,5.40762456433882,153.518832231307,0.833694620866838,0.766447150185944,1.20360179749837,0
"Federated: site-specific slopes","low",15,"3","Initiate by tau",15,10,118.1,1.41957689688678,4.74305020714802,11.367301527084,12.7215899658087,33.9444467689469,43.4601049762409,0.366873226003837,0.215400606662321,2.94195342254178,0.00836324226088796
"Federated: site-specific slopes","low",15,"4","Do not initiate by tau",15,10,165.2,0.793866669411498,1.39146738509945,2.9144348302088,4.30529559237434,14.6223723099777,122.052320501089,0.739556381680112,0.477300391168412,1.43736743782667,0.000636942675159236
"Federated: site-specific slopes","low",15,"4","Initiate by tau",15,10,121.5,1.26654132352064,3.84901528911334,11.5566114428927,10.9811816547145,40.1443673631426,42.3786216397271,0.348273526855506,0.163554474410197,3.37002706817648,0.00755550553504299
"Federated: site-specific slopes","low",15,"5","Do not initiate by tau",15,10,141.8,0.874075866903322,1.67130964856644,4.86538161783664,6.3255408147151,34.1380535590422,84.1908033340235,0.59102856402798,0.19881394492633,2.35955426703399,0.00144186046511628
"Federated: site-specific slopes","low",15,"5","Initiate by tau",15,10,127.5,1.06813804905851,3.27766051946465,9.90006479893951,13.4750313434055,18.4170885597026,42.6922825615667,0.334852090646541,0.239248337945766,3.14687387835659,0.00772789116435434
"Federated: site-specific slopes","moderate",5,"1","Do not initiate by tau",5,10,427.9,0.692641459677744,0.80496373327311,0.986236395187675,1.31526272752496,1.74087165970788,423.792046069164,0.99035595397808,0.983998880004308,1.00975386760729,0
"Federated: site-specific slopes","moderate",5,"1","Initiate by tau",5,10,34.9,4.5951169164225,19.6032250398844,29.1778410139544,24.5170222831692,68.0677417094815,13.360405313269,0.383663998321735,0.236807089989502,2.78086903724531,0.101107944129744
"Federated: site-specific slopes","moderate",5,"2","Do not initiate by tau",5,10,473.3,0.735645589045149,0.933622986114066,1.32882958154302,2.0921719329395,3.81325126898104,456.068666906313,0.963540870246822,0.932354634714371,1.03823946756214,0
"Federated: site-specific slopes","moderate",5,"2","Initiate by tau",5,10,78.9,2.82700970712249,9.07799539643366,39.1816032024091,23.859991764784,161.327959518245,25.6266386099819,0.323159530619935,0.060819689194283,5.41546733719985,0.0386292335626418
"Federated: site-specific slopes","moderate",5,"3","Do not initiate by tau",5,10,468.7,0.811945674362783,1.22249342131022,1.93366950796872,3.82308997089408,10.0490327427222,417.30808149075,0.889299084306041,0.775662530939179,1.13039104837691,0.000222222222222222
"Federated: site-specific slopes","moderate",5,"3","Initiate by tau",5,10,152.6,1.59160799810365,5.55022739880278,13.9740743761515,19.31817735203,55.6162989002404,44.9193269105835,0.294012039190041,0.165196083751861,3.80534273067881,0.0157775236568664
"Federated: site-specific slopes","moderate",5,"4","Do not initiate by tau",5,10,393.7,0.950628223955851,1.67888549855339,3.27252046840053,7.72995967585366,15.3427095779394,284.544535991103,0.721748202766415,0.565526564583831,1.41327477795386,0.000501901811128744
"Federated: site-specific slopes","moderate",5,"4","Initiate by tau",5,10,255.7,0.961285139526105,3.07395559312069,6.75541094998054,8.4423306464007,25.5377145926316,104.329825775864,0.408180477112719,0.259258464454514,2.62290561190706,0.00307212984683033
"Federated: site-specific slopes","moderate",5,"5","Do not initiate by tau",5,10,302.1,1.25901972593262,2.4910752446574,6.85517542646513,14.5503704058854,122.381392619634,133.214946552351,0.436722779260627,0.076089680320265,5.01451330890075,0.00527502516755694
"Federated: site-specific slopes","moderate",5,"5","Initiate by tau",5,10,347.4,0.703126681880935,1.94296827072456,4.59828185933058,7.89648030629302,12.7741175357089,144.637386803257,0.415111685151192,0.351198728601928,2.44389291684421,0.000921690250048459
"Federated: site-specific slopes","moderate",10,"1","Do not initiate by tau",10,10,324.1,0.59868760901422,0.719748537708679,0.969508324457509,1.23817361667711,2.21319926911379,317.899921364391,0.980938448207968,0.96147585780094,1.01954772223816,0
"Federated: site-specific slopes","moderate",10,"1","Initiate by tau",10,10,43.4,4.17353680313271,18.8371397470537,35.8106625305049,33.4660248475987,58.1653312693051,12.7851194990231,0.293462699497989,0.186631033280702,3.6401513216375,0.0994627684053473
"Federated: site-specific slopes","moderate",10,"2","Do not initiate by tau",10,10,317.5,0.648826074898439,0.879700930173545,1.34275149486411,2.16732884207992,6.40792848250243,294.809389820973,0.92574205323208,0.781045728024349,1.08922420993053,0
"Federated: site-specific slopes","moderate",10,"2","Initiate by tau",10,10,85.3,2.79229579551921,10.1442801177155,39.1477239963333,29.3905904862644,101.497850586429,21.4216543356574,0.257923452967883,0.0901435949403567,5.52764274243953,0.0495550739512777
"Federated: site-specific slopes","moderate",10,"3","Do not initiate by tau",10,10,271.9,0.72476199240917,1.15001638478787,1.96675596349441,2.74029416705348,9.26480902844402,226.471985926589,0.832782000857327,0.659944457268308,1.21804821876788,0
"Federated: site-specific slopes","moderate",10,"3","Initiate by tau",10,10,134.3,1.60588095169855,5.66340253157624,15.4266580870041,18.8029431192088,47.4712305520228,39.3462440575017,0.290420808376448,0.171429556423927,3.79715115347378,0.0158328179973716
"Federated: site-specific slopes","moderate",10,"4","Do not initiate by tau",10,10,199.5,0.862058012974656,1.69608791261462,3.50625076091147,4.85430938802859,9.78449994937535,143.336808524418,0.719881802760342,0.574874729903594,1.41056963573321,0
"Federated: site-specific slopes","moderate",10,"4","Initiate by tau",10,10,181.6,1.18498423970944,3.82243280866423,10.0803222069143,16.896029875947,56.6225341384348,50.8059882010363,0.279572616230012,0.119779978028606,4.28038411685902,0.00899270773471982
"Federated: site-specific slopes","moderate",10,"5","Do not initiate by tau",10,10,137.8,1.20115939234678,2.25235434935738,14.4726143750942,9.98481612003894,208.42178206754,67.4576591443199,0.488133018426754,0.146668276751701,6.47831768466599,0.00434842264711929
"Federated: site-specific slopes","moderate",10,"5","Initiate by tau",10,10,203.3,0.84008132371323,2.5877558657391,6.15205668520943,8.32464362397109,27.5212893741669,76.5203533754993,0.377248699016827,0.194137250603287,2.93338043596056,0.00141136281912981
"Federated: site-specific slopes","moderate",15,"1","Do not initiate by tau",15,10,260,0.540093366142713,0.661627176928814,0.853226442405557,0.974766408564862,1.24515061354255,255.586414242804,0.982928184652036,0.967594242119124,1.01745041136508,0
"Federated: site-specific slopes","moderate",15,"1","Initiate by tau",15,10,41.8,4.63843145312445,21.0154145056847,43.2516168198477,26.0212539076873,120.404510668201,12.137205045542,0.295859388247294,0.132743626061145,4.06723378121407,0.118807810546941
"Federated: site-specific slopes","moderate",15,"2","Do not initiate by tau",15,10,231.9,0.604795059897096,0.88377325630746,1.41078406241174,2.23648374084989,4.1126829195958,210.917059586769,0.90929446626686,0.832773007718252,1.10272880264236,0
"Federated: site-specific slopes","moderate",15,"2","Initiate by tau",15,10,80.2,2.51635873470994,9.15330450875124,35.2546524717372,27.1473225374018,149.544225412902,20.5325002924177,0.25657687595381,0.100313950318007,5.18694519665968,0.0393605497691302
"Federated: site-specific slopes","moderate",15,"3","Do not initiate by tau",15,10,184.2,0.675191009390489,1.1450443518398,1.95461227091043,2.70642445645048,4.35161357308751,157.058327961826,0.853262338193099,0.790752249128086,1.17529670618848,0
"Federated: site-specific slopes","moderate",15,"3","Initiate by tau",15,10,115.3,1.56948405000338,5.59791148555176,14.819568311569,14.8129789588798,35.4821629538664,36.5810876502242,0.318760808031827,0.189737914749252,3.37445262275438,0.0163937350421067
"Federated: site-specific slopes","moderate",15,"4","Do not initiate by tau",15,10,126.3,0.804769316101364,1.66452614138448,3.43775607954509,3.26739908936595,10.6495924821767,89.8805186966088,0.715278604704032,0.459976443660763,1.46739141351619,0.000746268656716418
"Federated: site-specific slopes","moderate",15,"4","Initiate by tau",15,10,141.7,1.2113468596519,3.77655240380077,12.0683506208003,9.89282607140522,33.852746062025,44.9303347769492,0.314322061813224,0.144643049256673,3.79388826102438,0.00805755175931264
"Federated: site-specific slopes","moderate",15,"5","Do not initiate by tau",15,10,82.5,0.990404678928963,2.40374961913243,6.16417179873083,5.24350066774867,13.0930503355586,49.979873465845,0.595958325954499,0.35371634720498,1.81083353698324,0.00251582278481013
"Federated: site-specific slopes","moderate",15,"5","Initiate by tau",15,10,151.1,0.931602429986994,2.82626945514224,7.35305901927453,9.60995249878013,34.7064293672944,55.2933626561586,0.364451877144473,0.189702515520522,3.21116017384207,0.00340350892689293
"Federated: site-specific slopes","high",5,"1","Do not initiate by tau",5,10,344.1,0.486146829085122,0.505411532451576,0.536091297147392,0.573918199445712,0.672397423282667,343.881723093127,0.99936953695973,0.998626377528448,1.00063104650243,0
"Federated: site-specific slopes","high",5,"1","Initiate by tau",5,10,5.9,21.0069020127392,70.8347896656615,70.8347896656615,57.0472628186871,170.543700235692,2.59620178976472,0.510512057895542,0.249922006166584,2.32370167604904,0.463253968253968
"Federated: site-specific slopes","high",5,"2","Do not initiate by tau",5,10,423,0.513999773237049,0.594056806674769,0.711486937006037,0.971043482652783,1.31753520346861,419.231484784553,0.991059211532058,0.98775946041181,1.00902690335278,0
"Federated: site-specific slopes","high",5,"2","Initiate by tau",5,10,35.5,6.74125864739637,29.3185391530986,58.4705787053582,41.2135340773542,147.735007639199,10.5397559480266,0.297119481213971,0.127864456795413,3.97416700584921,0.177344463558912
"Federated: site-specific slopes","high",5,"3","Do not initiate by tau",5,10,374.4,0.605433129619989,0.912134948907374,1.5986525483495,2.67245131946858,4.78528348590777,331.344813474038,0.884221919178759,0.801802485970225,1.13523531564212,0
"Federated: site-specific slopes","high",5,"3","Initiate by tau",5,10,119,2.31134515706912,8.93948850791195,26.4271070604354,20.4492553093185,69.398803132777,33.2139523767873,0.279135642213774,0.139216084804559,4.2734692212299,0.0380974774208934
"Federated: site-specific slopes","high",5,"4","Do not initiate by tau",5,10,262.4,0.873419794672288,1.86569625335557,4.74767987819025,7.02422198968903,21.1286006737175,156.632871610365,0.595105098374763,0.371701997406943,1.80485809237148,8e-04
"Federated: site-specific slopes","high",5,"4","Initiate by tau",5,10,305.9,1.11345901683167,3.34050202504998,9.68697767592173,20.6250543496275,50.2090878572555,80.7852270491083,0.2624684812564,0.149101092302824,4.18995637639442,0.00887895886264258
"Federated: site-specific slopes","high",5,"5","Do not initiate by tau",5,10,152.2,1.44044818901456,3.72483898416036,15.6369994394667,25.7597032506354,46.5473278278113,45.4515174277758,0.297046992052209,0.136815418445682,4.43954540837637,0.0112126697873584
"Federated: site-specific slopes","high",5,"5","Initiate by tau",5,10,507.6,0.705958578084008,1.78678680850833,4.04979365747519,8.83177025944651,24.6108744275467,228.599735750077,0.449391577369209,0.275567796932632,2.3749535781085,0.000604439606109741
"Federated: site-specific slopes","high",10,"1","Do not initiate by tau",10,10,306.1,0.419427962942521,0.441397551394606,0.469387529565328,0.496610199966861,0.626964471105652,305.821998782921,0.999093401108874,0.998078981118986,1.00090774459043,0
"Federated: site-specific slopes","high",10,"1","Initiate by tau",10,10,8.9,30.8334400861488,170.51131090526,170.51131090526,49.7386226799213,716.335267200589,3.07777587196131,0.333138935239695,0.175048370172839,3.43566969290631,0.292435064935065
"Federated: site-specific slopes","high",10,"2","Do not initiate by tau",10,10,317.7,0.450435593122476,0.540356517535996,0.695507339188567,0.799334582566073,1.96804787947131,312.226995328311,0.982587274097136,0.96173877954517,1.01785243678658,0
"Federated: site-specific slopes","high",10,"2","Initiate by tau",10,10,40.2,6.20073868422824,29.7844091236797,78.245762899717,49.9229250549097,298.421091631221,9.70665547044518,0.24163130290374,0.0959519654442343,5.45623296999955,0.140938337372422
"Federated: site-specific slopes","high",10,"3","Do not initiate by tau",10,10,218.2,0.547702021405027,0.854751753274566,1.5193067256441,1.86814887184288,9.641116044544,183.058461417572,0.838499312223751,0.563722929376423,1.25095888933581,0
"Federated: site-specific slopes","high",10,"3","Initiate by tau",10,10,107.6,2.11545583955559,8.8116043055845,24.4658686783541,26.4138128477579,57.082369754601,24.4460613954593,0.229049506579969,0.14901901553931,4.63815025485157,0.0350275306165339
"Federated: site-specific slopes","high",10,"4","Do not initiate by tau",10,10,124,0.7886216188569,1.72649500700851,4.74033265383241,4.84845731022861,17.5931081202907,70.4388663852207,0.573593533312399,0.288396120903787,1.98200515786567,0.000719424460431655
"Federated: site-specific slopes","high",10,"4","Initiate by tau",10,10,190.3,1.12577805597634,3.83502488113101,8.63312211602566,14.7530013816817,52.9823757212349,58.8209668608319,0.308706231000342,0.138361103562463,3.85365119207771,0.00596388299311255
"Federated: site-specific slopes","high",10,"5","Do not initiate by tau",10,10,52.6,1.49240601500432,4.73359429084439,17.6350166841033,8.9844656145479,56.8616664001685,19.3822818631635,0.368114537141931,0.0921953921284713,4.11743228368674,0.0115804833561332
"Federated: site-specific slopes","high",10,"5","Initiate by tau",10,10,239,0.790574973877797,2.34582964071547,5.25328878183178,7.7221160938152,22.1322404253234,95.0953927406294,0.392921734771691,0.228090785928799,2.76798163241341,0.00221643625192012
"Federated: site-specific slopes","high",15,"1","Do not initiate by tau",15,10,279.3,0.387099333493474,0.412959558286489,0.456905328225087,0.509182206232987,0.751931717811093,278.731191019983,0.997955675353666,0.994562809860666,1.00205174937616,0
"Federated: site-specific slopes","high",15,"1","Initiate by tau",15,10,9.8,20.2153376321124,162.897813640377,163.752277637113,43.2484524789956,1012.12964602069,2.76553195566861,0.29951340257974,0.113596424289447,4.28979690318967,0.223815351315351
"Federated: site-specific slopes","high",15,"2","Do not initiate by tau",15,10,247.4,0.422818228942112,0.534544325884712,0.692041886254128,0.91532023670691,1.44662701057498,242.12244294507,0.978484590106854,0.962277105716314,1.02208797041198,0
"Federated: site-specific slopes","high",15,"2","Initiate by tau",15,10,44.5,5.15569001483823,28.0324575309208,70.6957542534979,66.9379309488366,134.249634276418,7.70768838504613,0.175235066144256,0.0944870651741766,6.65349716562175,0.114202219078141
"Federated: site-specific slopes","high",15,"3","Do not initiate by tau",15,10,152.5,0.516832352177667,0.847135098339799,1.392590524774,1.47600251631872,5.45421158310696,133.385901525441,0.875089005049488,0.690192527650616,1.16030102390636,0
"Federated: site-specific slopes","high",15,"3","Initiate by tau",15,10,90.6,2.20737844608043,8.86519319876788,32.5380380507128,32.8341740737987,77.1804170589905,18.0046645200678,0.199723561397263,0.0940594300475387,5.83579929389173,0.0361232045849597
"Federated: site-specific slopes","high",15,"4","Do not initiate by tau",15,10,68.7,0.896285352213228,1.83373828906877,10.8364291247877,4.02815526968087,43.094350724943,34.6785030193473,0.510356282514155,0.0817398688767697,4.02125353645302,0.00559691615379525
"Federated: site-specific slopes","high",15,"4","Initiate by tau",15,10,135.4,1.05716261870839,3.88681312467465,10.1337008932049,14.3932112487651,29.3155241433764,39.3726687851491,0.290706229586835,0.152836578425972,3.87727336186198,0.00650606676018839
"Federated: site-specific slopes","high",15,"5","Do not initiate by tau",15,10,31,1.24349336417671,3.79560080765794,6.97320420499034,5.63330172095878,14.9820734956108,15.0915455291259,0.487965063768756,0.276911745886378,2.24427568919448,0.0032258064516129
"Federated: site-specific slopes","high",15,"5","Initiate by tau",15,10,150.3,0.847837829363425,2.71496765561026,7.24531435395624,8.74572802972395,20.5633185646615,52.722202541458,0.351114786020012,0.193505557907101,3.14606918436625,0.00265105561796135
"Federated: site-specific slopes","high",15,"Overall","Do not initiate by tau",15,1,789,0.564306968392635,0.813061787876147,2.25375178518827,43.094350724943,43.094350724943,84.0456431450003,0.106521727686946,0.106521727686946,9.38775611055498,0.00253485424588086
"Federated: site-specific slopes","high",15,"Overall","Initiate by tau",15,1,421,1.70484547234933,5.02456383814377,20.3056848761663,95.2034752592239,95.2034752592239,35.483437365189,0.0842836992047244,0.0842836992047244,11.8646904376018,0.0261282660332542
"Pooled site FE: shared slopes","high",15,"1","Do not initiate by tau",15,1,281,0.394770516809304,0.410801809956898,0.432453656529965,0.478705172666076,0.478705172666076,280.815531176723,0.999343527319298,0.999343527319298,1.00065690392018,0
"Pooled site FE: shared slopes","high",15,"1","Initiate by tau",15,1,7,12.136551623772,52.7353801729292,52.7353801729292,52.7353801729292,52.7353801729292,2.34861293411797,0.335516133445425,0.335516133445425,2.98048260669605,0.285714285714286
"Pooled site FE: shared slopes","high",15,"2","Do not initiate by tau",15,1,253,0.434308518296769,0.572455346766104,0.787393384159855,0.826074313533698,0.826074313533698,247.414677395038,0.977923626067345,0.977923626067345,1.02257474238702,0
"Pooled site FE: shared slopes","high",15,"2","Initiate by tau",15,1,48,4.85741504897644,19.4928528009093,93.2852485519872,93.2852485519872,93.2852485519872,5.33629955082785,0.111172907308914,0.111172907308914,8.99499729031394,0.0833333333333333
"Pooled site FE: shared slopes","high",15,"3","Do not initiate by tau",15,1,151,0.542008064334242,0.897908127420738,2.13682005136042,3.05003404656116,3.05003404656116,119.185785239625,0.789309836024008,0.789309836024008,1.26692960655007,0
"Pooled site FE: shared slopes","high",15,"3","Initiate by tau",15,1,91,2.44507637700616,11.2329365455016,30.9378430248918,34.0320028445494,34.0320028445494,19.0824847327108,0.209697634425393,0.209697634425393,4.768771010413,0.0549450549450549
"Pooled site FE: shared slopes","high",15,"4","Do not initiate by tau",15,1,72,1.48278199437016,1.78598876549162,44.6265447294444,46.5423262548858,46.5423262548858,4.78719665247316,0.0664888423954606,0.0664888423954606,15.0401174689165,0.0277777777777778
"Pooled site FE: shared slopes","high",15,"4","Initiate by tau",15,1,112,0.821755372680711,2.86624961888884,4.99606641448246,6.14005354592461,6.14005354592461,48.3622249678549,0.431805580070133,0.431805580070133,2.31585705733025,0
"Pooled site FE: shared slopes","high",15,"5","Do not initiate by tau",15,1,32,1.07666041483798,3.39918831355995,7.51034903814107,7.51034903814107,7.51034903814107,13.0511176543007,0.407847426696896,0.407847426696896,2.45189728938312,0
"Pooled site FE: shared slopes","high",15,"5","Initiate by tau",15,1,163,0.873909652378259,2.88729614254198,8.55208925251838,12.9265421865539,12.9265421865539,44.3160921711354,0.271877866080586,0.271877866080586,3.67812214512378,0.00613496932515337
"Pooled site FE: shared slopes","high",15,"Overall","Do not initiate by tau",15,1,789,0.562569359868738,0.798830451248968,1.94121928780219,46.5423262548858,46.5423262548858,75.178912220325,0.0952837924211978,0.0952837924211978,10.4949643017938,0.00253485424588086
"Pooled site FE: shared slopes","high",15,"Overall","Initiate by tau",15,1,421,1.84108695748867,6.47873294966039,22.4884340586727,93.2852485519872,93.2852485519872,36.4379773006961,0.0865510149660239,0.0865510149660239,11.553879528652,0.0285035629453682
