"method","estimand","tau","beta_trt","scenario","conf_mult","t_star","misspec","mean_est","truth","bias","emp_sd","rmse","coverage","n_reps"
"Federated CCW","RD",2,-1,"small",0.4,25,"correct",-0.152349795600157,-0.158884966736931,0.00653517113677467,0.0306492086147152,0.0311879577819418,0.95,100
"Federated CCW","RD",2,-1,"small",0.4,25,"no_tv",-0.175093703443245,-0.158884966736931,-0.0162087367063132,0.0317441546425974,0.0355012335848768,0.94,100
"Federated CCW","RD",2,-1,"small",0.4,25,"coarse_L",-0.164388057171004,-0.158884966736931,-0.00550309043407219,0.0322721944405194,0.0325785756747007,0.97,100
"Federated CCW","RD",5,-1,"small",0.4,25,"correct",-0.116241078211825,-0.120971162827715,0.00473008461588982,0.0194277561017996,0.0199006791480336,0.93,100
"Federated CCW","RD",5,-1,"small",0.4,25,"no_tv",-0.125682918429995,-0.120971162827715,-0.00471175560228031,0.018192762911461,0.0187047453065987,0.98,100
"Federated CCW","RD",5,-1,"small",0.4,25,"coarse_L",-0.12142192483351,-0.120971162827715,-0.000450762005794766,0.0188425312251846,0.0187534999274324,0.96,100
"Federated CCW","RD",8,-1,"small",0.4,25,"correct",-0.0988319409911688,-0.101768486263082,0.00293654527191344,0.011509780484208,0.0118225883147772,0.99,100
"Federated CCW","RD",8,-1,"small",0.4,25,"no_tv",-0.103787998758784,-0.101768486263082,-0.00201951249570168,0.011651265291516,0.0117674506068497,0.99,100
"Federated CCW","RD",8,-1,"small",0.4,25,"coarse_L",-0.102363740178606,-0.101768486263082,-0.000595253915524079,0.0117276096372804,0.0116839970365596,0.99,100
"Federated CCW","RD",2,-0.7,"small",0.4,25,"correct",-0.0996946850383291,-0.105367498999536,0.00567281396120723,0.0305714703508527,0.0309426803890258,0.94,100
"Federated CCW","RD",2,-0.7,"small",0.4,25,"no_tv",-0.11779887056601,-0.105367498999536,-0.0124313715664735,0.0286301162160259,0.0310809542649746,0.97,100
"Federated CCW","RD",2,-0.7,"small",0.4,25,"coarse_L",-0.109835200017128,-0.105367498999536,-0.00446770101759131,0.0307812761190775,0.0309511299035478,0.94,100
"Federated CCW","RD",5,-0.7,"small",0.4,25,"correct",-0.0818444015968396,-0.0821353199189906,0.00029091832215102,0.016022375767248,0.0159447167878514,0.98,100
"Federated CCW","RD",5,-0.7,"small",0.4,25,"no_tv",-0.0912737956850316,-0.0821353199189906,-0.00913847576604099,0.0162384423396121,0.0185623780493572,0.96,100
"Federated CCW","RD",5,-0.7,"small",0.4,25,"coarse_L",-0.0870633017039558,-0.0821353199189906,-0.00492798178496522,0.0168133615318151,0.0174398176370188,0.96,100
"Federated CCW","RD",8,-0.7,"small",0.4,25,"correct",-0.0719865645828914,-0.0698427863991118,-0.00214377818377959,0.0123282667824748,0.012452392747682,0.97,100
"Federated CCW","RD",8,-0.7,"small",0.4,25,"no_tv",-0.0776826836723825,-0.0698427863991118,-0.00783989727327067,0.0120823714946212,0.0143522769336483,0.96,100
"Federated CCW","RD",8,-0.7,"small",0.4,25,"coarse_L",-0.0756201335455014,-0.0698427863991118,-0.00577734714638963,0.0124437788285994,0.0136629753446913,0.96,100
"Federated CCW","RD",2,-0.5,"small",0.4,25,"correct",-0.0659442946268771,-0.0718312691569835,0.0058869745301063,0.0325082032924642,0.032876616577885,0.95,100
"Federated CCW","RD",2,-0.5,"small",0.4,25,"no_tv",-0.084156698336963,-0.0718312691569835,-0.0123254291799795,0.0331889638913939,0.035247814902673,0.96,100
"Federated CCW","RD",2,-0.5,"small",0.4,25,"coarse_L",-0.0762954816389074,-0.0718312691569835,-0.00446421248192395,0.0338868275698394,0.0340112202810236,0.96,100
"Federated CCW","RD",5,-0.5,"small",0.4,25,"correct",-0.0527646480366227,-0.0569676227881472,0.00420297475152449,0.0196953842009695,0.0200423071026645,0.91,100
"Federated CCW","RD",5,-0.5,"small",0.4,25,"no_tv",-0.0603638754889415,-0.0569676227881472,-0.00339625270079437,0.0182590095858705,0.018482208990107,0.99,100
"Federated CCW","RD",5,-0.5,"small",0.4,25,"coarse_L",-0.0577466611342024,-0.0569676227881472,-0.000779038346055273,0.0188223064459847,0.018744154515254,0.96,100
"Federated CCW","RD",8,-0.5,"small",0.4,25,"correct",-0.0508537862372899,-0.0489632870192666,-0.00189049921802337,0.0122611581012849,0.01234530782517,0.97,100
"Federated CCW","RD",8,-0.5,"small",0.4,25,"no_tv",-0.0564461353419039,-0.0489632870192666,-0.00748284832263734,0.0116815788914869,0.013823447889859,0.95,100
"Federated CCW","RD",8,-0.5,"small",0.4,25,"coarse_L",-0.054520795453161,-0.0489632870192666,-0.00555750843389449,0.0122613912856534,0.0134061254316863,0.96,100
"Federated CCW","RD",2,-1,"medium",1,25,"correct",-0.15104990472796,-0.157561792455253,0.00651188772729294,0.0419607959847239,0.0422552481645508,0.94,100
"Federated CCW","RD",2,-1,"medium",1,25,"no_tv",-0.17560598055301,-0.157561792455253,-0.0180441880977568,0.0371438807211601,0.0411274108154734,0.98,100
"Federated CCW","RD",2,-1,"medium",1,25,"coarse_L",-0.162809417883571,-0.157561792455253,-0.00524762542831773,0.0378543587641545,0.038028417338969,0.98,100
"Federated CCW","RD",5,-1,"medium",1,25,"correct",-0.122929146050851,-0.123633070025923,0.000703923975071362,0.0251260868509754,0.0250100489204042,0.96,100
"Federated CCW","RD",5,-1,"medium",1,25,"no_tv",-0.133413987546587,-0.123633070025923,-0.00978091752066448,0.0200210228064317,0.0221923249845423,0.98,100
"Federated CCW","RD",5,-1,"medium",1,25,"coarse_L",-0.133060638984652,-0.123633070025923,-0.00942756895872931,0.0231360750104477,0.0248757762429993,0.97,100
"Federated CCW","RD",8,-1,"medium",1,25,"correct",-0.104353912469056,-0.107296828776202,0.00294291630714615,0.0254765068049568,0.025519064077353,0.93,100
"Federated CCW","RD",8,-1,"medium",1,25,"no_tv",-0.108256627434497,-0.107296828776202,-0.000959798658295323,0.0179303268627431,0.0178662494288875,0.97,100
"Federated CCW","RD",8,-1,"medium",1,25,"coarse_L",-0.112774647803064,-0.107296828776202,-0.00547781902686225,0.0233326431068036,0.0238531887448414,0.94,100
"Federated CCW","RD",2,-0.7,"medium",1,25,"correct",-0.0944045973062916,-0.103208945273067,0.00880434796677585,0.0443301693904174,0.0449780926910128,0.9,100
"Federated CCW","RD",2,-0.7,"medium",1,25,"no_tv",-0.118431661199683,-0.103208945273067,-0.0152227159266157,0.0503685445911299,0.0523770127209331,0.96,100
"Federated CCW","RD",2,-0.7,"medium",1,25,"coarse_L",-0.112962738339287,-0.103208945273067,-0.00975379306621958,0.0501775455525088,0.0508698800477845,0.92,100
"Federated CCW","RD",5,-0.7,"medium",1,25,"correct",-0.0782382010686104,-0.0831784790995589,0.00494027803094846,0.0348442937488171,0.0350198501682744,0.89,100
"Federated CCW","RD",5,-0.7,"medium",1,25,"no_tv",-0.0933267724748897,-0.0831784790995589,-0.0101482933753308,0.0290843670650358,0.0306664191246677,0.92,100
"Federated CCW","RD",5,-0.7,"medium",1,25,"coarse_L",-0.0898330223829072,-0.0831784790995589,-0.00665454328334834,0.0327444334605736,0.0332529530979934,0.91,100
"Federated CCW","RD",8,-0.7,"medium",1,25,"correct",-0.0755548616304396,-0.0730403093091784,-0.00251455232126121,0.0205617577824494,0.0206126416950724,0.99,100
"Federated CCW","RD",8,-0.7,"medium",1,25,"no_tv",-0.0808422304911492,-0.0730403093091784,-0.00780192118197082,0.0165977560989783,0.0182647372435424,0.98,100
"Federated CCW","RD",8,-0.7,"medium",1,25,"coarse_L",-0.0848537480867746,-0.0730403093091784,-0.0118134387775963,0.0197419271221169,0.0229216837379378,0.96,100
"Federated CCW","RD",2,-0.5,"medium",1,25,"correct",-0.0770785476474594,-0.0704769067816117,-0.00660164086584778,0.0556627375465766,0.0557757887419704,0.93,100
"Federated CCW","RD",2,-0.5,"medium",1,25,"no_tv",-0.0979562789586814,-0.0704769067816117,-0.0274793721770697,0.0476298553436811,0.0547816847505195,0.9,100
"Federated CCW","RD",2,-0.5,"medium",1,25,"coarse_L",-0.0907190940929412,-0.0704769067816117,-0.0202421873113295,0.0541473156056871,0.0575530938922993,0.91,100
"Federated CCW","RD",5,-0.5,"medium",1,25,"correct",-0.0675423822184411,-0.057593918015868,-0.00994846420257307,0.032857240929111,0.034172711900708,0.9,100
"Federated CCW","RD",5,-0.5,"medium",1,25,"no_tv",-0.078482975373211,-0.057593918015868,-0.020889057357343,0.030456600278052,0.0368059937071455,0.89,100
"Federated CCW","RD",5,-0.5,"medium",1,25,"coarse_L",-0.0768617288083997,-0.057593918015868,-0.0192678107925317,0.0316882294029592,0.03695065596988,0.9,100
"Federated CCW","RD",8,-0.5,"medium",1,25,"correct",-0.0553925080214092,-0.0512113647691539,-0.00418114325225534,0.0233166710878672,0.0235735537840493,0.98,100
"Federated CCW","RD",8,-0.5,"medium",1,25,"no_tv",-0.0611442478173377,-0.0512113647691539,-0.00993288304818386,0.0180868336051844,0.0205553978315164,0.97,100
"Federated CCW","RD",8,-0.5,"medium",1,25,"coarse_L",-0.0635989507792054,-0.0512113647691539,-0.0123875860100515,0.0217237001352341,0.0249128931127306,0.98,100
"Federated CCW","RD",2,-1,"strong",2,25,"correct",-0.118989321689909,-0.158281734212093,0.0392924125221834,0.0568683688940328,0.0688880610024303,0.86,100
"Federated CCW","RD",2,-1,"strong",2,25,"no_tv",-0.137698880946719,-0.158281734212093,0.020582853265374,0.0482791201082942,0.0522610615333319,0.85,100
"Federated CCW","RD",2,-1,"strong",2,25,"coarse_L",-0.13778180732105,-0.158281734212093,0.0204999268910427,0.0739277833494499,0.0763604019239794,0.83,100
"Federated CCW","RD",5,-1,"strong",2,25,"correct",-0.123361597229251,-0.129431014759885,0.00606941753063409,0.092874416774686,0.0926079831736275,0.82,100
"Federated CCW","RD",5,-1,"strong",2,25,"no_tv",-0.119500142025341,-0.129431014759885,0.00993087273454456,0.0416734053010494,0.0426371694131001,0.89,100
"Federated CCW","RD",5,-1,"strong",2,25,"coarse_L",-0.124517872013509,-0.129431014759885,0.00491314274637596,0.075554561375211,0.0753362183733746,0.8,100
"Federated CCW","RD",8,-1,"strong",2,25,"correct",-0.108974859781718,-0.111633512871676,0.00265865308995818,0.0587403258460457,0.0585063249396796,0.87,100
"Federated CCW","RD",8,-1,"strong",2,25,"no_tv",-0.0934713254297377,-0.111633512871676,0.0181621874419384,0.0318585944095567,0.0365333462750296,0.91,100
"Federated CCW","RD",8,-1,"strong",2,25,"coarse_L",-0.100431518905683,-0.111633512871676,0.0112019939659931,0.0426664373764864,0.0439056408498016,0.88,100
"Federated CCW","RD",2,-0.7,"strong",2,25,"correct",-0.0754065340644103,-0.102744180069684,0.0273376460052732,0.0883004241442855,0.0920127281637152,0.77,100
"Federated CCW","RD",2,-0.7,"strong",2,25,"no_tv",-0.0767286731166909,-0.102744180069684,0.0260155069529926,0.0596858459642688,0.0648350430585723,0.75,100
"Federated CCW","RD",2,-0.7,"strong",2,25,"coarse_L",-0.067318376258513,-0.102744180069684,0.0354258038111706,0.069989007337118,0.0781310700824093,0.78,100
"Federated CCW","RD",5,-0.7,"strong",2,25,"correct",-0.0994028199254125,-0.0864289105015962,-0.0129739094238164,0.116028631318822,0.116173745651069,0.76,100
"Federated CCW","RD",5,-0.7,"strong",2,25,"no_tv",-0.0936527851397518,-0.0864289105015962,-0.00722387463815563,0.0765772172463813,0.0765350499050942,0.82,100
"Federated CCW","RD",5,-0.7,"strong",2,25,"coarse_L",-0.0892065301053587,-0.0864289105015962,-0.00277761960376252,0.0876085736941598,0.08721367285891,0.75,100
"Federated CCW","RD",8,-0.7,"strong",2,25,"correct",-0.0602003458567863,-0.073695298677964,0.0134949528211776,0.065121784653122,0.0661857395493117,0.83,100
"Federated CCW","RD",8,-0.7,"strong",2,25,"no_tv",-0.058822733590372,-0.073695298677964,0.014872565087592,0.0285219501698016,0.032039972180987,0.86,100
"Federated CCW","RD",8,-0.7,"strong",2,25,"coarse_L",-0.0552252482474128,-0.073695298677964,0.0184700504305511,0.046093477465419,0.0494419390913589,0.79,100
"Federated CCW","RD",2,-0.5,"strong",2,25,"correct",-0.0243509163213061,-0.0679421293508451,0.043591213029539,0.0959957615439782,0.104991562639342,0.58,100
"Federated CCW","RD",2,-0.5,"strong",2,25,"no_tv",-0.0450816129169856,-0.0679421293508451,0.0228605164338595,0.0521814055745839,0.0567298273264125,0.78,100
"Federated CCW","RD",2,-0.5,"strong",2,25,"coarse_L",-0.032861991525697,-0.0679421293508451,0.0350801378251481,0.0856873236102436,0.0921927888885196,0.68,100
"Federated CCW","RD",5,-0.5,"strong",2,25,"correct",-0.0417673594418793,-0.0592813176469181,0.0175139582050388,0.0586687815250753,0.0609454214719079,0.76,100
"Federated CCW","RD",5,-0.5,"strong",2,25,"no_tv",-0.0431099552433959,-0.0592813176469181,0.0161713624035223,0.0403500531478806,0.0432823114347244,0.8,100
"Federated CCW","RD",5,-0.5,"strong",2,25,"coarse_L",-0.0439556516466528,-0.0592813176469181,0.0153256660002653,0.0504048696780322,0.0524415905244921,0.79,100
"Federated CCW","RD",8,-0.5,"strong",2,25,"correct",-0.04250689121388,-0.0495488313631018,0.0070419401492218,0.0590109565341139,0.0591359364703527,0.8,100
"Federated CCW","RD",8,-0.5,"strong",2,25,"no_tv",-0.0332708104747131,-0.0495488313631018,0.0162780208883887,0.039636842208412,0.042665471188009,0.85,100
"Federated CCW","RD",8,-0.5,"strong",2,25,"coarse_L",-0.0371538315469057,-0.0495488313631018,0.0123949998161962,0.0424998040742047,0.0440659396056164,0.84,100
"CC-Gcomp","RD",2,-1,"small",0.4,25,"correct",-0.159656417882816,-0.158884966736931,-0.00077145114588418,0.0158083542347418,0.0157480208231211,NA,100
"CC-Gcomp","RD",2,-1,"small",0.4,25,"no_tv",-0.14967409560267,-0.158884966736931,0.00921087113426148,0.016822882600489,0.0191054817330501,NA,100
"CC-Gcomp","RD",2,-1,"small",0.4,25,"coarse_L",-0.148341377345091,-0.158884966736931,0.0105435893918403,0.0153167821953527,0.0185317310555544,NA,100
"CC-Gcomp","RD",5,-1,"small",0.4,25,"correct",-0.131821567647692,-0.120971162827715,-0.0108504048199772,0.00937042341280979,0.0143058754133875,NA,100
"CC-Gcomp","RD",5,-1,"small",0.4,25,"no_tv",-0.122490164329613,-0.120971162827715,-0.00151900150189793,0.0113045134883181,0.0113499546482908,NA,100
"CC-Gcomp","RD",5,-1,"small",0.4,25,"coarse_L",-0.12328130592093,-0.120971162827715,-0.00231014309321472,0.00982052659964564,0.0100406711119592,NA,100
"CC-Gcomp","RD",8,-1,"small",0.4,25,"correct",-0.111333043754662,-0.101768486263082,-0.0095645574915793,0.00613965203047794,0.0113489706050604,NA,100
"CC-Gcomp","RD",8,-1,"small",0.4,25,"no_tv",-0.101948717768055,-0.101768486263082,-0.000180231504973082,0.00726176150764978,0.00722760899519537,NA,100
"CC-Gcomp","RD",8,-1,"small",0.4,25,"coarse_L",-0.104550882945722,-0.101768486263082,-0.0027823966826396,0.00627151692828978,0.0068323009766528,NA,100
"CC-Gcomp","RD",2,-0.7,"small",0.4,25,"correct",-0.105892132031259,-0.105367498999536,-0.000524633031722548,0.0142689405260342,0.0142071065638335,NA,100
"CC-Gcomp","RD",2,-0.7,"small",0.4,25,"no_tv",-0.0947224291803746,-0.105367498999536,0.0106450698191618,0.0144877340233684,0.01791962622979,NA,100
"CC-Gcomp","RD",2,-0.7,"small",0.4,25,"coarse_L",-0.097287630019192,-0.105367498999536,0.00807986898034438,0.0138904610799416,0.0160093642179435,NA,100
"CC-Gcomp","RD",5,-0.7,"small",0.4,25,"correct",-0.0921542416631086,-0.0821353199189906,-0.0100189217441181,0.00767176416662961,0.0125954832653956,NA,100
"CC-Gcomp","RD",5,-0.7,"small",0.4,25,"no_tv",-0.0813206623759178,-0.0821353199189906,0.000814657543072782,0.0091239218430657,0.0091146671476732,NA,100
"CC-Gcomp","RD",5,-0.7,"small",0.4,25,"coarse_L",-0.0850803533951918,-0.0821353199189906,-0.00294503347620124,0.00808937988980324,0.00857070058440286,NA,100
"CC-Gcomp","RD",8,-0.7,"small",0.4,25,"correct",-0.0777015787883198,-0.0698427863991118,-0.00785879238920795,0.00592596729766188,0.0098247918728847,NA,100
"CC-Gcomp","RD",8,-0.7,"small",0.4,25,"no_tv",-0.06725285510266,-0.0698427863991118,0.00258993129645176,0.00624963628545341,0.00673610557249451,NA,100
"CC-Gcomp","RD",8,-0.7,"small",0.4,25,"coarse_L",-0.0714651194602322,-0.0698427863991118,-0.00162233306112041,0.00608073136403134,0.00626398479751537,NA,100
"CC-Gcomp","RD",2,-0.5,"small",0.4,25,"correct",-0.0729845820715691,-0.0718312691569835,-0.00115331291458565,0.013922044965362,0.0139001882482337,NA,100
"CC-Gcomp","RD",2,-0.5,"small",0.4,25,"no_tv",-0.063204620662387,-0.0718312691569835,0.00862664849459647,0.0152856631174989,0.0174852522492977,NA,100
"CC-Gcomp","RD",2,-0.5,"small",0.4,25,"coarse_L",-0.0657600624341796,-0.0718312691569835,0.00607120672280385,0.0138060964948606,0.0150187139426839,NA,100
"CC-Gcomp","RD",5,-0.5,"small",0.4,25,"correct",-0.0611252536864628,-0.0569676227881472,-0.00415763089831564,0.00714804238396839,0.00823829226905718,NA,100
"CC-Gcomp","RD",5,-0.5,"small",0.4,25,"no_tv",-0.0483734058455072,-0.0569676227881472,0.00859421694263997,0.00859085406406359,0.0121212751256498,NA,100
"CC-Gcomp","RD",5,-0.5,"small",0.4,25,"coarse_L",-0.0545558633387081,-0.0569676227881472,0.00241175944943905,0.00743344022819777,0.00777946379462528,NA,100
"CC-Gcomp","RD",8,-0.5,"small",0.4,25,"correct",-0.0555665833394241,-0.0489632870192666,-0.00660329632015757,0.00521496800742555,0.00839806255615507,NA,100
"CC-Gcomp","RD",8,-0.5,"small",0.4,25,"no_tv",-0.0441231352494,-0.0489632870192666,0.00484015176986651,0.0056254263260987,0.00739973217705902,NA,100
"CC-Gcomp","RD",8,-0.5,"small",0.4,25,"coarse_L",-0.0494693326110802,-0.0489632870192666,-0.000506045591813626,0.00499551311435349,0.00499616672098869,NA,100
"CC-Gcomp","RD",2,-1,"medium",1,25,"correct",-0.161898667988221,-0.157561792455253,-0.00433687553296803,0.0143211505389906,0.0148947268730005,NA,100
"CC-Gcomp","RD",2,-1,"medium",1,25,"no_tv",-0.134611585899117,-0.157561792455253,0.0229502065561359,0.0149546965135816,0.0273517549584026,NA,100
"CC-Gcomp","RD",2,-1,"medium",1,25,"coarse_L",-0.143011029592247,-0.157561792455253,0.0145507628630056,0.0135636330826631,0.019845833841704,NA,100
"CC-Gcomp","RD",5,-1,"medium",1,25,"correct",-0.135326776855089,-0.123633070025923,-0.0116937068291663,0.00818680531183913,0.0142511867157899,NA,100
"CC-Gcomp","RD",5,-1,"medium",1,25,"no_tv",-0.106633366667627,-0.123633070025923,0.0169997033582957,0.0101361497097024,0.0197662345907908,NA,100
"CC-Gcomp","RD",5,-1,"medium",1,25,"coarse_L",-0.118027831702378,-0.123633070025923,0.00560523832354423,0.00908404483041779,0.0106354768788221,NA,100
"CC-Gcomp","RD",8,-1,"medium",1,25,"correct",-0.112796581165708,-0.107296828776202,-0.00549975238950572,0.00632562560495461,0.00835827017073453,NA,100
"CC-Gcomp","RD",8,-1,"medium",1,25,"no_tv",-0.0857779415705516,-0.107296828776202,0.0215188872056502,0.00782529460235592,0.0228841733481247,NA,100
"CC-Gcomp","RD",8,-1,"medium",1,25,"coarse_L",-0.0979542516942533,-0.107296828776202,0.00934257708194849,0.00679914520675718,0.0115347231574621,NA,100
"CC-Gcomp","RD",2,-0.7,"medium",1,25,"correct",-0.108010002254163,-0.103208945273067,-0.00480105698109515,0.0127691821703382,0.0135820337689911,NA,100
"CC-Gcomp","RD",2,-0.7,"medium",1,25,"no_tv",-0.0811142232538874,-0.103208945273067,0.0220947220191801,0.0129040690701029,0.0255543849404592,NA,100
"CC-Gcomp","RD",2,-0.7,"medium",1,25,"coarse_L",-0.0908534698500717,-0.103208945273067,0.0123554754229958,0.0123222407787861,0.0174062349335096,NA,100
"CC-Gcomp","RD",5,-0.7,"medium",1,25,"correct",-0.0900768164925481,-0.0831784790995589,-0.00689833739298924,0.00770216628559505,0.0103110227729145,NA,100
"CC-Gcomp","RD",5,-0.7,"medium",1,25,"no_tv",-0.0598311566388852,-0.0831784790995589,0.0233473224606737,0.00985219344296464,0.0253217796484351,NA,100
"CC-Gcomp","RD",5,-0.7,"medium",1,25,"coarse_L",-0.0735379804296006,-0.0831784790995589,0.0096404986699583,0.0082760333235944,0.0126786046118246,NA,100
"CC-Gcomp","RD",8,-0.7,"medium",1,25,"correct",-0.0771022128750854,-0.0730403093091784,-0.00406190356590701,0.00581396624990995,0.00706846815783088,NA,100
"CC-Gcomp","RD",8,-0.7,"medium",1,25,"no_tv",-0.0472393987788503,-0.0730403093091784,0.0258009105303281,0.0075093935117522,0.0268610138527793,NA,100
"CC-Gcomp","RD",8,-0.7,"medium",1,25,"coarse_L",-0.062750419521655,-0.0730403093091784,0.0102898897875234,0.00629020613236829,0.0120437891917446,NA,100
"CC-Gcomp","RD",2,-0.5,"medium",1,25,"correct",-0.0740272273341314,-0.0704769067816117,-0.00355032055251973,0.010014007087884,0.0105774434814029,NA,100
"CC-Gcomp","RD",2,-0.5,"medium",1,25,"no_tv",-0.0476233352567047,-0.0704769067816117,0.0228535715249069,0.0112353991720982,0.025441257517168,NA,100
"CC-Gcomp","RD",2,-0.5,"medium",1,25,"coarse_L",-0.0581443872060505,-0.0704769067816117,0.0123325195755611,0.00953584814690045,0.0155600165476627,NA,100
"CC-Gcomp","RD",5,-0.5,"medium",1,25,"correct",-0.0641375752989994,-0.057593918015868,-0.00654365728313137,0.00680390215810204,0.00941539188617944,NA,100
"CC-Gcomp","RD",5,-0.5,"medium",1,25,"no_tv",-0.0320457520997108,-0.057593918015868,0.0255481659161572,0.00874070147717285,0.0269878610743685,NA,100
"CC-Gcomp","RD",5,-0.5,"medium",1,25,"coarse_L",-0.0483194639908491,-0.057593918015868,0.00927445402501891,0.00724429098631989,0.0117460824038366,NA,100
"CC-Gcomp","RD",8,-0.5,"medium",1,25,"correct",-0.0543267486093855,-0.0512113647691539,-0.00311538384023163,0.00580147959017722,0.00655943673289611,NA,100
"CC-Gcomp","RD",8,-0.5,"medium",1,25,"no_tv",-0.022402529094824,-0.0512113647691539,0.0288088356743299,0.00669172791359145,0.0295682336833871,NA,100
"CC-Gcomp","RD",8,-0.5,"medium",1,25,"coarse_L",-0.0397375263651266,-0.0512113647691539,0.0114738384040273,0.00584288509627652,0.0128626156324263,NA,100
"CC-Gcomp","RD",2,-1,"strong",2,25,"correct",-0.163027538981705,-0.158281734212093,-0.00474580476961212,0.00906809960889895,0.0101946451200136,NA,100
"CC-Gcomp","RD",2,-1,"strong",2,25,"no_tv",-0.122385733389162,-0.158281734212093,0.0358960008229309,0.0114583747919578,0.0376630360489446,NA,100
"CC-Gcomp","RD",2,-1,"strong",2,25,"coarse_L",-0.13919264547262,-0.158281734212093,0.0190890887394723,0.0100010314950002,0.0215270465591031,NA,100
"CC-Gcomp","RD",5,-1,"strong",2,25,"correct",-0.135216631065248,-0.129431014759885,-0.00578561630536287,0.00714268200495782,0.00916411933546206,NA,100
"CC-Gcomp","RD",5,-1,"strong",2,25,"no_tv",-0.0889620125814521,-0.129431014759885,0.040469002178433,0.0100547070565612,0.0416872438519428,NA,100
"CC-Gcomp","RD",5,-1,"strong",2,25,"coarse_L",-0.114713809076924,-0.129431014759885,0.0147172056829611,0.00806687601962816,0.0167636477815383,NA,100
"CC-Gcomp","RD",8,-1,"strong",2,25,"correct",-0.114478130549364,-0.111633512871676,-0.00284461767768837,0.00591583682679296,0.00653750746384619,NA,100
"CC-Gcomp","RD",8,-1,"strong",2,25,"no_tv",-0.066752206336908,-0.111633512871676,0.0448813065347681,0.00856507597150952,0.0456832419756038,NA,100
"CC-Gcomp","RD",8,-1,"strong",2,25,"coarse_L",-0.0951904360517471,-0.111633512871676,0.016443076819929,0.00676934283320719,0.017769089387913,NA,100
"CC-Gcomp","RD",2,-0.7,"strong",2,25,"correct",-0.109819213885879,-0.102744180069684,-0.00707503381619575,0.00935497541015934,0.0116917283912924,NA,100
"CC-Gcomp","RD",2,-0.7,"strong",2,25,"no_tv",-0.0655754939881605,-0.102744180069684,0.0371686860815231,0.0109993167037341,0.0387464365238451,NA,100
"CC-Gcomp","RD",2,-0.7,"strong",2,25,"coarse_L",-0.087208663898785,-0.102744180069684,0.0155355161708986,0.00961330578677616,0.0182440059845642,NA,100
"CC-Gcomp","RD",5,-0.7,"strong",2,25,"correct",-0.0914248547530018,-0.0864289105015962,-0.00499594425140564,0.00742888396239537,0.0089216530262402,NA,100
"CC-Gcomp","RD",5,-0.7,"strong",2,25,"no_tv",-0.0404805246900556,-0.0864289105015962,0.0459483858115406,0.00855841112027668,0.0467308045680879,NA,100
"CC-Gcomp","RD",5,-0.7,"strong",2,25,"coarse_L",-0.0697753462433356,-0.0864289105015962,0.0166535642582606,0.0072788674671324,0.0181602118652854,NA,100
"CC-Gcomp","RD",8,-0.7,"strong",2,25,"correct",-0.079479113082359,-0.073695298677964,-0.00578381440439504,0.00631591390615119,0.00854074761655573,NA,100
"CC-Gcomp","RD",8,-0.7,"strong",2,25,"no_tv",-0.0266437336318543,-0.073695298677964,0.0470515650461096,0.00790804586427656,0.047704943043524,NA,100
"CC-Gcomp","RD",8,-0.7,"strong",2,25,"coarse_L",-0.0583175910633003,-0.073695298677964,0.0153777076146637,0.00701861830660081,0.0168891173359208,NA,100
"CC-Gcomp","RD",2,-0.5,"strong",2,25,"correct",-0.0738042887319964,-0.0679421293508451,-0.00586215938115132,0.0106419151410856,0.0121030065232316,NA,100
"CC-Gcomp","RD",2,-0.5,"strong",2,25,"no_tv",-0.0320892117248254,-0.0679421293508451,0.0358529176260197,0.0116590217388545,0.0376829558597274,NA,100
"CC-Gcomp","RD",2,-0.5,"strong",2,25,"coarse_L",-0.0535207035182605,-0.0679421293508451,0.0144214258325846,0.0106370380960318,0.0178883380085073,NA,100
"CC-Gcomp","RD",5,-0.5,"strong",2,25,"correct",-0.0601217601166889,-0.0592813176469181,-0.000840442469770725,0.00802646269723474,0.00803033037556949,NA,100
"CC-Gcomp","RD",5,-0.5,"strong",2,25,"no_tv",-0.00459234063321686,-0.0592813176469181,0.0546889770137013,0.0100184944561222,0.0555900237062445,NA,100
"CC-Gcomp","RD",5,-0.5,"strong",2,25,"coarse_L",-0.0374689137658116,-0.0592813176469181,0.0218124038811066,0.00847284246995549,0.0233848697237763,NA,100
"CC-Gcomp","RD",8,-0.5,"strong",2,25,"correct",-0.0562912676117989,-0.0495488313631018,-0.00674243624869702,0.00594147587826237,0.00896708262611634,NA,100
"CC-Gcomp","RD",8,-0.5,"strong",2,25,"no_tv",-0.00050850315256495,-0.0495488313631018,0.0490403282105369,0.00853475156125949,0.0497701452214827,NA,100
"CC-Gcomp","RD",8,-0.5,"strong",2,25,"coarse_L",-0.0346037066758918,-0.0495488313631018,0.01494512468721,0.00688366475490339,0.0164398218959201,NA,100
"Federated CCW","RR",2,-1,"small",0.4,25,"correct",0.821029351688729,0.812875296768163,0.00815405492056665,0.035645222263227,0.0363918213770694,0.94,100
"Federated CCW","RR",2,-1,"small",0.4,25,"no_tv",0.79453092690281,0.812875296768163,-0.0183443698653528,0.0368246787268381,0.0409757525795239,0.96,100
"Federated CCW","RR",2,-1,"small",0.4,25,"coarse_L",0.806981161496824,0.812875296768163,-0.00589413527133855,0.0375401546929203,0.0378141694715294,0.96,100
"Federated CCW","RR",5,-1,"small",0.4,25,"correct",0.863181349883478,0.857532775183329,0.00564857470014937,0.0226994880923031,0.0232813334712436,0.92,100
"Federated CCW","RR",5,-1,"small",0.4,25,"no_tv",0.852272377164694,0.857532775183329,-0.00526039801863478,0.0211777353166768,0.0217182710114375,0.97,100
"Federated CCW","RR",5,-1,"small",0.4,25,"coarse_L",0.857207892338485,0.857532775183329,-0.000324882844843811,0.0219947583317515,0.0218869195866916,0.94,100
"Federated CCW","RR",8,-1,"small",0.4,25,"correct",0.883658296895723,0.880160884950332,0.00349741194539109,0.0131052479960792,0.0135004422188354,0.99,100
"Federated CCW","RR",8,-1,"small",0.4,25,"no_tv",0.877950147756892,0.880160884950332,-0.00221073719344068,0.0132936724304156,0.0134105133517991,0.99,100
"Federated CCW","RR",8,-1,"small",0.4,25,"coarse_L",0.8796114614892,0.880160884950332,-0.000549423461132437,0.0133620393657075,0.0133064090268656,0.99,100
"Federated CCW","RR",2,-0.7,"small",0.4,25,"correct",0.882384591456163,0.875904798386529,0.00647979306963456,0.0360317411107169,0.0364320082073485,0.94,100
"Federated CCW","RR",2,-0.7,"small",0.4,25,"no_tv",0.861195007988354,0.875904798386529,-0.0147097903981749,0.0336737930155332,0.0365918437120991,0.96,100
"Federated CCW","RR",2,-0.7,"small",0.4,25,"coarse_L",0.870500808453201,0.875904798386529,-0.00540398993332761,0.0362217854252633,0.0364431155254238,0.95,100
"Federated CCW","RR",5,-0.7,"small",0.4,25,"correct",0.903489442089176,0.903269582479312,0.00021985960986429,0.0186888536730337,0.0185964743256348,0.98,100
"Federated CCW","RR",5,-0.7,"small",0.4,25,"no_tv",0.892498380041046,0.903269582479312,-0.0107712024382659,0.0189502993515143,0.0217150065397869,0.96,100
"Federated CCW","RR",5,-0.7,"small",0.4,25,"coarse_L",0.897420229390905,0.903269582479312,-0.00584935308840685,0.0195968653281816,0.0203571041883867,0.98,100
"Federated CCW","RR",8,-0.7,"small",0.4,25,"correct",0.915318508616582,0.91775550544168,-0.00243699682509789,0.0144049489835433,0.0145384484451346,0.97,100
"Federated CCW","RR",8,-0.7,"small",0.4,25,"no_tv",0.908722760298821,0.91775550544168,-0.00903274514285893,0.0141010035222687,0.0166865335569592,0.96,100
"Federated CCW","RR",8,-0.7,"small",0.4,25,"coarse_L",0.911126369942166,0.91775550544168,-0.00662913549951378,0.0145418659622973,0.0159152959281215,0.96,100
"Federated CCW","RR",2,-0.5,"small",0.4,25,"correct",0.922517608114949,0.915401656935726,0.00711595117922339,0.0380611836369094,0.0385331535697405,0.95,100
"Federated CCW","RR",2,-0.5,"small",0.4,25,"no_tv",0.901203048321113,0.915401656935726,-0.0141986086146122,0.0387068457016521,0.0410467805280844,0.96,100
"Federated CCW","RR",2,-0.5,"small",0.4,25,"coarse_L",0.910392194755338,0.915401656935726,-0.00500946218038791,0.0395943417855083,0.039713089702894,0.95,100
"Federated CCW","RR",5,-0.5,"small",0.4,25,"correct",0.937971437604195,0.932909472527854,0.00506196507634102,0.0229889511577492,0.0234271305757692,0.91,100
"Federated CCW","RR",5,-0.5,"small",0.4,25,"no_tv",0.929130533448764,0.932909472527854,-0.00377893907908956,0.0211986688635258,0.0214282548643849,1,100
"Federated CCW","RR",5,-0.5,"small",0.4,25,"coarse_L",0.932167831051942,0.932909472527854,-0.000741641475911641,0.0219195048682472,0.0218222381714437,0.95,100
"Federated CCW","RR",8,-0.5,"small",0.4,25,"correct",0.940124532681643,0.942342495189099,-0.00221796250745591,0.0142053941238235,0.0143071537237672,0.97,100
"Federated CCW","RR",8,-0.5,"small",0.4,25,"no_tv",0.933613957522102,0.942342495189099,-0.0087285376669968,0.0135286722420239,0.0160431322599413,0.95,100
"Federated CCW","RR",8,-0.5,"small",0.4,25,"coarse_L",0.935870602416604,0.942342495189099,-0.0064718927724952,0.014185735968201,0.015527657581509,0.96,100
"Federated CCW","RR",2,-1,"medium",1,25,"correct",0.822397804135536,0.81443192717203,0.00796587696350611,0.0490751693264674,0.049474677540889,0.94,100
"Federated CCW","RR",2,-1,"medium",1,25,"no_tv",0.793908429216462,0.81443192717203,-0.0205234979555677,0.0434925130139659,0.0478946413466005,0.98,100
"Federated CCW","RR",2,-1,"medium",1,25,"coarse_L",0.808651438012032,0.81443192717203,-0.00578048915999821,0.0444860230985421,0.0446388871225711,0.99,100
"Federated CCW","RR",5,-1,"medium",1,25,"correct",0.854988438486514,0.854391316429979,0.000597122056535351,0.0296100162876915,0.0294676447762997,0.95,100
"Federated CCW","RR",5,-1,"medium",1,25,"no_tv",0.843163660840807,0.854391316429979,-0.0112276555891721,0.0233191763708119,0.0257760818740159,0.98,100
"Federated CCW","RR",5,-1,"medium",1,25,"coarse_L",0.843214664812288,0.854391316429979,-0.0111766516176905,0.0273146629295376,0.0293861777750687,0.97,100
"Federated CCW","RR",8,-1,"medium",1,25,"correct",0.877155164897198,0.873643531949712,0.0035116329474858,0.0300077817486594,0.0300631645336663,0.92,100
"Federated CCW","RR",8,-1,"medium",1,25,"no_tv",0.872986495486689,0.873643531949712,-0.00065703646302266,0.0209513198397856,0.0208566517426083,0.97,100
"Federated CCW","RR",8,-1,"medium",1,25,"coarse_L",0.867343864912975,0.873643531949712,-0.00629966703673657,0.0275236232310856,0.028100892195495,0.95,100
"Federated CCW","RR",2,-0.7,"medium",1,25,"correct",0.888687286019459,0.878445879711798,0.0102414063076606,0.0520568866831531,0.0527987372935168,0.9,100
"Federated CCW","RR",2,-0.7,"medium",1,25,"no_tv",0.860566866222079,0.878445879711798,-0.0178790134897192,0.0591932348788936,0.0615504653779251,0.95,100
"Federated CCW","RR",2,-0.7,"medium",1,25,"coarse_L",0.866827792805478,0.878445879711798,-0.0116180869063196,0.0589740754824787,0.0598175735598307,0.92,100
"Federated CCW","RR",5,-0.7,"medium",1,25,"correct",0.907963431376316,0.902036657016575,0.00592677435974147,0.0405100532948149,0.0407404028954126,0.91,100
"Federated CCW","RR",5,-0.7,"medium",1,25,"no_tv",0.890630458781719,0.902036657016575,-0.0114061982348558,0.0335306308494401,0.0352584958737981,0.92,100
"Federated CCW","RR",5,-0.7,"medium",1,25,"coarse_L",0.894459421494037,0.902036657016575,-0.00757723552253759,0.0378712675701679,0.0384357265634662,0.92,100
"Federated CCW","RR",8,-0.7,"medium",1,25,"correct",0.911086572910882,0.91398519774654,-0.00289862483565792,0.0239286999122686,0.0239845550018003,0.99,100
"Federated CCW","RR",8,-0.7,"medium",1,25,"no_tv",0.905236838286936,0.91398519774654,-0.00874835945960385,0.0192319738549545,0.021040530492564,0.98,100
"Federated CCW","RR",8,-0.7,"medium",1,25,"coarse_L",0.900311282904907,0.91398519774654,-0.0136739148416332,0.0228740663524674,0.0265512076839896,0.99,100
"Federated CCW","RR",2,-0.5,"medium",1,25,"correct",0.909165350793476,0.916995969857005,-0.00783061906352844,0.0657045149638793,0.0658424714655393,0.93,100
"Federated CCW","RR",2,-0.5,"medium",1,25,"no_tv",0.884886119847191,0.916995969857005,-0.0321098500098137,0.0559168758391095,0.0642376252769594,0.93,100
"Federated CCW","RR",2,-0.5,"medium",1,25,"coarse_L",0.893214430630593,0.916995969857005,-0.0237815392264117,0.0637097549978053,0.0677045431344082,0.92,100
"Federated CCW","RR",5,-0.5,"medium",1,25,"correct",0.920289337236124,0.932168839759687,-0.0118795025235624,0.0386139387247679,0.0402150280543114,0.9,100
"Federated CCW","RR",5,-0.5,"medium",1,25,"no_tv",0.907766719641092,0.932168839759687,-0.0244021201185947,0.0355368997674789,0.0429616805876507,0.9,100
"Federated CCW","RR",5,-0.5,"medium",1,25,"coarse_L",0.909368178656737,0.932168839759687,-0.0228006611029493,0.0371961087488403,0.0434693587222832,0.93,100
"Federated CCW","RR",8,-0.5,"medium",1,25,"correct",0.934761528793156,0.939691720155475,-0.00493019136231892,0.027417944732977,0.027722428524858,0.98,100
"Federated CCW","RR",8,-0.5,"medium",1,25,"no_tv",0.928353373764439,0.939691720155475,-0.011338346391036,0.0208737063640499,0.0236624724000255,0.98,100
"Federated CCW","RR",8,-0.5,"medium",1,25,"coarse_L",0.925129153066026,0.939691720155475,-0.0145625670894493,0.0255885919348588,0.0293308137812667,0.98,100
"Federated CCW","RR",2,-1,"strong",2,25,"correct",0.85917537986652,0.813498147909376,0.0456772319571444,0.0671440845629046,0.0809299346974861,0.85,100
"Federated CCW","RR",2,-1,"strong",2,25,"no_tv",0.838403034035986,0.813498147909376,0.0249048861266103,0.0562882905570233,0.061293892764883,0.84,100
"Federated CCW","RR",2,-1,"strong",2,25,"coarse_L",0.837553939891935,0.813498147909376,0.0240557919825596,0.0869077789533437,0.0897558552412343,0.82,100
"Federated CCW","RR",5,-1,"strong",2,25,"correct",0.853924218046878,0.847647016881975,0.00627720116490321,0.109169721752378,0.108803727511889,0.85,100
"Federated CCW","RR",5,-1,"strong",2,25,"no_tv",0.86131019230415,0.847647016881975,0.0136631754221749,0.0466081144773522,0.0483453775908282,0.87,100
"Federated CCW","RR",5,-1,"strong",2,25,"coarse_L",0.853108962474454,0.847647016881975,0.00546194559247891,0.089417004505478,0.0891362975304705,0.81,100
"Federated CCW","RR",8,-1,"strong",2,25,"correct",0.870797336950009,0.868015909419281,0.00278142753072845,0.0691450341636347,0.0688546420447017,0.86,100
"Federated CCW","RR",8,-1,"strong",2,25,"no_tv",0.891505999282369,0.868015909419281,0.0234900898630882,0.0356333310684053,0.0425302393830111,0.91,100
"Federated CCW","RR",8,-1,"strong",2,25,"coarse_L",0.880922250412758,0.868015909419281,0.0129063409934773,0.0503335697116237,0.0517175714371397,0.86,100
"Federated CCW","RR",2,-0.7,"strong",2,25,"correct",0.911299518435162,0.878937516259128,0.0323620021760343,0.103978190119699,0.10840040851032,0.77,100
"Federated CCW","RR",2,-0.7,"strong",2,25,"no_tv",0.910135585285755,0.878937516259128,0.0311980690266272,0.0698520797509726,0.0761829339555196,0.75,100
"Federated CCW","RR",2,-0.7,"strong",2,25,"coarse_L",0.920895257081241,0.878937516259128,0.041957740822113,0.0821984416505622,0.091920998616087,0.76,100
"Federated CCW","RR",5,-0.7,"strong",2,25,"correct",0.882639843389764,0.898264705974939,-0.0156248625851745,0.136355932648318,0.1365692033202,0.8,100
"Federated CCW","RR",5,-0.7,"strong",2,25,"no_tv",0.891319565961585,0.898264705974939,-0.00694514001335381,0.0900967696117309,0.089913784178677,0.84,100
"Federated CCW","RR",5,-0.7,"strong",2,25,"coarse_L",0.894884325745239,0.898264705974939,-0.00338038022969965,0.103699663784741,0.10323522188127,0.78,100
"Federated CCW","RR",8,-0.7,"strong",2,25,"correct",0.928585165099454,0.912870188119348,0.0157149769801066,0.0774527295813093,0.078650470868805,0.83,100
"Federated CCW","RR",8,-0.7,"strong",2,25,"no_tv",0.931000425815941,0.912870188119348,0.0181302376965937,0.033343040543847,0.0378066963396239,0.86,100
"Federated CCW","RR",8,-0.7,"strong",2,25,"coarse_L",0.934818459717026,0.912870188119348,0.021948271597679,0.0541990507790861,0.0582227477917858,0.8,100
"Federated CCW","RR",2,-0.5,"strong",2,25,"correct",0.971456234399939,0.919944439439018,0.0515117949609204,0.112853260066597,0.123539324689259,0.56,100
"Federated CCW","RR",2,-0.5,"strong",2,25,"no_tv",0.947431159920212,0.919944439439018,0.027486720481193,0.0608181229382674,0.0664633390657444,0.78,100
"Federated CCW","RR",2,-0.5,"strong",2,25,"coarse_L",0.961381415559876,0.919944439439018,0.0414369761208572,0.100842644238022,0.108556757035146,0.65,100
"Federated CCW","RR",5,-0.5,"strong",2,25,"correct",0.951174895220729,0.930220082076693,0.0209548131440359,0.0683891420712579,0.0711997766823164,0.76,100
"Federated CCW","RR",5,-0.5,"strong",2,25,"no_tv",0.950502486347373,0.930220082076693,0.0202824042706807,0.0458664569339534,0.049940669558555,0.8,100
"Federated CCW","RR",5,-0.5,"strong",2,25,"coarse_L",0.948178367566168,0.930220082076693,0.0179582854894754,0.0594250779691651,0.0617942271611713,0.79,100
"Federated CCW","RR",8,-0.5,"strong",2,25,"correct",0.949982917360253,0.941418510637448,0.0085644067228047,0.0687821246081804,0.0689711528211087,0.79,100
"Federated CCW","RR",8,-0.5,"strong",2,25,"no_tv",0.961752186895994,0.941418510637448,0.0203336762585454,0.0456883724358675,0.0497997137769634,0.83,100
"Federated CCW","RR",8,-0.5,"strong",2,25,"coarse_L",0.956461154984476,0.941418510637448,0.0150426443470282,0.0497345368241379,0.0517210794602316,0.85,100
"CC-Gcomp","RR",2,-1,"small",0.4,25,"correct",0.81230982858498,0.812875296768163,-0.000565468183182244,0.0189259824578286,0.0188396029188591,NA,100
"CC-Gcomp","RR",2,-1,"small",0.4,25,"no_tv",0.824815554636612,0.812875296768163,0.0119402578684496,0.0199306081630469,0.0231479288122392,NA,100
"CC-Gcomp","RR",2,-1,"small",0.4,25,"coarse_L",0.825963334355475,0.812875296768163,0.013088037587312,0.0183093048356553,0.0224315640341059,NA,100
"CC-Gcomp","RR",5,-1,"small",0.4,25,"correct",0.844829793799541,0.857532775183329,-0.0127029813837879,0.0111164857127342,0.0168435812133962,NA,100
"CC-Gcomp","RR",5,-1,"small",0.4,25,"no_tv",0.856306101175454,0.857532775183329,-0.00122667400787523,0.013230859608153,0.0132215664212885,NA,100
"CC-Gcomp","RR",5,-1,"small",0.4,25,"coarse_L",0.855032922322165,0.857532775183329,-0.00249985286116369,0.0115599290781716,0.0117705099726776,NA,100
"CC-Gcomp","RR",8,-1,"small",0.4,25,"correct",0.868995444182948,0.880160884950332,-0.0111654407673842,0.00705272429235715,0.0131875160009203,NA,100
"CC-Gcomp","RR",8,-1,"small",0.4,25,"no_tv",0.880203822735586,0.880160884950332,4.29377852536872e-05,0.0082863771899223,0.00824495300882488,NA,100
"CC-Gcomp","RR",8,-1,"small",0.4,25,"coarse_L",0.877064380780347,0.880160884950332,-0.00309650416998529,0.00719603341101604,0.00780085930899096,NA,100
"CC-Gcomp","RR",2,-0.7,"small",0.4,25,"correct",0.875108539781901,0.875904798386529,-0.000796258604628214,0.0169746302560615,0.0169083032670976,NA,100
"CC-Gcomp","RR",2,-0.7,"small",0.4,25,"no_tv",0.888758846549959,0.875904798386529,0.0128540481634305,0.0171657280765824,0.0213762052849183,NA,100
"CC-Gcomp","RR",2,-0.7,"small",0.4,25,"coarse_L",0.885512007245073,0.875904798386529,0.00960720885854375,0.0164682872259571,0.0189944966073528,NA,100
"CC-Gcomp","RR",5,-0.7,"small",0.4,25,"correct",0.891388826578978,0.903269582479312,-0.0118807559003335,0.00902945393210137,0.0148952371143306,NA,100
"CC-Gcomp","RR",5,-0.7,"small",0.4,25,"no_tv",0.904344209935307,0.903269582479312,0.00107462745599523,0.010776271335665,0.0107759717812388,NA,100
"CC-Gcomp","RR",5,-0.7,"small",0.4,25,"coarse_L",0.899829572294738,0.903269582479312,-0.00344001018457418,0.0095325020702653,0.0100892804417555,NA,100
"CC-Gcomp","RR",8,-0.7,"small",0.4,25,"correct",0.908505777552548,0.91775550544168,-0.00924972788913179,0.00708164356556081,0.0116277962166842,NA,100
"CC-Gcomp","RR",8,-0.7,"small",0.4,25,"no_tv",0.920889104290292,0.91775550544168,0.00313359884861187,0.00745666539518788,0.00805389855732341,NA,100
"CC-Gcomp","RR",8,-0.7,"small",0.4,25,"coarse_L",0.915912439306334,0.91775550544168,-0.00184306613534562,0.00724892581722061,0.00744435014140184,NA,100
"CC-Gcomp","RR",2,-0.5,"small",0.4,25,"correct",0.914196426532997,0.915401656935726,-0.00120523040272817,0.0162916360393117,0.0162547165805094,NA,100
"CC-Gcomp","RR",2,-0.5,"small",0.4,25,"no_tv",0.926015193116627,0.915401656935726,0.0106135361809019,0.0177530926912051,0.0206074677572187,NA,100
"CC-Gcomp","RR",2,-0.5,"small",0.4,25,"coarse_L",0.922870374206644,0.915401656935726,0.00746871727091879,0.0161165667213026,0.0176897717149289,NA,100
"CC-Gcomp","RR",5,-0.5,"small",0.4,25,"correct",0.9281163919175,0.932909472527854,-0.0047930806103535,0.0083161578397232,0.00956245356278316,NA,100
"CC-Gcomp","RR",5,-0.5,"small",0.4,25,"no_tv",0.943244142266543,0.932909472527854,0.0103346697386891,0.00996601159247161,0.0143224848332418,NA,100
"CC-Gcomp","RR",5,-0.5,"small",0.4,25,"coarse_L",0.935930212624291,0.932909472527854,0.00302074009643703,0.00861474741634406,0.00908826743924028,NA,100
"CC-Gcomp","RR",8,-0.5,"small",0.4,25,"correct",0.934516664826819,0.942342495189099,-0.00782583036228002,0.00610097723409922,0.00990420743109062,NA,100
"CC-Gcomp","RR",8,-0.5,"small",0.4,25,"no_tv",0.948052382866286,0.942342495189099,0.00570988767718739,0.00654300438973625,0.00865942346035596,NA,100
"CC-Gcomp","RR",8,-0.5,"small",0.4,25,"coarse_L",0.941750211248642,0.942342495189099,-0.000592283940456566,0.00583215299450535,0.00583306683760158,NA,100
"CC-Gcomp","RR",2,-1,"medium",1,25,"correct",0.809619470904903,0.81443192717203,-0.0048124562671268,0.0170373835192132,0.0176218457640497,NA,100
"CC-Gcomp","RR",2,-1,"medium",1,25,"no_tv",0.842205989610098,0.81443192717203,0.0277740624380683,0.0176353530423529,0.0328526127495646,NA,100
"CC-Gcomp","RR",2,-1,"medium",1,25,"coarse_L",0.832095351009277,0.81443192717203,0.0176634238372465,0.0160639055874569,0.0238215262682665,NA,100
"CC-Gcomp","RR",5,-1,"medium",1,25,"correct",0.840285685919417,0.854391316429979,-0.0141056305105622,0.00974683321978961,0.0171178141810441,NA,100
"CC-Gcomp","RR",5,-1,"medium",1,25,"no_tv",0.874050521848344,0.854391316429979,0.0196592054183651,0.0118785875292759,0.0229384871112991,NA,100
"CC-Gcomp","RR",5,-1,"medium",1,25,"coarse_L",0.8606714178213,0.854391316429979,0.00628010139132105,0.0107269162827682,0.0123836884284697,NA,100
"CC-Gcomp","RR",8,-1,"medium",1,25,"correct",0.867287333039905,0.873643531949712,-0.00635619890980634,0.00750072824726876,0.00980303930309397,NA,100
"CC-Gcomp","RR",8,-1,"medium",1,25,"no_tv",0.898583672888538,0.873643531949712,0.0249401409388259,0.00918479927817233,0.0265617688125436,NA,100
"CC-Gcomp","RR",8,-1,"medium",1,25,"coarse_L",0.884563407252381,0.873643531949712,0.0109198753026696,0.00799746006149455,0.0135116042861942,NA,100
"CC-Gcomp","RR",2,-0.7,"medium",1,25,"correct",0.872403073645415,0.878445879711798,-0.00604280606638288,0.0152822020091485,0.016362327047882,NA,100
"CC-Gcomp","RR",2,-0.7,"medium",1,25,"no_tv",0.904512567484919,0.878445879711798,0.0260666877731209,0.0152768539741227,0.0301748348153651,NA,100
"CC-Gcomp","RR",2,-0.7,"medium",1,25,"coarse_L",0.892848504520604,0.878445879711798,0.0144026248088064,0.0146781608785722,0.0205116923751484,NA,100
"CC-Gcomp","RR",5,-0.7,"medium",1,25,"correct",0.893762890145341,0.902036657016575,-0.00827376687123386,0.00889698885696945,0.0121169329804763,NA,100
"CC-Gcomp","RR",5,-0.7,"medium",1,25,"no_tv",0.929405961350157,0.902036657016575,0.0273693043335818,0.0113920742690414,0.0296236456617693,NA,100
"CC-Gcomp","RR",5,-0.7,"medium",1,25,"coarse_L",0.913257699211328,0.902036657016575,0.0112210421947535,0.00954160002248753,0.0146984182011426,NA,100
"CC-Gcomp","RR",8,-0.7,"medium",1,25,"correct",0.909199820058953,0.91398519774654,-0.00478537768758649,0.0067341050476223,0.00823374329799871,NA,100
"CC-Gcomp","RR",8,-0.7,"medium",1,25,"no_tv",0.944106189964037,0.91398519774654,0.0301209922174966,0.00873351429977061,0.0313494130961099,NA,100
"CC-Gcomp","RR",8,-0.7,"medium",1,25,"coarse_L",0.925960662203941,0.91398519774654,0.0119754644574011,0.00731147309053699,0.0140119524455583,NA,100
"CC-Gcomp","RR",2,-0.5,"medium",1,25,"correct",0.912781311844473,0.916995969857005,-0.0042146580125319,0.0118304688386155,0.0125029490591075,NA,100
"CC-Gcomp","RR",2,-0.5,"medium",1,25,"no_tv",0.944083064576552,0.916995969857005,0.0270870947195474,0.0132151794076604,0.0301098863739905,NA,100
"CC-Gcomp","RR",2,-0.5,"medium",1,25,"coarse_L",0.931613534885223,0.916995969857005,0.0146175650282185,0.0112916683818598,0.0184363761203668,NA,100
"CC-Gcomp","RR",5,-0.5,"medium",1,25,"correct",0.924299450378168,0.932168839759687,-0.00786938938151884,0.00795899599049028,0.011164203968167,NA,100
"CC-Gcomp","RR",5,-0.5,"medium",1,25,"no_tv",0.962141084836961,0.932168839759687,0.0299722450772742,0.0102336705394299,0.031654639589714,NA,100
"CC-Gcomp","RR",5,-0.5,"medium",1,25,"coarse_L",0.942956103435508,0.932168839759687,0.0107872636758215,0.008473636268541,0.0136912214249539,NA,100
"CC-Gcomp","RR",8,-0.5,"medium",1,25,"correct",0.935954514842243,0.939691720155475,-0.00373720531323189,0.00673888204050696,0.00767626923691172,NA,100
"CC-Gcomp","RR",8,-0.5,"medium",1,25,"no_tv",0.973459115834737,0.939691720155475,0.0337673956792622,0.00786814035516052,0.0346630288244099,NA,100
"CC-Gcomp","RR",8,-0.5,"medium",1,25,"coarse_L",0.953090223291639,0.939691720155475,0.0133985031361635,0.00678155762414165,0.0150016504045802,NA,100
"CC-Gcomp","RR",2,-1,"strong",2,25,"correct",0.807190077607949,0.813498147909376,-0.00630807030142662,0.0109565200160366,0.0125951033533247,NA,100
"CC-Gcomp","RR",2,-1,"strong",2,25,"no_tv",0.855478425719566,0.813498147909376,0.0419802778101902,0.0136891613502032,0.0441346001693447,NA,100
"CC-Gcomp","RR",2,-1,"strong",2,25,"coarse_L",0.835496890495427,0.813498147909376,0.021998742586051,0.0120307315858147,0.0250446759378586,NA,100
"CC-Gcomp","RR",5,-1,"strong",2,25,"correct",0.84046934830268,0.847647016881975,-0.00717766857929569,0.00830163445527465,0.0109428921915973,NA,100
"CC-Gcomp","RR",5,-1,"strong",2,25,"no_tv",0.894211241736202,0.847647016881975,0.0465642248542263,0.0117231201788167,0.0480029610288225,NA,100
"CC-Gcomp","RR",5,-1,"strong",2,25,"coarse_L",0.864351437400315,0.847647016881975,0.0167044205183399,0.00934874782452137,0.0191196956011638,NA,100
"CC-Gcomp","RR",8,-1,"strong",2,25,"correct",0.865028838346018,0.868015909419281,-0.00298707107326324,0.00699450535902119,0.00757340529497322,NA,100
"CC-Gcomp","RR",8,-1,"strong",2,25,"no_tv",0.920038858559443,0.868015909419281,0.0520229491401615,0.0101016212407963,0.0529849937379954,NA,100
"CC-Gcomp","RR",8,-1,"strong",2,25,"coarse_L",0.887243795705682,0.868015909419281,0.019227886286401,0.00797335228413668,0.0208002455327635,NA,100
"CC-Gcomp","RR",2,-0.7,"strong",2,25,"correct",0.8706879388508,0.878937516259128,-0.00824957740832728,0.0109322590602253,0.0136519109539384,NA,100
"CC-Gcomp","RR",2,-0.7,"strong",2,25,"no_tv",0.922865977185679,0.878937516259128,0.0439284609265515,0.0128470914928046,0.0457504859165649,NA,100
"CC-Gcomp","RR",2,-0.7,"strong",2,25,"coarse_L",0.897364166801598,0.878937516259128,0.0184266505424708,0.0112002923281212,0.0215344731295511,NA,100
"CC-Gcomp","RR",5,-0.7,"strong",2,25,"correct",0.892370769769179,0.898264705974939,-0.00589393620575954,0.00870815713100213,0.0104791299548008,NA,100
"CC-Gcomp","RR",5,-0.7,"strong",2,25,"no_tv",0.951964920274453,0.898264705974939,0.053700214299514,0.0100659646071454,0.054626215527449,NA,100
"CC-Gcomp","RR",5,-0.7,"strong",2,25,"coarse_L",0.917683286820861,0.898264705974939,0.0194185808459222,0.0085226820562893,0.0211894084487483,NA,100
"CC-Gcomp","RR",8,-0.7,"strong",2,25,"correct",0.906206841110527,0.912870188119348,-0.00666334700882025,0.00734291188684736,0.00988834489629978,NA,100
"CC-Gcomp","RR",8,-0.7,"strong",2,25,"no_tv",0.968059559578827,0.912870188119348,0.0551893714594796,0.00937820863886565,0.055972654139265,NA,100
"CC-Gcomp","RR",8,-0.7,"strong",2,25,"coarse_L",0.930853383034026,0.912870188119348,0.0179831949146788,0.00818029492383093,0.019739385809335,NA,100
"CC-Gcomp","RR",2,-0.5,"strong",2,25,"correct",0.913185363302003,0.919944439439018,-0.00675907613701567,0.0124564611212286,0.0141172553867247,NA,100
"CC-Gcomp","RR",2,-0.5,"strong",2,25,"no_tv",0.962316398827051,0.919944439439018,0.0423719593880327,0.0136730614666738,0.0445024271939612,NA,100
"CC-Gcomp","RR",2,-0.5,"strong",2,25,"coarse_L",0.937124625557692,0.919944439439018,0.017180186118674,0.0124521837452026,0.0211817163208349,NA,100
"CC-Gcomp","RR",5,-0.5,"strong",2,25,"correct",0.929240585395688,0.930220082076693,-0.000979496681004312,0.00944564573025851,0.00944920286463539,NA,100
"CC-Gcomp","RR",5,-0.5,"strong",2,25,"no_tv",0.994572200701321,0.930220082076693,0.0643521186246287,0.0118975564074599,0.0654318844407089,NA,100
"CC-Gcomp","RR",5,-0.5,"strong",2,25,"coarse_L",0.955807180676097,0.930220082076693,0.0255870985994045,0.0099826466482239,0.0274473371476708,NA,100
"CC-Gcomp","RR",8,-0.5,"strong",2,25,"correct",0.933539470784798,0.941418510637448,-0.00787903985264987,0.00687428768161917,0.0104337213791633,NA,100
"CC-Gcomp","RR",8,-0.5,"strong",2,25,"no_tv",0.999426079319171,0.941418510637448,0.0580075686817229,0.0102577551979443,0.0588986192592725,NA,100
"CC-Gcomp","RR",8,-0.5,"strong",2,25,"coarse_L",0.958952346159362,0.941418510637448,0.0175338355219139,0.00805055409680288,0.0192768953714654,NA,100
"Federated CCW","OR",2,-1,"small",0.4,25,"correct",0.412358202292133,0.395980211524218,0.0163779907679141,0.0689155195969573,0.0704988931437884,0.95,100
"Federated CCW","OR",2,-1,"small",0.4,25,"no_tv",0.369463360855093,0.395980211524218,-0.0265168506691256,0.0603936032533536,0.0656814799634795,0.93,100
"Federated CCW","OR",2,-1,"small",0.4,25,"coarse_L",0.389278551506396,0.395980211524218,-0.00670166001782209,0.0655320605867285,0.0655470724143321,0.97,100
"Federated CCW","OR",5,-1,"small",0.4,25,"correct",0.490402157148713,0.475944887890831,0.0144572692578818,0.0513769438832362,0.0531244491128923,0.96,100
"Federated CCW","OR",5,-1,"small",0.4,25,"no_tv",0.465448473629174,0.475944887890831,-0.0104964142616567,0.045591821034897,0.0465618160747367,0.96,100
"Federated CCW","OR",5,-1,"small",0.4,25,"coarse_L",0.476372049097809,0.475944887890831,0.000427161206978614,0.0481656767513933,0.047926146928866,0.96,100
"Federated CCW","OR",8,-1,"small",0.4,25,"correct",0.535044676194642,0.52550094078331,0.00954373541133228,0.0385837387343915,0.0395588262133504,0.99,100
"Federated CCW","OR",8,-1,"small",0.4,25,"no_tv",0.519930451993004,0.52550094078331,-0.00557048879030539,0.0372570348420535,0.037486479217615,0.99,100
"Federated CCW","OR",8,-1,"small",0.4,25,"coarse_L",0.524069257382689,0.52550094078331,-0.00143168340062098,0.0381745774074578,0.0380101972369945,0.97,100
"Federated CCW","OR",2,-0.7,"small",0.4,25,"correct",0.544331312935828,0.515785553758757,0.0285457591770708,0.0951285482165899,0.0988625644313025,0.93,100
"Federated CCW","OR",2,-0.7,"small",0.4,25,"no_tv",0.491906393243469,0.515785553758757,-0.0238791605152888,0.0757725902719775,0.0790840368789724,0.96,100
"Federated CCW","OR",2,-0.7,"small",0.4,25,"coarse_L",0.514913992975917,0.515785553758757,-0.000871560782840908,0.0873088240103844,0.0868755550242627,0.95,100
"Federated CCW","OR",5,-0.7,"small",0.4,25,"correct",0.590900104833738,0.584882879899219,0.00601722493451837,0.0559361520738313,0.055980099800296,0.98,100
"Federated CCW","OR",5,-0.7,"small",0.4,25,"no_tv",0.55950819458177,0.584882879899219,-0.0253746853174497,0.052379328598883,0.0579657897279479,0.95,100
"Federated CCW","OR",5,-0.7,"small",0.4,25,"coarse_L",0.573425915305739,0.584882879899219,-0.0114569645934809,0.0566255373163506,0.0574947736694217,0.96,100
"Federated CCW","OR",8,-0.7,"small",0.4,25,"correct",0.620604122966113,0.627234826617113,-0.00663070365100007,0.0445819273288725,0.044851298674851,0.97,100
"Federated CCW","OR",8,-0.7,"small",0.4,25,"no_tv",0.599190988162392,0.627234826617113,-0.0280438384547208,0.0419378093930018,0.0502757290687205,0.96,100
"Federated CCW","OR",8,-0.7,"small",0.4,25,"coarse_L",0.606667284698513,0.627234826617113,-0.0205675419185994,0.0430570650669449,0.0475225790991049,0.97,100
"Federated CCW","OR",2,-0.5,"small",0.4,25,"correct",0.660738840073395,0.620201383623443,0.0405374564499523,0.148043606296264,0.152777700097177,0.95,100
"Federated CCW","OR",2,-0.5,"small",0.4,25,"no_tv",0.592787491708747,0.620201383623443,-0.0274138919146956,0.130814368248654,0.133014271492957,0.93,100
"Federated CCW","OR",2,-0.5,"small",0.4,25,"coarse_L",0.622484247661481,0.620201383623443,0.00228286403803851,0.146225980807549,0.145510922465341,0.96,100
"Federated CCW","OR",5,-0.5,"small",0.4,25,"correct",0.701657784137024,0.677219536705431,0.0244382474315932,0.091732698273869,0.0944879198141562,0.93,100
"Federated CCW","OR",5,-0.5,"small",0.4,25,"no_tv",0.666852700897991,0.677219536705431,-0.0103668358074403,0.0788707914211751,0.0791572296550789,0.96,100
"Federated CCW","OR",5,-0.5,"small",0.4,25,"coarse_L",0.678700943469015,0.677219536705431,0.0014814067635843,0.0841755100314208,0.0837666752960777,0.97,100
"Federated CCW","OR",8,-0.5,"small",0.4,25,"correct",0.706150660603983,0.711357484010723,-0.00520682340673998,0.0568278492348725,0.0567822279781602,0.96,100
"Federated CCW","OR",8,-0.5,"small",0.4,25,"no_tv",0.680713171165641,0.711357484010723,-0.0306443128450819,0.0519855156149689,0.0601210678977335,0.95,100
"Federated CCW","OR",8,-0.5,"small",0.4,25,"coarse_L",0.689293302939509,0.711357484010723,-0.0220641810712147,0.0552585196001362,0.059243540026386,0.95,100
"Federated CCW","OR",2,-1,"medium",1,25,"correct",0.420759247482428,0.398450887254619,0.0223083602278082,0.0856712737828098,0.0881126234776103,0.95,100
"Federated CCW","OR",2,-1,"medium",1,25,"no_tv",0.370022214568268,0.398450887254619,-0.028428672686351,0.06388511127225,0.0696324909690352,0.98,100
"Federated CCW","OR",2,-1,"medium",1,25,"coarse_L",0.394971080247525,0.398450887254619,-0.00347980700709428,0.0724917716330497,0.0722122942563097,0.98,100
"Federated CCW","OR",5,-1,"medium",1,25,"correct",0.478395019168344,0.46965661300255,0.00873840616579379,0.0631042151224602,0.0633930618354872,0.96,100
"Federated CCW","OR",5,-1,"medium",1,25,"no_tv",0.448441312810853,0.46965661300255,-0.0212153001916975,0.0479725258397909,0.0522344576435781,0.97,100
"Federated CCW","OR",5,-1,"medium",1,25,"coarse_L",0.452573194007089,0.46965661300255,-0.0170834189954611,0.0538323225280876,0.0562208410098502,0.99,100
"Federated CCW","OR",8,-1,"medium",1,25,"correct",0.524806963279381,0.510506292913528,0.0143006703658524,0.0742385312295199,0.0752379897182135,0.96,100
"Federated CCW","OR",8,-1,"medium",1,25,"no_tv",0.506868426415195,0.510506292913528,-0.00363786649833317,0.050936724401804,0.0508117945610778,0.97,100
"Federated CCW","OR",8,-1,"medium",1,25,"coarse_L",0.500055659616449,0.510506292913528,-0.0104506332970792,0.0649826432907259,0.0654960474079867,0.96,100
"Federated CCW","OR",2,-0.7,"medium",1,25,"correct",0.574259044678005,0.521686810592693,0.0525722340853121,0.14986714290744,0.158111981566001,0.92,100
"Federated CCW","OR",2,-0.7,"medium",1,25,"no_tv",0.50451804293794,0.521686810592693,-0.0171687676547523,0.128303915347292,0.128810101813846,0.97,100
"Federated CCW","OR",2,-0.7,"medium",1,25,"coarse_L",0.524543300915746,0.521686810592693,0.00285649032305309,0.151909096949062,0.1511746325793,0.92,100
"Federated CCW","OR",5,-0.7,"medium",1,25,"correct",0.614190183795881,0.581533658138423,0.0326565256574576,0.115950076982225,0.119901729831885,0.89,100
"Federated CCW","OR",5,-0.7,"medium",1,25,"no_tv",0.555781488053038,0.581533658138423,-0.0257521700853853,0.0941691296269824,0.0971716058787905,0.89,100
"Federated CCW","OR",5,-0.7,"medium",1,25,"coarse_L",0.572446444149678,0.581533658138423,-0.00908721398874498,0.105686472162423,0.105548621744836,0.89,100
"Federated CCW","OR",8,-0.7,"medium",1,25,"correct",0.612823110390225,0.615800458666507,-0.00297734827628209,0.0763505970624004,0.0760262069146255,1,100
"Federated CCW","OR",8,-0.7,"medium",1,25,"no_tv",0.587762774327462,0.615800458666507,-0.0280376843390452,0.0593630504546576,0.0653822895345929,0.98,100
"Federated CCW","OR",8,-0.7,"medium",1,25,"coarse_L",0.57873599003562,0.615800458666507,-0.0370644686308866,0.0671377008938389,0.0763948362612778,0.94,100
"Federated CCW","OR",2,-0.5,"medium",1,25,"correct",0.653935139667412,0.625092641725385,0.028842497942027,0.231714468907734,0.232350099715316,0.89,100
"Federated CCW","OR",2,-0.5,"medium",1,25,"no_tv",0.565238493129419,0.625092641725385,-0.0598541485959664,0.17322855162808,0.182457033003167,0.88,100
"Federated CCW","OR",2,-0.5,"medium",1,25,"coarse_L",0.599058194363173,0.625092641725385,-0.0260344473622121,0.198721152125644,0.1994316619511,0.9,100
"Federated CCW","OR",5,-0.5,"medium",1,25,"correct",0.65708839334247,0.674696170529515,-0.0176077771870443,0.131672538926886,0.132190448784496,0.88,100
"Federated CCW","OR",5,-0.5,"medium",1,25,"no_tv",0.60915192913146,0.674696170529515,-0.0655442413980547,0.109951867563112,0.127532610062119,0.87,100
"Federated CCW","OR",5,-0.5,"medium",1,25,"coarse_L",0.619341110321047,0.674696170529515,-0.0553550602084679,0.115072881980877,0.127175206610385,0.89,100
"Federated CCW","OR",8,-0.5,"medium",1,25,"correct",0.694564163631469,0.70152040342131,-0.00695623978984068,0.101098778105452,0.100832249687712,0.97,100
"Federated CCW","OR",8,-0.5,"medium",1,25,"no_tv",0.661324155999499,0.70152040342131,-0.0401962474218106,0.0766352096394592,0.0861972395713137,0.96,100
"Federated CCW","OR",8,-0.5,"medium",1,25,"coarse_L",0.658393138232708,0.70152040342131,-0.043127265188602,0.0870694014846951,0.0967741229399781,0.95,100
"Federated CCW","OR",2,-1,"strong",2,25,"correct",0.517656875311455,0.397593206336786,0.120063668974669,0.162703676781029,0.201551596821618,0.88,100
"Federated CCW","OR",2,-1,"strong",2,25,"no_tv",0.452985726573217,0.397593206336786,0.0553925202364309,0.113609752349824,0.125882625365226,0.9,100
"Federated CCW","OR",2,-1,"strong",2,25,"coarse_L",0.47917577118206,0.397593206336786,0.0815825648452735,0.16933960227978,0.187202715733519,0.85,100
"Federated CCW","OR",5,-1,"strong",2,25,"correct",0.532774260986886,0.455656781888052,0.0771174790988337,0.190021021714547,0.204191122209231,0.82,100
"Federated CCW","OR",5,-1,"strong",2,25,"no_tv",0.478496176482175,0.455656781888052,0.022839394594123,0.116786289629283,0.118424174121449,0.92,100
"Federated CCW","OR",5,-1,"strong",2,25,"coarse_L",0.505238748323982,0.455656781888052,0.0495819664359306,0.151964502382876,0.159124634423097,0.8,100
"Federated CCW","OR",8,-1,"strong",2,25,"correct",0.54782024526255,0.503489084518633,0.0443311607439165,0.167864054797993,0.172805698103952,0.88,100
"Federated CCW","OR",8,-1,"strong",2,25,"no_tv",0.544171680206336,0.503489084518633,0.0406825956877028,0.125901280553316,0.131710647680452,0.92,100
"Federated CCW","OR",8,-1,"strong",2,25,"coarse_L",0.556592529914493,0.503489084518633,0.0531034453958597,0.128919207561327,0.138830603147754,0.88,100
"Federated CCW","OR",2,-0.7,"strong",2,25,"correct",0.738537031587233,0.523482950163268,0.215054081423964,0.433941122066267,0.482358897899722,0.89,100
"Federated CCW","OR",2,-0.7,"strong",2,25,"no_tv",0.648706932359902,0.523482950163268,0.125223982196634,0.214463256863075,0.247417843689692,0.82,100
"Federated CCW","OR",2,-0.7,"strong",2,25,"coarse_L",0.719219902545044,0.523482950163268,0.195736952381776,0.315565377502762,0.369998171524376,0.84,100
"Federated CCW","OR",5,-0.7,"strong",2,25,"correct",0.648726286700057,0.570523220850352,0.0782030658497052,0.299013767117993,0.307621293322042,0.79,100
"Federated CCW","OR",5,-0.7,"strong",2,25,"no_tv",0.586669628249198,0.570523220850352,0.0161464073988459,0.209583757838355,0.209157367802426,0.84,100
"Federated CCW","OR",5,-0.7,"strong",2,25,"coarse_L",0.644779650308372,0.570523220850352,0.0742564294580204,0.256553043504675,0.265848240178585,0.78,100
"Federated CCW","OR",8,-0.7,"strong",2,25,"correct",0.739354589090159,0.617658730232718,0.121695858857441,0.25344688080673,0.280005089667678,0.84,100
"Federated CCW","OR",8,-0.7,"strong",2,25,"no_tv",0.6695892024156,0.617658730232718,0.0519304721828826,0.123187010584352,0.133116727431526,0.94,100
"Federated CCW","OR",8,-0.7,"strong",2,25,"coarse_L",0.728123045044498,0.617658730232718,0.11046431481178,0.209165615092644,0.235616461306398,0.82,100
"Federated CCW","OR",2,-0.5,"strong",2,25,"correct",1.10995171845064,0.634874527339976,0.475077191110664,0.604372489212158,0.766362696230012,0.67,100
"Federated CCW","OR",2,-0.5,"strong",2,25,"no_tv",0.794383523005581,0.634874527339976,0.159508995665605,0.286589918454371,0.326734698561901,0.87,100
"Federated CCW","OR",2,-0.5,"strong",2,25,"coarse_L",0.985085827885691,0.634874527339976,0.350211300545715,0.517172258414482,0.622447129043681,0.75,100
"Federated CCW","OR",5,-0.5,"strong",2,25,"correct",0.834044400199593,0.667293803841424,0.16675059635817,0.33669789266563,0.374215950491192,0.79,100
"Federated CCW","OR",5,-0.5,"strong",2,25,"no_tv",0.762966868364008,0.667293803841424,0.0956730645225845,0.230549300540049,0.248545338831476,0.86,100
"Federated CCW","OR",5,-0.5,"strong",2,25,"coarse_L",0.796823848140996,0.667293803841424,0.129530044299572,0.256579517910852,0.286273908866143,0.88,100
"Federated CCW","OR",8,-0.5,"strong",2,25,"correct",0.823258125805168,0.712467200321173,0.110790925483996,0.302151769854889,0.320401879326226,0.83,100
"Federated CCW","OR",8,-0.5,"strong",2,25,"no_tv",0.81042667367216,0.712467200321173,0.0979594733509876,0.234438953341714,0.252998152235785,0.87,100
"Federated CCW","OR",8,-0.5,"strong",2,25,"coarse_L",0.812338553906369,0.712467200321173,0.0998713535851966,0.240312150999696,0.25912683744811,0.88,100
"CC-Gcomp","OR",2,-1,"small",0.4,25,"correct",0.393565291693931,0.395980211524218,-0.00241491983028769,0.0293155474102742,0.0292683983940207,NA,100
"CC-Gcomp","OR",2,-1,"small",0.4,25,"no_tv",0.408128532868755,0.395980211524218,0.012148321344537,0.0346774616977729,0.0365798140754246,NA,100
"CC-Gcomp","OR",2,-1,"small",0.4,25,"coarse_L",0.413005440685295,0.395980211524218,0.0170252291610768,0.0307724373300019,0.0350332969933432,NA,100
"CC-Gcomp","OR",5,-1,"small",0.4,25,"correct",0.450704997658132,0.475944887890831,-0.0252398902326989,0.0223239919358737,0.0336218540350189,NA,100
"CC-Gcomp","OR",5,-1,"small",0.4,25,"no_tv",0.468783723396337,0.475944887890831,-0.00716116449449379,0.0289990878458813,0.0297291086622422,NA,100
"CC-Gcomp","OR",5,-1,"small",0.4,25,"coarse_L",0.469301386140519,0.475944887890831,-0.00664350175031219,0.0250641494480361,0.0258082464957299,NA,100
"CC-Gcomp","OR",8,-1,"small",0.4,25,"correct",0.499191180888479,0.52550094078331,-0.0263097598948311,0.019568132318617,0.0327305079419519,NA,100
"CC-Gcomp","OR",8,-1,"small",0.4,25,"no_tv",0.523038862881703,0.52550094078331,-0.00246207790160664,0.0243088655220351,0.0243120044655368,NA,100
"CC-Gcomp","OR",8,-1,"small",0.4,25,"coarse_L",0.516414514411889,0.52550094078331,-0.00908642637142118,0.0208491614584574,0.0226473795921046,NA,100
"CC-Gcomp","OR",2,-0.7,"small",0.4,25,"correct",0.517754417634205,0.515785553758757,0.00196886387544788,0.0391152650664457,0.0389689664549391,NA,100
"CC-Gcomp","OR",2,-0.7,"small",0.4,25,"no_tv",0.544774257640841,0.515785553758757,0.0289887038820834,0.0432175396444789,0.051859648363212,NA,100
"CC-Gcomp","OR",2,-0.7,"small",0.4,25,"coarse_L",0.539405592052538,0.515785553758757,0.0236200382937805,0.0409816131101365,0.0471232840109588,NA,100
"CC-Gcomp","OR",5,-0.7,"small",0.4,25,"correct",0.554785102349841,0.584882879899219,-0.0300977775493784,0.0245702785976164,0.0387754795956505,NA,100
"CC-Gcomp","OR",5,-0.7,"small",0.4,25,"no_tv",0.587124377256973,0.584882879899219,0.00224149735775389,0.0307913466596719,0.0307188910807299,NA,100
"CC-Gcomp","OR",5,-0.7,"small",0.4,25,"coarse_L",0.575692535128166,0.584882879899219,-0.00919034477105355,0.0270458539867262,0.0284363477384743,NA,100
"CC-Gcomp","OR",8,-0.7,"small",0.4,25,"correct",0.599702108030506,0.627234826617113,-0.0275327185866066,0.0204639011522456,0.034243745861609,NA,100
"CC-Gcomp","OR",8,-0.7,"small",0.4,25,"no_tv",0.63599988681756,0.627234826617113,0.00876506020044759,0.0229213401914438,0.0244327697596414,NA,100
"CC-Gcomp","OR",8,-0.7,"small",0.4,25,"coarse_L",0.620774444097482,0.627234826617113,-0.00646038251963083,0.0220016330131681,0.0228247164055464,NA,100
"CC-Gcomp","OR",2,-0.5,"small",0.4,25,"correct",0.616961675853312,0.620201383623443,-0.00323970777013053,0.0517625629212683,0.051604893153773,NA,100
"CC-Gcomp","OR",2,-0.5,"small",0.4,25,"no_tv",0.650008624959191,0.620201383623443,0.0298072413357488,0.061350876210241,0.0679320421281021,NA,100
"CC-Gcomp","OR",2,-0.5,"small",0.4,25,"coarse_L",0.64129221744402,0.620201383623443,0.0210908338205776,0.0546972890018304,0.0583669320862034,NA,100
"CC-Gcomp","OR",5,-0.5,"small",0.4,25,"correct",0.659640395542786,0.677219536705431,-0.0175791411626444,0.0314442657943684,0.0358870538892453,NA,100
"CC-Gcomp","OR",5,-0.5,"small",0.4,25,"no_tv",0.71191964678447,0.677219536705431,0.0347001100790394,0.0419363540101892,0.0542694098852077,NA,100
"CC-Gcomp","OR",5,-0.5,"small",0.4,25,"coarse_L",0.685325481822714,0.677219536705431,0.00810594511728321,0.0349466705870903,0.0357038293956794,NA,100
"CC-Gcomp","OR",8,-0.5,"small",0.4,25,"correct",0.683986247183531,0.711357484010723,-0.0273712368271922,0.0240240618682755,0.0363396284875681,NA,100
"CC-Gcomp","OR",8,-0.5,"small",0.4,25,"no_tv",0.733807481686301,0.711357484010723,0.0224499976755778,0.0290120954668937,0.0365689357539948,NA,100
"CC-Gcomp","OR",8,-0.5,"small",0.4,25,"coarse_L",0.709376919129346,0.711357484010723,-0.00198056488137757,0.0244492028765202,0.0244071408266847,NA,100
"CC-Gcomp","OR",2,-1,"medium",1,25,"correct",0.389709440619233,0.398450887254619,-0.00874144663538616,0.025789765696137,0.0271085555460694,NA,100
"CC-Gcomp","OR",2,-1,"medium",1,25,"no_tv",0.440906658723909,0.398450887254619,0.0424557714692896,0.032772888096396,0.0535332990136947,NA,100
"CC-Gcomp","OR",2,-1,"medium",1,25,"coarse_L",0.424508645767128,0.398450887254619,0.0260577585125085,0.0279566208924692,0.0381151374640602,NA,100
"CC-Gcomp","OR",5,-1,"medium",1,25,"correct",0.445711797614221,0.46965661300255,-0.023944815388329,0.0195497302105646,0.0308500278083174,NA,100
"CC-Gcomp","OR",5,-1,"medium",1,25,"no_tv",0.516427403690473,0.46965661300255,0.0467707906879225,0.0296513727021934,0.0552984513857902,NA,100
"CC-Gcomp","OR",5,-1,"medium",1,25,"coarse_L",0.486209115500923,0.46965661300255,0.0165525024983723,0.0241351925982089,0.0291662096525025,NA,100
"CC-Gcomp","OR",8,-1,"medium",1,25,"correct",0.495271819605191,0.510506292913528,-0.0152344733083375,0.0178185129572419,0.0233754911595408,NA,100
"CC-Gcomp","OR",8,-1,"medium",1,25,"no_tv",0.578002225843643,0.510506292913528,0.0674959329301148,0.0268774504995494,0.0726007874200323,NA,100
"CC-Gcomp","OR",8,-1,"medium",1,25,"coarse_L",0.537456102033736,0.510506292913528,0.0269498091202079,0.0214192572248504,0.0343582442199729,NA,100
"CC-Gcomp","OR",2,-0.7,"medium",1,25,"correct",0.513331787069285,0.521686810592693,-0.00835502352340731,0.0339236200642975,0.0347722633195027,NA,100
"CC-Gcomp","OR",2,-0.7,"medium",1,25,"no_tv",0.589878304509032,0.521686810592693,0.0681914939163391,0.0449230718504813,0.0815351544009134,NA,100
"CC-Gcomp","OR",2,-0.7,"medium",1,25,"coarse_L",0.560487884834821,0.521686810592693,0.0388010742421286,0.0380515269953368,0.0542122023344676,NA,100
"CC-Gcomp","OR",5,-0.7,"medium",1,25,"correct",0.56191188013218,0.581533658138423,-0.0196217780062432,0.0274016119100594,0.0335909812902675,NA,100
"CC-Gcomp","OR",5,-0.7,"medium",1,25,"no_tv",0.66927491038378,0.581533658138423,0.0877412522453572,0.0437243664979573,0.0979348220449427,NA,100
"CC-Gcomp","OR",5,-0.7,"medium",1,25,"coarse_L",0.616729801834978,0.581533658138423,0.0351961436965554,0.0333444920956962,0.0483684311581151,NA,100
"CC-Gcomp","OR",8,-0.7,"medium",1,25,"correct",0.601906912681082,0.615800458666507,-0.0138935459854251,0.023495778835368,0.0271948842045493,NA,100
"CC-Gcomp","OR",8,-0.7,"medium",1,25,"no_tv",0.724432753366466,0.615800458666507,0.108632294699958,0.036565499726054,0.114562824966446,NA,100
"CC-Gcomp","OR",8,-0.7,"medium",1,25,"coarse_L",0.656432229344863,0.615800458666507,0.0406317706783559,0.0272901632010471,0.0488696865748379,NA,100
"CC-Gcomp","OR",2,-0.5,"medium",1,25,"correct",0.613986764008117,0.625092641725385,-0.0111058777172681,0.0356530794160982,0.0371721827581191,NA,100
"CC-Gcomp","OR",2,-0.5,"medium",1,25,"no_tv",0.717077278940803,0.625092641725385,0.0919846372154177,0.0510376115661935,0.105071227746181,NA,100
"CC-Gcomp","OR",2,-0.5,"medium",1,25,"coarse_L",0.672370887027387,0.625092641725385,0.0472782453020016,0.0388073868536081,0.0610424902874856,NA,100
"CC-Gcomp","OR",5,-0.5,"medium",1,25,"correct",0.651553551184324,0.674696170529515,-0.023142619345191,0.0280357178799374,0.0362453071780253,NA,100
"CC-Gcomp","OR",5,-0.5,"medium",1,25,"no_tv",0.798156061699579,0.674696170529515,0.123459891170064,0.0493272419499989,0.132857780194213,NA,100
"CC-Gcomp","OR",5,-0.5,"medium",1,25,"coarse_L",0.717552561837904,0.674696170529515,0.0428563913083892,0.0343701092097284,0.0548284747097304,NA,100
"CC-Gcomp","OR",8,-0.5,"medium",1,25,"correct",0.6896777288462,0.70152040342131,-0.0118426745751098,0.0271838054706402,0.0295265749479838,NA,100
"CC-Gcomp","OR",8,-0.5,"medium",1,25,"no_tv",0.852486805506052,0.70152040342131,0.150966402084743,0.0403534655235485,0.156214508661567,NA,100
"CC-Gcomp","OR",8,-0.5,"medium",1,25,"coarse_L",0.757170216436293,0.70152040342131,0.0556498130149834,0.0312639676979059,0.0637539254325266,NA,100
"CC-Gcomp","OR",2,-1,"strong",2,25,"correct",0.392959750334044,0.397593206336786,-0.00463345600274227,0.0168161477679487,0.0173615642159715,NA,100
"CC-Gcomp","OR",2,-1,"strong",2,25,"no_tv",0.476366315903677,0.397593206336786,0.0787731095668907,0.0278551403048596,0.0835066017978623,NA,100
"CC-Gcomp","OR",2,-1,"strong",2,25,"coarse_L",0.439106688072627,0.397593206336786,0.0415134817358402,0.0213767060885632,0.0466450757679392,NA,100
"CC-Gcomp","OR",5,-1,"strong",2,25,"correct",0.445546749885345,0.455656781888052,-0.0101100320027071,0.0187126483726656,0.0211866543872221,NA,100
"CC-Gcomp","OR",5,-1,"strong",2,25,"no_tv",0.57459506024114,0.455656781888052,0.118938278353088,0.0339592711175308,0.123644708060969,NA,100
"CC-Gcomp","OR",5,-1,"strong",2,25,"coarse_L",0.4962530387115,0.455656781888052,0.0405962568234481,0.0234758295352171,0.0468365188151112,NA,100
"CC-Gcomp","OR",8,-1,"strong",2,25,"correct",0.493346717783676,0.503489084518633,-0.0101423667349571,0.0167929655374602,0.0195461315255287,NA,100
"CC-Gcomp","OR",8,-1,"strong",2,25,"no_tv",0.656388570149462,0.503489084518633,0.152899485630828,0.0346553456677983,0.15673938802896,NA,100
"CC-Gcomp","OR",8,-1,"strong",2,25,"coarse_L",0.55111067247343,0.503489084518633,0.0476215879547969,0.0219476013045697,0.0523898451069534,NA,100
"CC-Gcomp","OR",2,-0.7,"strong",2,25,"correct",0.504347900524334,0.523482950163268,-0.0191350496389338,0.0268432607352597,0.0328558239147428,NA,100
"CC-Gcomp","OR",2,-0.7,"strong",2,25,"no_tv",0.643877417806305,0.523482950163268,0.120394467643036,0.0443226869058135,0.128217328812666,NA,100
"CC-Gcomp","OR",2,-0.7,"strong",2,25,"coarse_L",0.568876216893773,0.523482950163268,0.0453932667305052,0.0325488032329684,0.0557618060185133,NA,100
"CC-Gcomp","OR",5,-0.7,"strong",2,25,"correct",0.55566053117341,0.570523220850352,-0.0148626896769414,0.0247639741203805,0.028775361240575,NA,100
"CC-Gcomp","OR",5,-0.7,"strong",2,25,"no_tv",0.758720231134888,0.570523220850352,0.188197010284536,0.0436116572876533,0.193134853314724,NA,100
"CC-Gcomp","OR",5,-0.7,"strong",2,25,"coarse_L",0.630049236547188,0.570523220850352,0.0595260156968362,0.0289860576516442,0.0661448120984751,NA,100
"CC-Gcomp","OR",8,-0.7,"strong",2,25,"correct",0.596322014130821,0.617658730232718,-0.0213367161018963,0.0235602194917809,0.0316983999136992,NA,100
"CC-Gcomp","OR",8,-0.7,"strong",2,25,"no_tv",0.835753807769497,0.617658730232718,0.218095077536779,0.0441084079658391,0.222466984028017,NA,100
"CC-Gcomp","OR",8,-0.7,"strong",2,25,"coarse_L",0.679110828601513,0.617658730232718,0.0614520983687957,0.0307709721325587,0.068656715568479,NA,100
"CC-Gcomp","OR",2,-0.5,"strong",2,25,"correct",0.613461402049843,0.634874527339976,-0.0214131252901326,0.0398118228845877,0.0450294721673568,NA,100
"CC-Gcomp","OR",2,-0.5,"strong",2,25,"no_tv",0.795097860775107,0.634874527339976,0.160223333435132,0.0631650459118802,0.172108806781828,NA,100
"CC-Gcomp","OR",2,-0.5,"strong",2,25,"coarse_L",0.691419979065734,0.634874527339976,0.0565454517257587,0.0475566245073613,0.0737319762386641,NA,100
"CC-Gcomp","OR",5,-0.5,"strong",2,25,"correct",0.664786596478532,0.667293803841424,-0.00250720736289118,0.0335175619389664,0.0334436657307428,NA,100
"CC-Gcomp","OR",5,-0.5,"strong",2,25,"no_tv",0.970136651314765,0.667293803841424,0.302842847473342,0.0724539056988963,0.311305096380185,NA,100
"CC-Gcomp","OR",5,-0.5,"strong",2,25,"coarse_L",0.768648816058623,0.667293803841424,0.101355012217199,0.0436012312952941,0.110249241259565,NA,100
"CC-Gcomp","OR",8,-0.5,"strong",2,25,"correct",0.682974493036184,0.712467200321173,-0.0294927072849889,0.0274420104330154,0.0401914553137568,NA,100
"CC-Gcomp","OR",8,-0.5,"strong",2,25,"no_tv",0.99857005509527,0.712467200321173,0.286102854774097,0.0617077656885133,0.292616837131246,NA,100
"CC-Gcomp","OR",8,-0.5,"strong",2,25,"coarse_L",0.78686456156904,0.712467200321173,0.074397361247867,0.0371677757538302,0.0830818661296661,NA,100
"Federated CCW","RMST_diff",2,-1,"small",0.4,25,"correct",3.72022123429961,3.79861853657404,-0.078397302274431,0.550891859433146,0.553708550941486,0.95,100
"Federated CCW","RMST_diff",2,-1,"small",0.4,25,"no_tv",4.06211148801043,3.79861853657404,0.263492951436387,0.555113529321879,0.611962462564893,0.95,100
"Federated CCW","RMST_diff",2,-1,"small",0.4,25,"coarse_L",3.9105506642431,3.79861853657404,0.111932127669057,0.555858092268657,0.564284713382941,0.95,100
"Federated CCW","RMST_diff",5,-1,"small",0.4,25,"correct",2.2499954601302,2.29737493833465,-0.047379478204457,0.300924156042642,0.303141236337129,0.94,100
"Federated CCW","RMST_diff",5,-1,"small",0.4,25,"no_tv",2.35817642974859,2.29737493833465,0.0608014914139327,0.280855461788769,0.285985688226833,0.94,100
"Federated CCW","RMST_diff",5,-1,"small",0.4,25,"coarse_L",2.32532942499785,2.29737493833465,0.0279544866631971,0.287457601636234,0.287379552744578,0.95,100
"Federated CCW","RMST_diff",8,-1,"small",0.4,25,"correct",1.66917955133642,1.69602919128171,-0.0268496399452853,0.166565443443382,0.167891362628299,0.97,100
"Federated CCW","RMST_diff",8,-1,"small",0.4,25,"no_tv",1.70829611558025,1.69602919128171,0.0122669242985464,0.172093564122027,0.171669771060155,0.96,100
"Federated CCW","RMST_diff",8,-1,"small",0.4,25,"coarse_L",1.70790519265359,1.69602919128171,0.0118760013718803,0.173219071251344,0.172759479008567,0.98,100
"Federated CCW","RMST_diff",2,-0.7,"small",0.4,25,"correct",2.58846808540683,2.63492614076516,-0.046458055358328,0.558696499426887,0.557833946255349,0.96,100
"Federated CCW","RMST_diff",2,-0.7,"small",0.4,25,"no_tv",2.87724478137007,2.63492614076516,0.242318640604915,0.559600842404726,0.607239570002229,0.94,100
"Federated CCW","RMST_diff",2,-0.7,"small",0.4,25,"coarse_L",2.79026615248189,2.63492614076516,0.155340011716737,0.592378710863661,0.609535832378871,0.96,100
"Federated CCW","RMST_diff",5,-0.7,"small",0.4,25,"correct",1.63124717548318,1.61557277851707,0.0156743969661132,0.257092269560952,0.256283353805066,0.98,100
"Federated CCW","RMST_diff",5,-0.7,"small",0.4,25,"no_tv",1.73326464673089,1.61557277851707,0.117691868213824,0.265296277859183,0.289014999159451,0.95,100
"Federated CCW","RMST_diff",5,-0.7,"small",0.4,25,"coarse_L",1.70488525078227,1.61557277851707,0.0893124722652061,0.271855510075619,0.284856247740879,0.97,100
"Federated CCW","RMST_diff",8,-0.7,"small",0.4,25,"correct",1.23681140113931,1.20128404026569,0.03552736087362,0.169006414253441,0.171871259228709,0.97,100
"Federated CCW","RMST_diff",8,-0.7,"small",0.4,25,"no_tv",1.26731768907476,1.20128404026569,0.0660336488090729,0.164758218422589,0.176732171964947,0.97,100
"Federated CCW","RMST_diff",8,-0.7,"small",0.4,25,"coarse_L",1.27249833524168,1.20128404026569,0.0712142949759891,0.174235857277436,0.187419391820905,0.96,100
"Federated CCW","RMST_diff",2,-0.5,"small",0.4,25,"correct",1.82873389449338,1.85122454220699,-0.0224906477136113,0.646641096370923,0.643792738134883,0.95,100
"Federated CCW","RMST_diff",2,-0.5,"small",0.4,25,"no_tv",2.09551903523801,1.85122454220699,0.24429449303102,0.61952526154443,0.663063521481962,0.91,100
"Federated CCW","RMST_diff",2,-0.5,"small",0.4,25,"coarse_L",2.01733041011473,1.85122454220699,0.166105867907732,0.644952843384094,0.662869284128264,0.91,100
"Federated CCW","RMST_diff",5,-0.5,"small",0.4,25,"correct",1.07803059152993,1.14714745904953,-0.0691168675196009,0.290725554604445,0.297410954732309,0.98,100
"Federated CCW","RMST_diff",5,-0.5,"small",0.4,25,"no_tv",1.15641152247223,1.14714745904953,0.00926406342269924,0.27304020060072,0.271829476885308,0.98,100
"Federated CCW","RMST_diff",5,-0.5,"small",0.4,25,"coarse_L",1.15864113438283,1.14714745904953,0.0114936753332959,0.278938334074685,0.277778028013131,0.98,100
"Federated CCW","RMST_diff",8,-0.5,"small",0.4,25,"correct",0.881453713689662,0.858500773417477,0.0229529402721853,0.173549091623985,0.174197967263151,0.97,100
"Federated CCW","RMST_diff",8,-0.5,"small",0.4,25,"no_tv",0.915000450843221,0.858500773417477,0.0564996774257443,0.156124681282449,0.165297853869021,0.99,100
"Federated CCW","RMST_diff",8,-0.5,"small",0.4,25,"coarse_L",0.924152026448101,0.858500773417477,0.065651253030624,0.16295066135277,0.174921341978167,0.98,100
"Federated CCW","RMST_diff",2,-1,"medium",1,25,"correct",3.787914754732,3.80085387894506,-0.0129391242130615,0.652350155482976,0.649209164322622,0.99,100
"Federated CCW","RMST_diff",2,-1,"medium",1,25,"no_tv",4.11292784135135,3.80085387894506,0.312073962406287,0.587433076454972,0.662583580487911,0.96,100
"Federated CCW","RMST_diff",2,-1,"medium",1,25,"coarse_L",3.94476039989612,3.80085387894506,0.143906520951059,0.577108265004786,0.59197339198118,1,100
"Federated CCW","RMST_diff",5,-1,"medium",1,25,"correct",2.4117125485126,2.42954199126714,-0.0178294427545328,0.322655417331473,0.321532801093373,1,100
"Federated CCW","RMST_diff",5,-1,"medium",1,25,"no_tv",2.47288157154843,2.42954199126714,0.043339580281296,0.313545248602542,0.314969579342159,0.99,100
"Federated CCW","RMST_diff",5,-1,"medium",1,25,"coarse_L",2.5334795742442,2.42954199126714,0.103937582977063,0.321457565323281,0.336310329599984,0.98,100
"Federated CCW","RMST_diff",8,-1,"medium",1,25,"correct",1.89864767895343,1.91150841078624,-0.0128607318328056,0.309077559064977,0.307797086675076,0.94,100
"Federated CCW","RMST_diff",8,-1,"medium",1,25,"no_tv",1.8246762450949,1.91150841078624,-0.0868321656913386,0.273692613488479,0.285829311320621,0.96,100
"Federated CCW","RMST_diff",8,-1,"medium",1,25,"coarse_L",1.96194700120059,1.91150841078624,0.0504385904143555,0.322397285564711,0.324722436928965,0.91,100
"Federated CCW","RMST_diff",2,-0.7,"medium",1,25,"correct",2.44700755156972,2.61874108299344,-0.171733531423717,0.840244705054823,0.853488991460465,0.91,100
"Federated CCW","RMST_diff",2,-0.7,"medium",1,25,"no_tv",2.68306731968864,2.61874108299344,0.0643262366952038,0.901973302598394,0.89975449148177,0.93,100
"Federated CCW","RMST_diff",2,-0.7,"medium",1,25,"coarse_L",2.68022072171206,2.61874108299344,0.0614796387186239,0.932761750935476,0.930120306812567,0.88,100
"Federated CCW","RMST_diff",5,-0.7,"medium",1,25,"correct",1.62570681823089,1.69836049771415,-0.0726536794832666,0.580258063907111,0.58190289882797,0.85,100
"Federated CCW","RMST_diff",5,-0.7,"medium",1,25,"no_tv",1.76838088637596,1.69836049771415,0.0700203886618034,0.477016553782106,0.479762649113794,0.85,100
"Federated CCW","RMST_diff",5,-0.7,"medium",1,25,"coarse_L",1.76563298628354,1.69836049771415,0.0672724885693863,0.528210792194822,0.529851075585856,0.88,100
"Federated CCW","RMST_diff",8,-0.7,"medium",1,25,"correct",1.35570765618964,1.34562023897707,0.0100874172125626,0.353936207321182,0.352306523428667,0.96,100
"Federated CCW","RMST_diff",8,-0.7,"medium",1,25,"no_tv",1.32587696265585,1.34562023897707,-0.0197432763212252,0.280854836149808,0.280143608812953,0.97,100
"Federated CCW","RMST_diff",8,-0.7,"medium",1,25,"coarse_L",1.45726779616134,1.34562023897707,0.111647557184266,0.339138281379851,0.355429040996259,0.96,100
"Federated CCW","RMST_diff",2,-0.5,"medium",1,25,"correct",1.9298204628731,1.84038146532659,0.0894389975465197,0.876051218596317,0.876236506036,0.95,100
"Federated CCW","RMST_diff",2,-0.5,"medium",1,25,"no_tv",2.13715372239692,1.84038146532659,0.296772257070339,0.781399573796491,0.832197821167941,0.96,100
"Federated CCW","RMST_diff",2,-0.5,"medium",1,25,"coarse_L",2.18189742986934,1.84038146532659,0.341515964542759,0.841201475797592,0.903978361296761,1,100
"Federated CCW","RMST_diff",5,-0.5,"medium",1,25,"correct",1.36427438763271,1.20547707966547,0.158797307967239,0.487607751877609,0.510490246245574,0.95,100
"Federated CCW","RMST_diff",5,-0.5,"medium",1,25,"no_tv",1.36816184957328,1.20547707966547,0.162684769907812,0.493773393776331,0.517532972009842,0.95,100
"Federated CCW","RMST_diff",5,-0.5,"medium",1,25,"coarse_L",1.47006814659422,1.20547707966547,0.264591066928756,0.474555114416204,0.541256837140084,0.91,100
"Federated CCW","RMST_diff",8,-0.5,"medium",1,25,"correct",1.11064283814655,0.961489413733808,0.149153424412743,0.312040339409595,0.344444807913713,0.97,100
"Federated CCW","RMST_diff",8,-0.5,"medium",1,25,"no_tv",1.00593351827373,0.961489413733808,0.0444441045399176,0.318650865517849,0.320153508153005,0.98,100
"Federated CCW","RMST_diff",8,-0.5,"medium",1,25,"coarse_L",1.16202017154135,0.961489413733808,0.200530757807544,0.313454186922057,0.370787778726384,0.95,100
"Federated CCW","RMST_diff",2,-1,"strong",2,25,"correct",3.12298477221921,3.81340268711301,-0.690417914893794,0.98252055546642,1.19681664122003,0.88,100
"Federated CCW","RMST_diff",2,-1,"strong",2,25,"no_tv",3.13806018274711,3.81340268711301,-0.675342504365892,0.80375661126569,1.04673394014667,0.86,100
"Federated CCW","RMST_diff",2,-1,"strong",2,25,"coarse_L",3.29360545009582,3.81340268711301,-0.519797237017191,1.26550815841622,1.36223527983918,0.8,100
"Federated CCW","RMST_diff",5,-1,"strong",2,25,"correct",2.60773948127461,2.68750354122519,-0.0797640599505835,1.47731354938695,1.47207101568846,0.87,100
"Federated CCW","RMST_diff",5,-1,"strong",2,25,"no_tv",2.2865026288947,2.68750354122519,-0.401000912330493,0.821548419422081,0.910491141686869,0.78,100
"Federated CCW","RMST_diff",5,-1,"strong",2,25,"coarse_L",2.49185208300106,2.68750354122519,-0.195651458224132,1.1833423637681,1.19355588536717,0.82,100
"Federated CCW","RMST_diff",8,-1,"strong",2,25,"correct",2.0622562169824,2.15938097189966,-0.097124754917259,0.917268782489988,0.917824284465766,0.87,100
"Federated CCW","RMST_diff",8,-1,"strong",2,25,"no_tv",1.47648968343874,2.15938097189966,-0.682891288460918,0.658951719967993,0.946686699712265,0.75,100
"Federated CCW","RMST_diff",8,-1,"strong",2,25,"coarse_L",1.76182760739099,2.15938097189966,-0.39755336450867,0.690105440767523,0.793430363557717,0.79,100
"Federated CCW","RMST_diff",2,-0.7,"strong",2,25,"correct",2.26278766462799,2.63829403421436,-0.375506369586364,1.36497845077642,1.40909174398727,0.87,100
"Federated CCW","RMST_diff",2,-0.7,"strong",2,25,"no_tv",1.85822479637075,2.63829403421436,-0.780069237843609,0.953655385951642,1.22836152049506,0.75,100
"Federated CCW","RMST_diff",2,-0.7,"strong",2,25,"coarse_L",1.92376242461149,2.63829403421436,-0.714531609602864,1.13746072886949,1.33844468012121,0.81,100
"Federated CCW","RMST_diff",5,-0.7,"strong",2,25,"correct",2.14862154157288,1.89353651644522,0.255085025127657,1.9363037066998,1.94341135485464,0.77,100
"Federated CCW","RMST_diff",5,-0.7,"strong",2,25,"no_tv",1.71845137467714,1.89353651644522,-0.175085141768082,1.3206384212566,1.32563184488382,0.71,100
"Federated CCW","RMST_diff",5,-0.7,"strong",2,25,"coarse_L",1.79346127937039,1.89353651644522,-0.100075237074837,1.40607014333549,1.40259686602219,0.77,100
"Federated CCW","RMST_diff",8,-0.7,"strong",2,25,"correct",1.15012666705509,1.49856180557954,-0.348435138524451,0.976392835035987,1.03209330217043,0.76,100
"Federated CCW","RMST_diff",8,-0.7,"strong",2,25,"no_tv",0.76125378707314,1.49856180557954,-0.737308018506405,0.462906265513818,0.869346020120453,0.59,100
"Federated CCW","RMST_diff",8,-0.7,"strong",2,25,"coarse_L",0.872889856232065,1.49856180557954,-0.62567194934748,0.703044436571371,0.93850634158555,0.7,100
"Federated CCW","RMST_diff",2,-0.5,"strong",2,25,"correct",1.29130372884285,1.83320062381724,-0.541896894974394,1.74019523605356,1.81429019447567,0.75,100
"Federated CCW","RMST_diff",2,-0.5,"strong",2,25,"no_tv",1.06631415752198,1.83320062381724,-0.766886466295268,1.01275716417087,1.26630768576617,0.74,100
"Federated CCW","RMST_diff",2,-0.5,"strong",2,25,"coarse_L",1.08434221477784,1.83320062381724,-0.748858409039399,1.50896702862617,1.67779635097204,0.67,100
"Federated CCW","RMST_diff",5,-0.5,"strong",2,25,"correct",0.969681656891379,1.34794250784726,-0.378260850955885,1.03694793063351,1.09890385025376,0.82,100
"Federated CCW","RMST_diff",5,-0.5,"strong",2,25,"no_tv",0.609259892633706,1.34794250784726,-0.738682615213559,0.768064435805305,1.06286205774417,0.69,100
"Federated CCW","RMST_diff",5,-0.5,"strong",2,25,"coarse_L",0.73637042884108,1.34794250784726,-0.611572079006184,0.811329626613038,1.01276532978267,0.78,100
"Federated CCW","RMST_diff",8,-0.5,"strong",2,25,"correct",0.887153645106373,1.03856783340449,-0.151414188298118,0.760204051618796,0.771399607541147,0.87,100
"Federated CCW","RMST_diff",8,-0.5,"strong",2,25,"no_tv",0.310964885438744,1.03856783340449,-0.727602947965746,0.731376045879614,1.02906164109351,0.53,100
"Federated CCW","RMST_diff",8,-0.5,"strong",2,25,"coarse_L",0.594152235407796,1.03856783340449,-0.444415597996695,0.637730061641068,0.77468565169898,0.8,100
"CC-Gcomp","RMST_diff",2,-1,"small",0.4,25,"correct",3.85692362228242,3.79861853657404,0.0583050857083815,0.332995471750548,0.3364173113616,NA,100
"CC-Gcomp","RMST_diff",2,-1,"small",0.4,25,"no_tv",3.56589597781214,3.79861853657404,-0.232722558761906,0.353397172322146,0.421663912551127,NA,100
"CC-Gcomp","RMST_diff",2,-1,"small",0.4,25,"coarse_L",3.65537847030891,3.79861853657404,-0.14324006626513,0.330123472440497,0.358342585481057,NA,100
"CC-Gcomp","RMST_diff",5,-1,"small",0.4,25,"correct",2.52291533959674,2.29737493833465,0.225540401262083,0.164469064717005,0.278653988160692,NA,100
"CC-Gcomp","RMST_diff",5,-1,"small",0.4,25,"no_tv",2.32668684922532,2.29737493833465,0.0293119108906627,0.19931153022319,0.200467013094855,NA,100
"CC-Gcomp","RMST_diff",5,-1,"small",0.4,25,"coarse_L",2.39890234427553,2.29737493833465,0.101527405940877,0.176978704224257,0.203263526704846,NA,100
"CC-Gcomp","RMST_diff",8,-1,"small",0.4,25,"correct",1.83816834062492,1.69602919128171,0.142139149343214,0.10173165812071,0.174497492066109,NA,100
"CC-Gcomp","RMST_diff",8,-1,"small",0.4,25,"no_tv",1.66888553148405,1.69602919128171,-0.0271436597976611,0.117155632822027,0.119686950609169,NA,100
"CC-Gcomp","RMST_diff",8,-1,"small",0.4,25,"coarse_L",1.74968195077969,1.69602919128171,0.0536527594979771,0.103818288650205,0.116400486637395,NA,100
"CC-Gcomp","RMST_diff",2,-0.7,"small",0.4,25,"correct",2.66758182092095,2.63492614076516,0.0326556801557926,0.323517350243933,0.323547886094477,NA,100
"CC-Gcomp","RMST_diff",2,-0.7,"small",0.4,25,"no_tv",2.35846529324382,2.63492614076516,-0.276460847521335,0.3265529436796,0.426615818961004,NA,100
"CC-Gcomp","RMST_diff",2,-0.7,"small",0.4,25,"coarse_L",2.49900343728163,2.63492614076516,-0.135922703483529,0.323812844553857,0.349687277488546,NA,100
"CC-Gcomp","RMST_diff",5,-0.7,"small",0.4,25,"correct",1.82358895899355,1.61557277851707,0.208016180476481,0.141283660511455,0.251062130438394,NA,100
"CC-Gcomp","RMST_diff",5,-0.7,"small",0.4,25,"no_tv",1.59861343085508,1.61557277851707,-0.0169593476619886,0.1664840756464,0.16651545706786,NA,100
"CC-Gcomp","RMST_diff",5,-0.7,"small",0.4,25,"coarse_L",1.71127725575126,1.61557277851707,0.0957044772341916,0.151791449335364,0.178800404398555,NA,100
"CC-Gcomp","RMST_diff",8,-0.7,"small",0.4,25,"correct",1.32127944522795,1.20128404026569,0.119995404962258,0.0917926774029273,0.150799648144836,NA,100
"CC-Gcomp","RMST_diff",8,-0.7,"small",0.4,25,"no_tv",1.13378113497888,1.20128404026569,-0.0675029052868112,0.0952719721599145,0.116372777807386,NA,100
"CC-Gcomp","RMST_diff",8,-0.7,"small",0.4,25,"coarse_L",1.23145562821353,1.20128404026569,0.0301715879478368,0.0946859155823775,0.0989246839917644,NA,100
"CC-Gcomp","RMST_diff",2,-0.5,"small",0.4,25,"correct",1.91211655653279,1.85122454220699,0.0608920143257967,0.34387071532315,0.347523287819592,NA,100
"CC-Gcomp","RMST_diff",2,-0.5,"small",0.4,25,"no_tv",1.63387916533019,1.85122454220699,-0.217345376876806,0.373016760072272,0.430103593465095,NA,100
"CC-Gcomp","RMST_diff",2,-0.5,"small",0.4,25,"coarse_L",1.75690170216347,1.85122454220699,-0.0943228400435267,0.348754055719711,0.359596851517105,NA,100
"CC-Gcomp","RMST_diff",5,-0.5,"small",0.4,25,"correct",1.2528599642141,1.14714745904953,0.105712505164575,0.141418927436307,0.175995606919699,NA,100
"CC-Gcomp","RMST_diff",5,-0.5,"small",0.4,25,"no_tv",0.987905787032541,1.14714745904953,-0.159241672016989,0.170680212533516,0.232805342953609,NA,100
"CC-Gcomp","RMST_diff",5,-0.5,"small",0.4,25,"coarse_L",1.13810726906384,1.14714745904953,-0.00904018998569329,0.151684387251129,0.151194566163505,NA,100
"CC-Gcomp","RMST_diff",8,-0.5,"small",0.4,25,"correct",0.964729156420947,0.858500773417477,0.10622838300347,0.0868523959295571,0.136939310088263,NA,100
"CC-Gcomp","RMST_diff",8,-0.5,"small",0.4,25,"no_tv",0.762010562450102,0.858500773417477,-0.0964902109673747,0.0949235272963344,0.135021228281195,NA,100
"CC-Gcomp","RMST_diff",8,-0.5,"small",0.4,25,"coarse_L",0.871319552402054,0.858500773417477,0.0128187789845767,0.0856428566897132,0.0861723447958244,NA,100
"CC-Gcomp","RMST_diff",2,-1,"medium",1,25,"correct",3.92733014724796,3.80085387894506,0.126476268302894,0.298933351373468,0.323208575878743,NA,100
"CC-Gcomp","RMST_diff",2,-1,"medium",1,25,"no_tv",3.25705659980185,3.80085387894506,-0.543797279143207,0.321865858088983,0.63109201793469,NA,100
"CC-Gcomp","RMST_diff",2,-1,"medium",1,25,"coarse_L",3.55464131342124,3.80085387894506,-0.246212565523826,0.294460186946111,0.382701399398016,NA,100
"CC-Gcomp","RMST_diff",5,-1,"medium",1,25,"correct",2.67915024313189,2.42954199126714,0.249608251864758,0.151183477617238,0.291431224930305,NA,100
"CC-Gcomp","RMST_diff",5,-1,"medium",1,25,"no_tv",2.11590004914656,2.42954199126714,-0.313641942120573,0.192416908437727,0.367457877645004,NA,100
"CC-Gcomp","RMST_diff",5,-1,"medium",1,25,"coarse_L",2.39199586641211,2.42954199126714,-0.0375461248550228,0.173031609628356,0.176210811367813,NA,100
"CC-Gcomp","RMST_diff",8,-1,"medium",1,25,"correct",2.01266164569381,1.91150841078624,0.101153234907578,0.110497180794792,0.149397147316234,NA,100
"CC-Gcomp","RMST_diff",8,-1,"medium",1,25,"no_tv",1.52296930871897,1.91150841078624,-0.388539102067264,0.13586079456419,0.411383285732239,NA,100
"CC-Gcomp","RMST_diff",8,-1,"medium",1,25,"coarse_L",1.78212575197326,1.91150841078624,-0.129382658812972,0.119867543059846,0.175967093520141,NA,100
"CC-Gcomp","RMST_diff",2,-0.7,"medium",1,25,"correct",2.72111714285067,2.61874108299344,0.102376059857234,0.286896486506359,0.303261200389843,NA,100
"CC-Gcomp","RMST_diff",2,-0.7,"medium",1,25,"no_tv",2.04302821532732,2.61874108299344,-0.575712867666122,0.301179935598176,0.649035874252881,NA,100
"CC-Gcomp","RMST_diff",2,-0.7,"medium",1,25,"coarse_L",2.34735077087853,2.61874108299344,-0.271390312114914,0.288469988398864,0.395013273668876,NA,100
"CC-Gcomp","RMST_diff",5,-0.7,"medium",1,25,"correct",1.84795203845491,1.69836049771415,0.149591540740756,0.155028527693461,0.214874696081245,NA,100
"CC-Gcomp","RMST_diff",5,-0.7,"medium",1,25,"no_tv",1.23617929440203,1.69836049771415,-0.462181203312126,0.200610796447676,0.50344186300893,NA,100
"CC-Gcomp","RMST_diff",5,-0.7,"medium",1,25,"coarse_L",1.54628625157282,1.69836049771415,-0.152074246141336,0.170927378898219,0.228145969738457,NA,100
"CC-Gcomp","RMST_diff",8,-0.7,"medium",1,25,"correct",1.41627304325394,1.34562023897707,0.0706528042768679,0.104832465168108,0.125983197482346,NA,100
"CC-Gcomp","RMST_diff",8,-0.7,"medium",1,25,"no_tv",0.866744274413178,1.34562023897707,-0.478875964563895,0.136244975461444,0.497693937919788,NA,100
"CC-Gcomp","RMST_diff",8,-0.7,"medium",1,25,"coarse_L",1.17571833424127,1.34562023897707,-0.169901904735801,0.116009285015506,0.205402604415241,NA,100
"CC-Gcomp","RMST_diff",2,-0.5,"medium",1,25,"correct",1.93734688894512,1.84038146532659,0.0969654236185378,0.242785913906697,0.260303367955771,NA,100
"CC-Gcomp","RMST_diff",2,-0.5,"medium",1,25,"no_tv",1.2484911631956,1.84038146532659,-0.591890302130982,0.279494306571663,0.65396485111099,NA,100
"CC-Gcomp","RMST_diff",2,-0.5,"medium",1,25,"coarse_L",1.56326917048431,1.84038146532659,-0.27711229484228,0.238923095193971,0.36510906167288,NA,100
"CC-Gcomp","RMST_diff",5,-0.5,"medium",1,25,"correct",1.34890575368133,1.20547707966547,0.143428674015865,0.136622969112659,0.197613162168455,NA,100
"CC-Gcomp","RMST_diff",5,-0.5,"medium",1,25,"no_tv",0.680395922279862,1.20547707966547,-0.525081157385607,0.183214017803563,0.555825444180037,NA,100
"CC-Gcomp","RMST_diff",5,-0.5,"medium",1,25,"coarse_L",1.04192340770505,1.20547707966547,-0.16355367196042,0.151597963404244,0.222490284495678,NA,100
"CC-Gcomp","RMST_diff",8,-0.5,"medium",1,25,"correct",1.01006130568322,0.961489413733808,0.0485718919494125,0.106499631285454,0.116567484475062,NA,100
"CC-Gcomp","RMST_diff",8,-0.5,"medium",1,25,"no_tv",0.417588402621736,0.961489413733808,-0.543901011112073,0.12361690921748,0.557634861473682,NA,100
"CC-Gcomp","RMST_diff",8,-0.5,"medium",1,25,"coarse_L",0.754538928995658,0.961489413733808,-0.206950484738151,0.110930760581282,0.23454441037907,NA,100
"CC-Gcomp","RMST_diff",2,-1,"strong",2,25,"correct",3.96398249968279,3.81340268711301,0.150579812569786,0.200786868400966,0.250172925814517,NA,100
"CC-Gcomp","RMST_diff",2,-1,"strong",2,25,"no_tv",2.97892803327758,3.81340268711301,-0.834474653835423,0.256408535469157,0.872602906014284,NA,100
"CC-Gcomp","RMST_diff",2,-1,"strong",2,25,"coarse_L",3.47019621573524,3.81340268711301,-0.343206471377762,0.226351064570852,0.410503518113559,NA,100
"CC-Gcomp","RMST_diff",5,-1,"strong",2,25,"correct",2.87312910000312,2.68750354122519,0.185625558777923,0.145253836497822,0.235254199364812,NA,100
"CC-Gcomp","RMST_diff",5,-1,"strong",2,25,"no_tv",1.88994425492407,2.68750354122519,-0.797559286301118,0.209375378350196,0.824318193256611,NA,100
"CC-Gcomp","RMST_diff",5,-1,"strong",2,25,"coarse_L",2.49285508480652,2.68750354122519,-0.194648456418675,0.169790271880606,0.257737212383486,NA,100
"CC-Gcomp","RMST_diff",8,-1,"strong",2,25,"correct",2.29698005594643,2.15938097189966,0.137599084046768,0.105260979104905,0.172923633189369,NA,100
"CC-Gcomp","RMST_diff",8,-1,"strong",2,25,"no_tv",1.32038251052986,2.15938097189966,-0.838998461369793,0.163642831748666,0.8546517447474,NA,100
"CC-Gcomp","RMST_diff",8,-1,"strong",2,25,"coarse_L",1.94419335956463,2.15938097189966,-0.215187612335024,0.125651427079573,0.248869658291867,NA,100
"CC-Gcomp","RMST_diff",2,-0.7,"strong",2,25,"correct",2.81337213630236,2.63829403421436,0.175078102088006,0.226005126366644,0.284991010039441,NA,100
"CC-Gcomp","RMST_diff",2,-0.7,"strong",2,25,"no_tv",1.69437662242956,2.63829403421436,-0.943917411784793,0.272441798860019,0.982070449967274,NA,100
"CC-Gcomp","RMST_diff",2,-0.7,"strong",2,25,"coarse_L",2.29480278235188,2.63829403421436,-0.343491251862472,0.24010518840581,0.418402003568869,NA,100
"CC-Gcomp","RMST_diff",5,-0.7,"strong",2,25,"correct",2.01874534259396,1.89353651644522,0.125208826148739,0.157489165629525,0.200579308661991,NA,100
"CC-Gcomp","RMST_diff",5,-0.7,"strong",2,25,"no_tv",0.901823729952605,1.89353651644522,-0.991712786492619,0.188771058433398,1.00934256735263,NA,100
"CC-Gcomp","RMST_diff",5,-0.7,"strong",2,25,"coarse_L",1.58081200390483,1.89353651644522,-0.312724512540397,0.161301193220329,0.351503221789769,NA,100
"CC-Gcomp","RMST_diff",8,-0.7,"strong",2,25,"correct",1.63134304964908,1.49856180557954,0.132781244069533,0.126714988665004,0.183103741757237,NA,100
"CC-Gcomp","RMST_diff",8,-0.7,"strong",2,25,"no_tv",0.543472080038663,1.49856180557954,-0.955089725540882,0.16119897240379,0.968463546784676,NA,100
"CC-Gcomp","RMST_diff",8,-0.7,"strong",2,25,"coarse_L",1.22219994416089,1.49856180557954,-0.276361861418653,0.143911483253691,0.311254378778737,NA,100
"CC-Gcomp","RMST_diff",2,-0.5,"strong",2,25,"correct",1.95820212945788,1.83320062381724,0.125001505640633,0.27167038729928,0.297812235736567,NA,100
"CC-Gcomp","RMST_diff",2,-0.5,"strong",2,25,"no_tv",0.860869937766141,1.83320062381724,-0.972330686051102,0.304695172814217,1.01849777608472,NA,100
"CC-Gcomp","RMST_diff",2,-0.5,"strong",2,25,"coarse_L",1.46198621599425,1.83320062381724,-0.371214407822993,0.281701253758713,0.46514747874294,NA,100
"CC-Gcomp","RMST_diff",5,-0.5,"strong",2,25,"correct",1.36322495986659,1.34794250784726,0.0152824520193223,0.172430286276027,0.172245275490224,NA,100
"CC-Gcomp","RMST_diff",5,-0.5,"strong",2,25,"no_tv",0.104397247889118,1.34794250784726,-1.24354525995815,0.23058929285065,1.26453332155462,NA,100
"CC-Gcomp","RMST_diff",5,-0.5,"strong",2,25,"coarse_L",0.874243263020578,1.34794250784726,-0.473699244826687,0.190721314088058,0.510295843604839,NA,100
"CC-Gcomp","RMST_diff",8,-0.5,"strong",2,25,"correct",1.1744070222369,1.03856783340449,0.135839188832412,0.122405304903587,0.182443178289851,NA,100
"CC-Gcomp","RMST_diff",8,-0.5,"strong",2,25,"no_tv",0.0102413823233625,1.03856783340449,-1.02832645108113,0.178292540548981,1.043515997821,NA,100
"CC-Gcomp","RMST_diff",8,-0.5,"strong",2,25,"coarse_L",0.738505738796307,1.03856783340449,-0.300062094608184,0.146175207652926,0.333452815312306,NA,100
